time,latitude,longitude,depth,mag,magType,nst,gap,dmin,rms,net,id,updated,place,type,horizontalError,depthError,magError,magNst,status,locationSource,magSource
2024-12-31T23:13:20.048Z,-20.1826,-70.6231,35,5,mwr,37,129,0.47,0.83,us,us6000pgri,2025-03-08T22:39:14.040Z,"49 km W of Puerto, Chile",earthquake,3.29,1.918,0.061,26,reviewed,us,us
2024-12-31T20:09:41.043Z,-6.6675,150.5771,10,5.1,mb,61,46,2.753,0.74,us,us6000pgqb,2025-03-08T22:39:14.040Z,"124 km ESE of Kandrian, Papua New Guinea",earthquake,9.93,1.34,0.07,66,reviewed,us,us
2024-12-31T17:09:39.374Z,-4.05,151.6351,14.523,5,mb,59,78,0.45,0.97,us,us6000pgpd,2025-03-08T22:39:14.040Z,"60 km WNW of Rabaul, Papua New Guinea",earthquake,3.77,3.912,0.077,53,reviewed,us,us
2024-12-30T05:49:02.808Z,-17.6555,168.2183,66.612,5.1,mww,121,99,2.402,0.47,us,us6000pgf9,2025-03-08T22:39:13.040Z,"13 km NW of Port-Vila, Vanuatu",earthquake,8.57,6.575,0.065,23,reviewed,us,us
2024-12-30T05:41:06.678Z,-29.9272,-71.9959,10,5.5,mww,127,76,0.658,0.51,us,us6000pgf5,2025-03-08T22:39:13.040Z,"63 km W of Coquimbo, Chile",earthquake,3.75,1.829,0.058,29,reviewed,us,us
2024-12-30T05:40:49.297Z,-29.9251,-72.0531,10,5.5,mb,178,74,0.707,0.53,us,us6000pget,2025-03-08T22:39:13.040Z,"68 km W of Coquimbo, Chile",earthquake,2.09,1.786,0.025,546,reviewed,us,us
2024-12-30T02:56:16.807Z,18.4391,120.9038,34,5.5,mww,246,32,4.359,0.59,us,us6000pge2,2025-03-08T22:39:13.040Z,"18 km SE of Bangui, Philippines",earthquake,8.41,1.783,0.054,33,reviewed,us,us
2024-12-29T22:20:41.330Z,9.2754,40.0491,10,5.1,mww,48,115,1.404,0.72,us,us6000pgct,2025-03-08T22:39:12.040Z,"34 km NNW of Āwash, Ethiopia",earthquake,6.25,1.873,0.11,8,reviewed,us,us
2024-12-28T19:57:19.641Z,-20.4512,-177.8522,542.804,5.5,mww,100,78,4.716,0.67,us,us6000pg6r,2025-03-08T22:39:11.040Z,"277 km WNW of Houma, Tonga",earthquake,11.64,6.374,0.083,14,reviewed,us,us
2024-12-28T08:34:06.076Z,-52.1258,-4.8494,10,5.6,mww,72,86,18.991,0.59,us,us6000pg43,2025-03-08T22:39:11.040Z,"southern Mid-Atlantic Ridge",earthquake,7.75,1.763,0.086,13,reviewed,us,us
2024-12-28T05:09:40.073Z,-13.7767,-14.3932,10,5,mb,32,84,8.637,0.78,us,us6000pg3f,2025-03-08T22:39:11.040Z,"southern Mid-Atlantic Ridge",earthquake,12.97,1.898,0.103,30,reviewed,us,us
2024-12-28T01:52:16.583Z,-13.8824,-14.4898,10,5,mb,43,90,29.642,0.54,us,us6000pg2q,2025-03-08T22:39:11.040Z,"southern Mid-Atlantic Ridge",earthquake,11.85,1.87,0.094,36,reviewed,us,us
2024-12-27T19:10:05.808Z,37.3695,141.5863,45.48,5.3,mww,173,55,2.828,0.57,us,us6000pfz8,2025-03-08T22:39:11.040Z,"50 km E of Tomioka, Japan",earthquake,7.31,4.663,0.073,18,reviewed,us,us
2024-12-27T18:42:59.930Z,9.6146,126.2289,63,5.4,mww,220,23,2.609,0.69,us,us6000pfz1,2025-03-08T22:39:11.040Z,"20 km SE of Union, Philippines",earthquake,8.38,1.838,0.055,32,reviewed,us,us
2024-12-27T12:47:37.696Z,47.2996,151.236,146,6.8,mww,246,38,5.794,0.85,us,us6000pfw7,2025-03-08T22:39:10.040Z,"Kuril Islands",earthquake,8.35,1.931,0.037,72,reviewed,us,us
2024-12-27T10:43:49.391Z,19.5156,144.7414,416.134,5.3,mww,259,93,4.367,0.63,us,us6000pfvu,2025-12-27T10:53:52.918Z,"Maug Islands region, Northern Mariana Islands",earthquake,8.8,5.909,0.075,17,reviewed,us,us
2024-12-27T09:30:54.099Z,12.1603,143.9297,10,5.3,mww,157,91,1.69,0.47,us,us6000pfvi,2025-12-27T09:40:58.546Z,"146 km SSW of Merizo Village, Guam",earthquake,9.11,1.856,0.069,20,reviewed,us,us
2024-12-27T05:30:07.144Z,34.0302,-38.6982,10,5.9,mww,112,98,11.314,0.68,us,us6000pfuq,2025-03-08T22:39:10.040Z,"northern Mid-Atlantic Ridge",earthquake,11.24,1.885,0.037,70,reviewed,us,us
2024-12-26T21:02:25.395Z,30.5023,141.8517,7,5.8,mww,106,92,3.13,0.79,us,us6000pfs7,2025-03-08T22:39:10.040Z,"Izu Islands, Japan region",earthquake,3.65,1.828,0.051,37,reviewed,us,us
2024-12-26T10:26:20.024Z,8.473,125.927,24.23,5.3,mww,100,70,1.436,0.94,us,us6000pfph,2025-03-08T22:39:10.040Z,"3 km ESE of Borbon, Philippines",earthquake,8.13,3.957,0.059,28,reviewed,us,us
2024-12-26T00:52:39.508Z,7.3229,-75.298,52.19,5,mww,190,32,1.148,0.82,us,us6000pfmi,2025-03-08T22:39:10.040Z,"10 km ENE of Valdivia, Colombia",earthquake,5.3,5.242,0.066,22,reviewed,us,us
2024-12-25T21:39:29.258Z,50.5968,-130.2621,10,5,mww,32,142,1.357,1.14,us,us6000pflq,2025-03-08T22:39:10.040Z,"224 km W of Port McNeill, Canada",earthquake,4.42,1.868,0.04,60,reviewed,us,us
2024-12-25T06:34:48.763Z,-19.0858,-177.6396,458.667,5.6,mww,130,31,3.853,0.59,us,us6000pfjm,2025-03-08T22:39:09.040Z,"Fiji region",earthquake,9.95,5.299,0.089,12,reviewed,us,us
2024-12-24T22:42:25.776Z,-28.2047,-67.3646,138,5.9,mww,138,23,2.78,0.71,us,us6000pfi3,2025-03-08T22:39:09.040Z,"25 km SE of Tinogasta, Argentina",earthquake,6.9,1.851,0.032,93,reviewed,us,us
2024-12-24T05:39:34.842Z,24.6536,-46.1986,10,5,mww,99,94,16.202,0.69,us,us6000pi6f,2025-03-08T22:39:15.040Z,"northern Mid-Atlantic Ridge",earthquake,10.89,1.874,0.098,10,reviewed,us,us
2024-12-23T06:00:56.943Z,19.8862,-76.6255,7,5.9,mww,246,50,0.217,0.5,us,us7000p0uj,2025-03-08T22:39:18.040Z,"41 km SSW of Guisa, Cuba",earthquake,4.52,1.819,0.038,66,reviewed,us,us
2024-12-23T04:51:08.666Z,-11.0805,165.8553,57.023,5,mb,75,119,6.039,0.47,us,us7000p0ub,2025-03-08T22:39:18.040Z,"39 km S of Lata, Solomon Islands",earthquake,11.32,6.639,0.073,60,reviewed,us,us
2024-12-22T11:44:57.369Z,55.9537,-153.9737,27.4,5,mww,,,,0.65,ak,ak024gelo7o8,2025-02-27T17:30:55.040Z,"111 km S of Akhiok, Alaska",earthquake,,2.2,,,reviewed,ak,ak
2024-12-22T03:56:03.086Z,55.9603,-153.9543,2,5.2,mww,,,,0.72,ak,ak024gegz77l,2025-12-22T04:06:13.976Z,"110 km S of Akhiok, Alaska",earthquake,,1.2,,,reviewed,ak,ak
2024-12-22T02:31:24.140Z,-10.954,162.6049,45.912,5.1,mb,52,114,3.018,1,us,us7000p0nz,2025-02-27T17:30:54.040Z,"93 km SE of Kirakira, Solomon Islands",earthquake,11.31,7.709,0.085,45,reviewed,us,us
2024-12-22T00:51:05.219Z,-30.381,19.5557,10,5.2,mww,78,67,2.263,0.74,us,us7000p0n9,2025-02-27T17:30:54.040Z,"89 km W of Brandvlei, South Africa",earthquake,7.63,1.841,0.11,8,reviewed,us,us
2024-12-21T16:29:52.454Z,38.6595,21.6089,10,5,mwr,181,21,1.499,0.55,us,us7000p0m4,2025-02-27T17:30:54.040Z,"9 km ENE of Paravóla, Greece",earthquake,4.43,1.811,0.073,18,reviewed,us,us
2024-12-21T15:30:53.399Z,-17.7041,168.0033,47,6.1,mww,156,20,4.513,0.58,us,us7000p0lv,2025-02-27T17:30:54.040Z,"33 km W of Port-Vila, Vanuatu",earthquake,8.49,1.927,0.038,66,reviewed,us,us
2024-12-21T09:20:30.911Z,-20.0707,-173.3758,10,5,mb,50,53,3.399,1.06,us,us7000p0ks,2025-02-27T17:30:54.040Z,"105 km ESE of Fangale’ounga, Tonga",earthquake,10.01,1.854,0.084,45,reviewed,us,us
2024-12-20T22:29:02.221Z,29.4923,81.6099,10,5,mb,84,99,3.639,0.73,us,us7000p0hw,2025-02-27T17:30:54.040Z,"60 km WNW of Jumla, Nepal",earthquake,9.21,1.882,0.049,136,reviewed,us,us
2024-12-20T19:26:14.415Z,-6.9992,131.8226,10,5,mww,99,50,3.114,0.67,us,us7000p0ge,2025-02-27T17:30:54.040Z,"183 km SW of Tual, Indonesia",earthquake,6.89,1.734,0.069,20,reviewed,us,us
2024-12-20T18:22:39.340Z,-6.4479,105.0901,54.956,5,mww,145,41,2.734,0.93,us,us7000p0fh,2025-02-27T17:30:53.040Z,"82 km W of Labuan, Indonesia",earthquake,7.33,4.696,0.103,9,reviewed,us,us
2024-12-20T14:33:08.570Z,-11.79,166.1011,25.974,5.4,mww,76,114,6.485,0.92,us,us7000p0b5,2025-02-27T17:30:53.040Z,"122 km SSE of Lata, Solomon Islands",earthquake,10.34,5.231,0.062,25,reviewed,us,us
2024-12-20T14:10:42.216Z,-11.7728,166.1893,13.051,5,mb,47,156,6.56,0.72,us,us7000p0b2,2025-02-27T17:30:53.040Z,"123 km SSE of Lata, Solomon Islands",earthquake,9.38,5.336,0.083,46,reviewed,us,us
2024-12-19T20:30:06.829Z,-41.0907,-86.6059,10,5.3,mww,37,141,10.115,0.59,us,us7000p05e,2025-02-27T17:30:53.040Z,"West Chile Rise",earthquake,9.28,1.848,0.06,27,reviewed,us,us
2024-12-19T19:22:19.211Z,11.9512,126.6021,10,5.1,mww,117,98,4.954,0.59,us,us7000p04x,2025-02-27T17:30:53.040Z,"121 km ESE of San Policarpo, Philippines",earthquake,10.24,1.851,0.068,21,reviewed,us,us
2024-12-19T18:36:13.426Z,-20.1481,168.5242,10,5.1,mww,54,106,2.65,1.04,us,us7000p04r,2025-02-27T17:30:53.040Z,"103 km SW of Isangel, Vanuatu",earthquake,9.74,1.868,0.083,14,reviewed,us,us
2024-12-19T06:55:00.503Z,17.6226,119.6247,10,5.1,mb,92,106,5.346,0.71,us,us7000nzzc,2025-02-27T17:30:53.040Z,"78 km W of Cabittaogan, Philippines",earthquake,6.14,1.89,0.066,73,reviewed,us,us
2024-12-19T06:42:24.830Z,17.6019,119.5289,10,5.1,mb,70,118,5.763,0.63,us,us7000nzza,2025-02-27T17:30:53.040Z,"88 km W of Cabittaogan, Philippines",earthquake,12.35,1.901,0.075,57,reviewed,us,us
2024-12-19T02:07:02.512Z,-56.2848,147.3332,10,5.7,mww,54,68,6.851,0.93,us,us7000nzxv,2025-02-27T17:30:52.040Z,"west of Macquarie Island",earthquake,10.48,1.849,0.053,34,reviewed,us,us
2024-12-19T01:09:51.222Z,17.608,119.5738,10,5.1,mb,148,109,5.372,0.72,us,us7000nzxl,2025-02-27T17:30:52.040Z,"83 km W of Cabittaogan, Philippines",earthquake,9.77,1.875,0.052,122,reviewed,us,us
2024-12-18T20:12:51.935Z,-60.539,-26.5165,10,5,mb,42,214,8.257,0.33,us,us7000nzvy,2025-02-27T17:30:52.040Z,"South Sandwich Islands region",earthquake,15.06,1.915,0.098,33,reviewed,us,us
2024-12-18T17:53:26.610Z,-17.6764,167.9999,68.659,5.2,mww,126,50,4.528,0.73,us,us7000nzux,2025-02-27T17:30:52.040Z,"33 km WNW of Port-Vila, Vanuatu",earthquake,8.99,4.35,0.063,24,reviewed,us,us
2024-12-18T09:08:54.328Z,-35.9333,-102.102,10,5.2,mww,69,149,19.244,0.84,us,us7000nzrn,2025-02-27T17:30:52.040Z,"southeast of Easter Island",earthquake,14.77,1.903,0.08,15,reviewed,us,us
2024-12-18T04:09:12.942Z,-20.2333,-69.9153,59.258,5.2,mww,133,59,0.206,1.03,us,us7000nzpr,2025-02-27T17:30:52.040Z,"13 km W of Pozo Almonte, Chile",earthquake,6.47,5.094,0.066,22,reviewed,us,us
2024-12-18T00:29:08.951Z,33.5889,-38.58,10,5.1,mww,37,68,28.23,0.84,us,us7000nzp7,2025-02-27T17:30:52.040Z,"northern Mid-Atlantic Ridge",earthquake,12.82,1.897,0.071,19,reviewed,us,us
2024-12-17T22:10:40.305Z,-18.1662,-178.2957,549.327,5.6,mww,120,26,2.791,0.73,us,us7000nznb,2025-02-27T17:30:52.040Z,"252 km E of Levuka, Fiji",earthquake,10.04,5.085,0.089,12,reviewed,us,us
2024-12-17T21:41:09.942Z,-6.7821,130.2227,128.765,5.2,mww,94,44,2.267,0.52,us,us7000nzn6,2025-02-27T17:30:51.040Z,"Banda Sea",earthquake,10.16,4.524,0.075,17,reviewed,us,us
2024-12-17T18:17:23.998Z,-17.7053,168.1418,46,5.5,mww,166,22,4.614,0.62,us,us7000nzln,2025-02-27T17:30:51.040Z,"18 km W of Port-Vila, Vanuatu",earthquake,9.35,1.867,0.059,28,reviewed,us,us
2024-12-17T17:52:10.245Z,-48.1765,104.6186,10,5.2,mww,80,44,17.96,0.46,us,us7000nzlh,2025-02-27T17:30:51.040Z,"southeast Indian Ridge",earthquake,10.59,1.824,0.103,9,reviewed,us,us
2024-12-17T11:05:37.249Z,5.1686,127.4188,138.792,5,mb,109,37,2.629,0.7,us,us7000nzih,2025-02-27T17:30:51.040Z,"190 km SE of Pondaguitan, Philippines",earthquake,7.75,6.628,0.042,176,reviewed,us,us
2024-12-17T10:49:13.935Z,-17.6913,168.1182,46.776,5.2,mb,69,109,4.606,0.5,us,us7000nzig,2025-02-27T17:30:51.040Z,"21 km WNW of Port-Vila, Vanuatu",earthquake,10.06,5.852,0.075,59,reviewed,us,us
2024-12-17T09:22:31.550Z,8.3722,-103.1132,10,5.3,mww,127,183,10.151,0.44,us,us7000nzi3,2025-02-27T17:30:51.040Z,"northern East Pacific Rise",earthquake,11.18,1.927,0.086,13,reviewed,us,us
2024-12-17T07:37:38.870Z,9.6861,122.6582,35,5.1,mb,74,57,3.887,0.82,us,us7000nzhl,2025-02-27T17:30:51.040Z,"15 km SSE of Candoni, Philippines",earthquake,8.14,1.798,0.072,63,reviewed,us,us
2024-12-17T07:17:51.828Z,-60.3561,-28.624,10,5.3,mb,52,46,7.424,0.82,us,us7000nzhh,2025-02-27T17:30:51.040Z,"South Sandwich Islands region",earthquake,11.01,1.819,0.07,68,reviewed,us,us
2024-12-17T05:05:55.488Z,0.9225,-29.1417,10,5.3,mb,81,39,17.164,0.62,us,us7000nzgl,2025-02-27T17:30:51.040Z,"central Mid-Atlantic Ridge",earthquake,10.99,1.814,0.036,260,reviewed,us,us
2024-12-17T04:18:41.361Z,-17.8874,168.0086,30.324,5.4,mb,118,28,4.403,0.49,us,us7000nzgb,2025-02-27T17:30:51.040Z,"36 km WSW of Port-Vila, Vanuatu",earthquake,9.26,3.962,0.061,91,reviewed,us,us
2024-12-17T04:09:33.867Z,31.0848,130.3315,162.337,5.4,mb,252,75,0.436,0.71,us,us7000nzg7,2025-02-27T17:30:51.040Z,"20 km S of Makurazaki, Japan",earthquake,6.88,4.074,0.04,211,reviewed,us,us
2024-12-17T03:48:17.059Z,-17.9808,168.0051,42.546,5,mb,83,107,4.326,0.56,us,us7000nzg6,2025-02-27T17:30:51.040Z,"42 km SW of Port-Vila, Vanuatu",earthquake,10.85,5.688,0.073,60,reviewed,us,us
2024-12-17T03:37:43.306Z,-17.8564,167.9486,47.879,5,mb,51,49,4.377,0.73,us,us7000nzg0,2025-02-27T17:30:51.040Z,"40 km WSW of Port-Vila, Vanuatu",earthquake,9.72,5.635,0.094,36,reviewed,us,us
2024-12-17T01:53:13.001Z,-17.7504,168.0123,49.188,5.3,mb,24,80,2.418,0.65,us,us7000nzf4,2025-02-27T17:30:51.040Z,"31 km W of Port-Vila, Vanuatu",earthquake,8.55,3.593,0.137,18,reviewed,us,us
2024-12-17T01:47:25.741Z,-17.6914,168.0842,54.372,7.3,mww,246,18,2.386,0.64,us,us7000nzf3,2026-07-17T17:21:07.060Z,"24 km WNW of Port-Vila, Vanuatu",earthquake,6.75,4.068,0.036,73,reviewed,us,us
2024-12-16T14:07:48.936Z,13.211,145.6385,19.076,5,mb,66,101,0.838,0.62,us,us6000ph8y,2025-12-16T14:18:00.810Z,"88 km ESE of Yigo Village, Guam",earthquake,7.53,4.758,0.07,66,reviewed,us,us
2024-12-16T10:14:44.155Z,-3.8297,129.3035,24.808,5.5,mww,96,60,0.912,0.88,us,us7000nz8f,2025-02-27T17:30:50.040Z,"68 km SE of Amahai, Indonesia",earthquake,6.11,4.779,0.065,23,reviewed,us,us
2024-12-16T03:50:05.045Z,-1.2187,99.8064,57.78,5.1,mb,127,40,3.355,0.66,us,us7000nz6g,2025-02-27T17:30:50.040Z,"67 km WSW of Padang, Indonesia",earthquake,7.59,4.958,0.059,94,reviewed,us,us
2024-12-16T01:20:36.082Z,-62.4933,-161.8819,10,5.1,mww,22,73,18.273,1.25,us,us6000ph8b,2025-02-27T17:30:47.040Z,"Pacific-Antarctic Ridge",earthquake,14.78,1.743,0.11,8,reviewed,us,us
2024-12-16T00:09:46.958Z,36.5002,1.4923,9.304,5,mb,54,44,2.27,0.52,us,us7000nz5t,2025-02-27T17:30:50.040Z,"17 km ENE of Sidi Akkacha, Algeria",earthquake,8.72,4.574,0.064,78,reviewed,us,us
2024-12-15T21:42:38.965Z,52.864,160.2654,39.447,5.1,mb,122,83,0.991,0.89,us,us7000nz5a,2025-02-18T20:03:01.040Z,"112 km ESE of Petropavlovsk-Kamchatsky, Russia",earthquake,7.66,5.538,0.033,301,reviewed,us,us
2024-12-15T21:12:19.706Z,-47.2108,-13.263,10,5,mb,47,74,10.16,0.58,us,us7000nz57,2025-02-18T20:03:01.040Z,"southern Mid-Atlantic Ridge",earthquake,10.95,1.884,0.084,45,reviewed,us,us
2024-12-15T15:03:39.717Z,-18.7256,-175.265,232,5.9,mww,59,104,5.065,0.5,us,us7000nz38,2025-02-18T20:03:01.040Z,"135 km W of Neiafu, Tonga",earthquake,11.36,1.948,0.044,49,reviewed,us,us
2024-12-15T09:58:33.437Z,16.0802,-98.6778,10,5,mb,149,198,1.478,0.83,us,us7000nz1h,2025-02-18T20:03:00.040Z,"37 km SW of Santiago Tepextla, Mexico",earthquake,6.68,1.948,0.049,134,reviewed,us,us
2024-12-15T07:21:59.240Z,40.414166666667,-125.18366666667,10,5.25,mw,203,234,0.6455,0.21,nc,nc75103356,2025-02-18T20:03:00.040Z,"77 km WNW of Petrolia, CA",earthquake,0.97,31.61,,16,reviewed,nc,nc
2024-12-15T01:33:55.296Z,-8.3288,157.1814,10,5.1,mb,93,47,2.947,0.8,us,us7000nyyk,2025-02-18T20:03:00.040Z,"44 km ESE of Gizo, Solomon Islands",earthquake,8.8,1.76,0.056,104,reviewed,us,us
2024-12-15T00:07:53.316Z,-9.3134,67.0775,10,5.1,mww,38,77,12.398,0.6,us,us7000nyxw,2025-02-18T20:03:00.040Z,"Mid-Indian Ridge",earthquake,12.69,1.901,0.075,17,reviewed,us,us
2024-12-14T17:38:15.481Z,1.5829,126.5578,36.664,5.2,mww,175,44,1.142,0.67,us,us7000nyw2,2025-02-18T20:02:59.040Z,"127 km NW of Ternate, Indonesia",earthquake,6.45,4.8,0.093,11,reviewed,us,us
2024-12-14T10:20:26.865Z,-38.574,178.5483,10,5.2,mww,38,144,1.028,1.32,us,us7000nyuj,2025-02-18T20:02:59.040Z,"43 km ENE of Wainui, New Zealand",earthquake,7.32,1.941,0.058,29,reviewed,us,us
2024-12-14T03:00:47.468Z,-60.3888,-28.8822,10,5.3,mb,78,55,7.371,1.01,us,us7000nyrt,2025-02-18T20:02:58.040Z,"South Sandwich Islands region",earthquake,11.39,1.787,0.077,56,reviewed,us,us
2024-12-13T23:38:18.234Z,-35.33,-70.7256,109,6.4,mww,93,61,0.538,0.71,us,us7000nyqr,2025-08-08T12:19:38.293Z,"56 km ESE of Molina, Chile",earthquake,6.16,1.878,0.032,94,reviewed,us,us
2024-12-13T06:56:17.781Z,50.8662,-176.9958,10,5,mb,89,132,0.909,0.81,us,us7000nycy,2025-02-18T20:02:57.040Z,"114 km SSW of Adak, Alaska",earthquake,4.36,1.857,0.037,232,reviewed,us,us
2024-12-12T19:55:19.950Z,30.5343,141.8867,10,5.1,mb,106,119,3.12,0.59,us,us7000ny8l,2025-02-18T20:02:56.040Z,"Izu Islands, Japan region",earthquake,8.55,1.859,0.056,109,reviewed,us,us
2024-12-12T19:46:40.152Z,-11.9257,166.0867,10,5.2,mww,45,143,3.665,0.68,us,us7000ny8h,2025-02-18T20:02:56.040Z,"136 km SSE of Lata, Solomon Islands",earthquake,10.23,1.875,0.089,12,reviewed,us,us
2024-12-12T19:37:09.077Z,-12.0104,166.179,10,5.3,mww,62,76,3.558,0.57,us,us7000ny8e,2025-02-18T20:02:56.040Z,"148 km SSE of Lata, Solomon Islands",earthquake,7.72,1.88,0.069,20,reviewed,us,us
2024-12-12T17:29:51.136Z,-12.021,166.116,10,5.2,mww,61,141,3.566,0.58,us,us7000ny80,2025-02-18T20:02:56.040Z,"147 km SSE of Lata, Solomon Islands",earthquake,9.74,1.871,0.071,19,reviewed,us,us
2024-12-12T01:51:35.405Z,-14.987,-178.4335,10,5.5,mww,132,60,0.74,0.73,us,us7000ny28,2025-02-18T20:02:55.040Z,"82 km SSW of Leava, Wallis and Futuna",earthquake,6.32,1.787,0.062,25,reviewed,us,us
2024-12-11T20:57:12.773Z,-30.5243,-178.2075,49.38,5.1,mww,128,29,1.283,0.83,us,us7000nxya,2025-02-18T20:02:55.040Z,"Kermadec Islands, New Zealand",earthquake,9.23,4.201,0.08,15,reviewed,us,us
2024-12-11T16:43:59.405Z,-12.0283,166.1557,10,5.4,mww,95,44,3.547,0.7,us,us7000nxwu,2025-02-18T20:02:55.040Z,"149 km SSE of Lata, Solomon Islands",earthquake,4.65,1.863,0.063,24,reviewed,us,us
2024-12-11T10:23:35.347Z,-4.3369,102.6968,68.478,5.1,mb,83,53,0.259,0.52,us,us7000nxth,2025-02-18T20:02:55.040Z,"70 km WSW of Pagar Alam, Indonesia",earthquake,4.97,4.886,0.068,71,reviewed,us,us
2024-12-10T18:04:34.105Z,51.0964,-177.2531,20,5.9,mww,220,41,0.666,0.63,us,us7000nxnc,2025-02-18T20:02:54.040Z,"96 km SSW of Adak, Alaska",earthquake,4.4,0.681,0.041,57,reviewed,us,us
2024-12-10T07:50:56.059Z,-35.9913,53.4047,10,5.3,mww,72,51,12.293,0.58,us,us7000nxj8,2025-02-18T20:02:53.040Z,"Southwest Indian Ridge",earthquake,10.86,1.784,0.083,14,reviewed,us,us
2024-12-10T03:44:14.892Z,50.9314,-177.3197,10,5.1,mb,215,77,0.833,0.82,us,us7000nxhl,2025-02-18T20:02:52.040Z,"115 km SSW of Adak, Alaska",earthquake,3.86,1.762,0.042,185,reviewed,us,us
2024-12-09T23:08:31.577Z,39.1675,-119.0238,8,5.71,mwr,30,105,0.248,0.1163,nn,nn00888580,2026-07-17T16:57:32.978Z,"2024 Parker Butte, Nevada Earthquake",earthquake,,2.3971,,,reviewed,nn,nn
2024-12-09T17:34:04.969Z,54.177,-162.4476,35,5,mww,146,133,0.885,0.98,us,us7000nxcu,2026-07-17T19:57:13.751Z,"97 km SE of False Pass, Alaska",earthquake,3.66,1.874,0.073,18,reviewed,us,us
2024-12-09T17:25:21.272Z,-9.106,66.8004,10,5.6,mww,78,46,11.095,0.55,us,us7000nxct,2025-02-18T20:02:51.040Z,"Mid-Indian Ridge",earthquake,9.3,1.851,0.053,34,reviewed,us,us
2024-12-09T16:48:11.292Z,50.9904,-177.5184,14.578,5.3,mww,164,42,0.792,0.69,us,us7000nxbz,2025-02-18T20:02:51.040Z,"115 km SSW of Adak, Alaska",earthquake,4.17,3.407,0.066,22,reviewed,us,us
2024-12-09T16:31:44.297Z,51.0055,-177.6184,17,5.7,mww,190,32,0.771,0.86,us,us7000nxbs,2026-07-17T19:52:00.373Z,"118 km SW of Adak, Alaska",earthquake,4.4,1.758,0.05,38,reviewed,us,us
2024-12-09T14:00:09.873Z,-35.5103,-106.2072,10,5,mb,122,58,26.563,0.55,us,us7000nxb7,2025-02-18T20:02:51.040Z,"southern East Pacific Rise",earthquake,13.83,1.824,0.054,110,reviewed,us,us
2024-12-09T08:21:04.403Z,-6.6387,103.9098,35,5.1,mb,107,48,2.454,0.36,us,us7000nx9a,2025-02-18T20:02:50.040Z,"200 km SW of Bandar Lampung, Indonesia",earthquake,6.68,1.882,0.06,91,reviewed,us,us
2024-12-09T05:56:47.360Z,50.8208,-177.408,10,5.1,mb,211,129,0.948,0.53,us,us7000nx85,2025-02-18T20:02:50.040Z,"128 km SSW of Adak, Alaska",earthquake,3.92,1.573,0.029,383,reviewed,us,us
2024-12-09T03:50:29.291Z,13.2899,-87.8532,10,5.6,mww,130,72,0.491,0.63,us,us7000nx79,2025-07-08T02:36:57.017Z,"2 km SSE of Conchagua, El Salvador",earthquake,5.98,1.838,0.036,75,reviewed,us,us
2024-12-09T03:38:12.366Z,50.7985,-177.4463,10,5.1,mb,203,129,0.973,0.59,us,us7000nx6z,2025-02-18T20:02:49.040Z,"132 km SSW of Adak, Alaska",earthquake,4.14,1.803,0.043,173,reviewed,us,us
2024-12-09T03:31:56.395Z,50.7926,-177.5273,10,5.6,mww,198,130,0.987,0.61,us,us7000nx6s,2025-02-18T20:02:49.040Z,"135 km SSW of Adak, Alaska",earthquake,3.85,1.802,0.098,10,reviewed,us,us
2024-12-09T03:30:23.183Z,50.7894,-177.4811,10,5.2,mb,158,134,0.986,0.63,us,us7000nx6r,2025-02-18T20:02:49.040Z,"134 km SSW of Adak, Alaska",earthquake,4.15,1.8,0.051,126,reviewed,us,us
2024-12-09T03:26:40.907Z,50.9203,-177.5413,20,5.7,mww,270,84,0.864,0.54,us,us7000nx6q,2025-02-18T20:02:49.040Z,"123 km SSW of Adak, Alaska",earthquake,4.54,1.782,0.047,44,reviewed,us,us
2024-12-09T00:39:50.242Z,50.7143,-177.0971,10,5.5,mb,81,112,1.052,0.89,us,us7000nymn,2026-07-17T20:25:50.061Z,"132 km SSW of Adak, Alaska",earthquake,4.9,1.872,0.077,59,reviewed,us,us
2024-12-09T00:38:52.848Z,50.8586,-177.443,10,6.1,mww,132,73,0.914,0.72,us,us7000nx5z,2026-07-17T17:45:42.157Z,"126 km SSW of Adak, Alaska",earthquake,3.8,1.741,0.039,63,reviewed,us,us
2024-12-09T00:30:38.526Z,50.8375,-177.2197,10,5.2,mb,101,130,0.925,0.85,us,us7000nx5y,2025-02-18T20:02:48.040Z,"122 km SSW of Adak, Alaska",earthquake,3.88,1.715,0.035,276,reviewed,us,us
2024-12-09T00:22:08.228Z,50.8216,-177.0911,10,5.2,mb,105,94,0.946,0.56,us,us7000nx66,2025-02-18T20:02:48.040Z,"121 km SSW of Adak, Alaska",earthquake,4.04,1.801,0.069,70,reviewed,us,us
2024-12-09T00:21:51.775Z,50.8157,-177.1953,10,5,mb,93,175,0.947,0.69,us,us7000nx5u,2025-02-18T20:02:48.040Z,"124 km SSW of Adak, Alaska",earthquake,4.13,1.273,0.084,45,reviewed,us,us
2024-12-09T00:15:30.691Z,50.9985,-177.1779,19,6.3,mww,147,40,0.765,0.61,us,us7000nx5r,2025-02-18T20:02:48.040Z,"104 km SSW of Adak, Alaska",earthquake,4.24,1.757,0.032,91,reviewed,us,us
2024-12-08T21:02:49.063Z,50.8303,-177.2981,10,5.8,mww,130,128,1.001,0.95,us,us7000nx4k,2026-07-17T19:48:15.767Z,"124 km SSW of Adak, Alaska",earthquake,4.61,1.862,0.078,16,reviewed,us,us
2024-12-08T20:39:20.454Z,51.0688,-177.2241,10,5.4,mww,130,55,0.787,0.87,us,us7000nx4d,2025-02-15T18:31:08.040Z,"98 km SSW of Adak, Alaska",earthquake,4.6,1.849,0.065,23,reviewed,us,us
2024-12-08T20:27:27.630Z,-9.1484,-109.7729,10,5.1,mb,148,148,17.887,0.55,us,us7000nx4r,2025-02-15T18:31:09.040Z,"central East Pacific Rise",earthquake,13.7,1.917,0.039,211,reviewed,us,us
2024-12-08T19:57:08.602Z,51.0018,-177.3278,18,6.3,mww,178,52,0.763,1.21,us,us7000nx3z,2025-02-15T18:31:06.040Z,"108 km SSW of Adak, Alaska",earthquake,4.3,1.84,0.033,86,reviewed,us,us
2024-12-08T18:07:49.830Z,-9.3184,-109.9235,10,5.6,mww,108,162,17.722,0.73,us,us7000nx3l,2025-02-15T18:31:04.040Z,"central East Pacific Rise",earthquake,13.63,1.908,0.063,24,reviewed,us,us
2024-12-08T16:41:20.301Z,-8.8293,-109.3827,10,5.5,mww,84,176,20.134,0.84,us,us7000nx3e,2025-02-15T18:31:03.040Z,"central East Pacific Rise",earthquake,14.96,1.895,0.08,15,reviewed,us,us
2024-12-08T16:26:06.296Z,-8.9965,-109.5871,10,5.3,mww,60,213,20.386,0.81,us,us7000nx3c,2025-02-15T18:31:03.040Z,"central East Pacific Rise",earthquake,11.9,1.937,0.075,17,reviewed,us,us
2024-12-08T10:25:00.081Z,48.867,152.3071,207,6,mww,352,47,5.442,0.54,us,us7000nx17,2025-02-15T18:30:58.040Z,"Kuril Islands",earthquake,8.83,1.908,0.035,79,reviewed,us,us
2024-12-08T02:44:29.538Z,1.2221,126.3376,36.878,5,mb,61,71,1.122,0.96,us,us7000nwza,2025-02-15T18:30:54.040Z,"125 km WNW of Ternate, Indonesia",earthquake,8.28,5.974,0.06,88,reviewed,us,us
2024-12-08T01:49:44.842Z,64.6401,-17.3171,10,5.1,mww,97,44,1.726,0.8,us,us7000nwz5,2025-02-15T18:30:53.040Z,"110 km WNW of Höfn, Iceland",earthquake,7.07,1.806,0.045,48,reviewed,us,us
2024-12-07T23:25:12.596Z,-20.9885,-173.558,10,5.4,mb,45,115,3.908,1.39,us,us7000nwyv,2025-02-15T18:30:52.040Z,"150 km ENE of ‘Ohonua, Tonga",earthquake,10.35,1.871,0.051,130,reviewed,us,us
2024-12-07T17:31:59.483Z,-40.3557,-16.7546,10,5.9,mww,172,25,4.778,0.76,us,us7000nwwp,2025-02-15T18:30:47.040Z,"southern Mid-Atlantic Ridge",earthquake,9.18,1.725,0.103,9,reviewed,us,us
2024-12-07T09:41:25.968Z,-2.1059,124.4895,10,5.1,mb,78,45,2.016,0.85,us,us7000nwuw,2025-02-15T18:30:43.040Z,"165 km W of Sanana, Indonesia",earthquake,7.15,1.797,0.064,79,reviewed,us,us
2024-12-07T06:26:27.323Z,-38.9157,-73.5759,36.959,5.3,mww,97,139,0.97,1.14,us,us7000nwtv,2025-02-16T07:30:39.673Z,"42 km WSW of Carahue, Chile",earthquake,7.94,5.895,0.052,35,reviewed,us,us
2024-12-07T02:17:11.159Z,-36.8307,-96.1882,10,5.4,mww,72,112,14.538,0.57,us,us7000nx9m,2025-02-15T18:31:12.040Z,"West Chile Rise",earthquake,11.69,1.903,0.05,39,reviewed,us,us
2024-12-06T17:15:00.515Z,1.5039,121.1742,32.854,5.5,mww,186,29,0.553,0.89,us,us7000nwmn,2026-07-23T13:45:47.816Z,"235 km WNW of Gorontalo, Indonesia",earthquake,5.27,3.35,0.056,31,reviewed,us,us
2024-12-06T10:28:40.561Z,-19.665,-174.4239,62.253,5.1,mb,84,75,4.285,0.68,us,us7000nwid,2025-02-15T18:30:22.040Z,"14 km NW of Fangale’ounga, Tonga",earthquake,10.99,6.925,0.059,94,reviewed,us,us
2024-12-05T21:56:40.216Z,-18.9934,-172.8301,10,5,mb,22,146,2.747,0.61,us,us7000nzu0,2025-02-15T18:31:36.040Z,"127 km ESE of Neiafu, Tonga",earthquake,6.61,1.901,0.126,24,reviewed,us,us
2024-12-05T19:41:07.777Z,-4.1747,-104.4525,10,5.1,mb,76,105,13.966,0.89,us,us7000nw8z,2025-02-15T18:29:54.040Z,"central East Pacific Rise",earthquake,13.02,1.912,0.065,76,reviewed,us,us
2024-12-05T18:44:21.110Z,40.374,-125.02166666667,10,7,mw,172,229,0.5261,0.23,nc,nc75095651,2026-07-17T16:45:27.673Z,"2024 Offshore Cape Mendocino, California Earthquake",earthquake,0.63,31.61,0.018,303,reviewed,nc,nc
2024-12-05T16:51:20.278Z,-55.9482,-27.9128,111.734,5.1,mww,87,46,5.197,0.95,us,us7000nw6g,2025-02-15T18:29:48.040Z,"South Sandwich Islands region",earthquake,9.63,4.571,0.139,5,reviewed,us,us
2024-12-05T13:39:52.236Z,-23.3549,-66.702,208.836,5.2,mww,92,48,1.417,1.01,us,us7000nw44,2025-02-15T18:29:45.040Z,"103 km NNW of San Antonio de los Cobres, Argentina",earthquake,5.69,4.392,0.071,19,reviewed,us,us
2024-12-05T11:48:03.206Z,52.1082,-170.8903,38.284,5.6,mww,149,58,0.904,0.91,us,us7000nw3f,2025-02-15T18:29:42.040Z,"165 km SW of Nikolski, Alaska",earthquake,5.94,4.572,0.066,22,reviewed,us,us
2024-12-05T06:21:22.894Z,32.8339,73.7141,10,5.2,mb,154,28,0.896,0.53,us,us7000nw1v,2025-02-15T18:29:39.040Z,"8 km SSW of Sarai Alamgir, Pakistan",earthquake,2.49,1.841,0.049,140,reviewed,us,us
2024-12-05T05:38:47.481Z,31.8637,49.5366,10,5,mww,166,59,4.491,0.59,us,us7000nw1s,2025-02-15T18:29:39.040Z,"23 km ESE of Masjed Soleymān, Iran",earthquake,9.85,1.861,0.073,18,reviewed,us,us
2024-12-05T04:02:40.681Z,31.7601,49.569,17,5.4,mww,141,25,4.577,0.73,us,us7000nw1c,2025-02-15T18:29:36.040Z,"31 km SE of Masjed Soleymān, Iran",earthquake,7.05,1.837,0.089,12,reviewed,us,us
2024-12-04T16:53:01.908Z,24.8543,128.0555,10,5,mb,120,103,1.983,0.68,us,us7000nvxl,2025-02-15T18:29:30.040Z,"146 km SSE of Itoman, Japan",earthquake,8.04,1.855,0.059,91,reviewed,us,us
2024-12-04T07:11:47.482Z,-43.8524,-81.8305,10,5.3,mww,93,73,6.089,1.14,us,us7000nvts,2025-02-15T18:29:24.040Z,"West Chile Rise",earthquake,10.65,1.788,0.066,22,reviewed,us,us
2024-12-04T01:56:58.775Z,18.4471,80.3296,10,5,mb,108,51,9.992,0.65,us,us7000nvs3,2025-02-15T18:29:21.040Z,"49 km NE of Mulugu, India",earthquake,7.19,1.862,0.059,92,reviewed,us,us
2024-12-04T00:09:30.407Z,23.6859,123.2599,10,5,mb,48,92,0.81,0.64,us,us7000nvrp,2025-02-15T18:29:20.040Z,"90 km SSE of Yonakuni, Japan",earthquake,4.11,1.892,0.103,30,reviewed,us,us
2024-12-03T18:54:41.788Z,18.5003,120.7963,34,5.7,mww,181,19,4.304,0.92,us,us7000nvpy,2025-02-15T18:29:17.040Z,"5 km SE of Bangui, Philippines",earthquake,8.11,1.774,0.043,51,reviewed,us,us
2024-12-03T16:57:07.550Z,53.9198,160.4762,65.559,5,mww,210,81,1.414,0.6,us,us7000nvpl,2025-02-15T18:29:16.040Z,"148 km SE of Mil’kovo, Russia",earthquake,8.73,5.36,0.086,13,reviewed,us,us
2024-12-03T16:09:11.776Z,4.8557,126.4225,14.196,5.1,mww,239,26,0.948,0.64,us,us7000nvnb,2025-02-15T18:29:14.040Z,"122 km ESE of Sarangani, Philippines",earthquake,4.63,3.01,0.062,25,reviewed,us,us
2024-12-03T08:06:04.775Z,-21.1248,-178.8369,583.787,5.4,mww,119,23,4.463,0.72,us,us7000nvkt,2025-02-15T18:29:10.040Z,"Fiji region",earthquake,10.39,5.737,0.093,11,reviewed,us,us
2024-12-03T07:29:29.685Z,-41.1787,85.6711,10,5.1,mb,68,62,7.117,0.79,us,us7000nvkm,2025-02-15T18:29:09.040Z,"southeast Indian Ridge",earthquake,9.23,1.741,0.073,60,reviewed,us,us
2024-12-02T15:11:52.922Z,-48.7259,106.5354,10,5,mb,43,97,20.944,0.45,us,us7000nvg1,2025-02-15T18:29:00.040Z,"southeast Indian Ridge",earthquake,12.01,1.739,0.111,26,reviewed,us,us
2024-12-02T01:01:11.804Z,13.1373,146.9085,10,5,mb,109,45,2.036,0.51,us,us7000nvcm,2025-12-02T01:11:15.535Z,"223 km ESE of Yigo Village, Guam",earthquake,7.62,1.801,0.06,90,reviewed,us,us
2024-12-01T06:12:22.543Z,-35.6747,78.3733,10,5,mb,52,84,2.214,0.67,us,us7000nv8n,2025-02-02T00:54:26.040Z,"Mid-Indian Ridge",earthquake,10.66,1.81,0.073,60,reviewed,us,us
2024-11-30T15:08:50.569Z,19.3496,-108.5141,10,5.4,mww,189,72,3.603,0.56,us,us7000nv52,2025-02-02T00:54:09.040Z,"Revilla Gigedo Islands region",earthquake,8.94,1.842,0.036,75,reviewed,us,us
2024-11-30T13:15:40.557Z,-24.0403,179.7868,531.352,5.1,mww,66,71,5.572,0.86,us,us7000nv4l,2025-02-02T00:54:05.040Z,"south of the Fiji Islands",earthquake,11.87,6.634,0.103,9,reviewed,us,us
2024-11-30T10:33:40.240Z,17.5037,145.8664,198.532,5.1,mb,111,47,2.251,1.04,us,us7000nv43,2025-11-30T10:43:48.841Z,"253 km N of Saipan, Northern Mariana Islands",earthquake,9.05,5.222,0.025,519,reviewed,us,us
2024-11-30T09:07:01.883Z,23.8314,123.383,19.908,5.2,mww,80,76,0.718,0.93,us,us7000nv3k,2025-02-02T00:54:00.040Z,"80 km SSE of Yonakuni, Japan",earthquake,6.24,4.865,0.08,15,reviewed,us,us
2024-11-30T08:46:16.409Z,25.3021,126.0218,49.015,5.7,mww,257,62,1.866,0.65,us,us7000nv3a,2025-02-02T00:53:59.040Z,"91 km NE of Hirara, Japan",earthquake,7.24,6.07,0.04,59,reviewed,us,us
2024-11-30T00:36:00.326Z,-8.8882,-81.0822,10,5.2,mww,93,156,5.184,1,us,us7000nv14,2025-02-02T00:53:46.040Z,"227 km WSW of Santiago de Cao, Peru",earthquake,7.86,1.623,0.052,35,reviewed,us,us
2024-11-28T18:41:42.973Z,-28.9149,-176.9352,35,5,mww,63,104,0.929,0.64,us,us7000nuta,2025-02-02T00:53:13.040Z,"Kermadec Islands region",earthquake,10.33,0.498,0.083,14,reviewed,us,us
2024-11-28T15:40:55.370Z,-20.3197,67.89,10,5,mww,39,51,4.286,1.09,us,us7000nuru,2025-02-02T00:53:05.040Z,"Mid-Indian Ridge",earthquake,12.06,1.863,0.086,13,reviewed,us,us
2024-11-27T22:03:56.840Z,-37.6381,179.6542,19,5.8,mww,171,45,1.073,0.91,us,us7000nula,2025-02-02T00:52:45.040Z,"119 km E of Hicks Bay, New Zealand",earthquake,8.19,1.753,0.046,46,reviewed,us,us
2024-11-27T21:58:45.297Z,15.4608,120.8046,182,5.7,mww,242,30,7.322,0.61,us,us7000nul8,2025-02-02T00:52:45.040Z,"1 km NNE of Concepcion, Philippines",earthquake,9.33,1.884,0.044,50,reviewed,us,us
2024-11-27T20:34:40.038Z,48.5992,100.2142,10,5,mb,92,40,4.202,0.62,us,us7000nuku,2025-02-02T00:52:43.040Z,"109 km SSW of Tsengel, Mongolia",earthquake,8.17,1.842,0.066,74,reviewed,us,us
2024-11-27T18:06:50.098Z,-59.2025,149.2152,10,5,mww,13,131,7.114,0.65,us,us7000nxwc,2025-02-02T00:55:14.040Z,"west of Macquarie Island",earthquake,15.44,1.502,0.089,12,reviewed,us,us
2024-11-27T08:59:03.951Z,9.1414,126.6882,6.194,5,mb,70,62,2.333,1.16,us,us7000nug7,2025-02-02T00:52:27.040Z,"49 km ENE of Bacolod, Philippines",earthquake,6.1,3.576,0.065,75,reviewed,us,us
2024-11-26T21:01:48.220Z,49.307,155.4628,51.585,5.4,mww,132,49,4.058,0.62,us,us7000nuc0,2025-02-02T00:52:11.040Z,"159 km SSW of Severo-Kuril’sk, Russia",earthquake,8.89,4.372,0.061,26,reviewed,us,us
2024-11-26T13:47:03.411Z,36.9549,136.3653,8,6.1,mww,321,10,1.532,0.74,us,us7000nu90,2025-02-02T00:52:03.040Z,"38 km WNW of Hakui, Japan",earthquake,5.42,1.69,0.036,73,reviewed,us,us
2024-11-26T12:33:09.423Z,-30.4554,-71.3521,47.097,5.1,mww,196,93,0.327,0.55,us,us7000nu8n,2025-02-02T00:52:00.040Z,"21 km NW of Ovalle, Chile",earthquake,5.98,4.506,0.093,11,reviewed,us,us
2024-11-26T07:55:04.469Z,-2.903,129.3838,10,5,mb,80,45,1.69,0.69,us,us7000nu7t,2025-02-02T00:51:54.040Z,"63 km NE of Masohi, Indonesia",earthquake,6.52,1.717,0.06,89,reviewed,us,us
2024-11-26T04:31:21.640Z,38.7149,142.1147,44.201,5.3,mww,193,61,2.224,0.48,us,us7000nu6z,2025-09-26T21:21:02.048Z,"52 km SE of Ōfunato, Japan",earthquake,8.25,4.766,0.063,24,reviewed,us,us
2024-11-25T15:37:42.187Z,29.2609,140.7624,94.022,5,mww,149,24,2.496,1.09,us,us6000p7l3,2025-02-02T00:50:42.040Z,"Izu Islands, Japan region",earthquake,7.13,5.237,0.068,21,reviewed,us,us
2024-11-24T07:58:36.433Z,-11.2689,34.7704,10,5,mb,61,49,7.545,0.8,us,us6000p7ec,2025-01-30T17:00:33.040Z,"1 km NNE of Mbamba Bay, Tanzania",earthquake,8.28,1.795,0.082,47,reviewed,us,us
2024-11-23T23:55:54.209Z,-55.584,158.4021,10,5.1,mb,37,131,1.131,0.96,us,us6000p7c2,2025-01-30T17:00:33.040Z,"Macquarie Island region",earthquake,7.31,1.916,0.102,31,reviewed,us,us
2024-11-23T19:04:30.553Z,-17.8504,-178.5153,587.878,5.9,mww,182,23,2.439,0.73,us,us6000p7aq,2025-01-30T17:00:33.040Z,"230 km E of Levuka, Fiji",earthquake,10.36,5.539,0.056,31,reviewed,us,us
2024-11-23T14:43:18.846Z,-4.1071,142.954,89.517,5,mww,71,50,2.748,0.77,us,us6000p79h,2025-01-30T17:00:32.040Z,"19 km NE of Ambunti, Papua New Guinea",earthquake,6.48,5.784,0.11,8,reviewed,us,us
2024-11-23T10:47:50.678Z,-2.8084,145.7523,10,5.1,mb,52,41,1.783,0.86,us,us6000p78j,2025-01-30T17:00:32.040Z,"189 km WSW of Lorengau, Papua New Guinea",earthquake,7.68,1.873,0.069,69,reviewed,us,us
2024-11-23T10:25:35.232Z,-2.8697,145.7214,10,5.1,mb,47,42,1.837,0.51,us,us6000p78e,2025-01-30T17:00:32.040Z,"195 km WSW of Lorengau, Papua New Guinea",earthquake,8.31,1.847,0.068,71,reviewed,us,us
2024-11-22T11:25:19.848Z,-53.0712,19.6854,10,5,mb,34,53,20.695,0.5,us,us6000p6z5,2025-01-30T17:00:32.040Z,"southwest of Africa",earthquake,9.22,1.826,0.102,31,reviewed,us,us
2024-11-22T07:51:05.718Z,2.5891,128.2336,68.892,5.1,mww,77,36,2.002,0.87,us,us6000p6y6,2025-01-30T17:00:32.040Z,"98 km NNE of Tobelo, Indonesia",earthquake,7.48,6.601,0.103,9,reviewed,us,us
2024-11-21T15:39:48.401Z,11.7017,144.3333,10,5,mww,80,65,1.947,0.72,us,us6000p6s7,2025-11-21T15:50:04.326Z,"176 km SSW of Merizo Village, Guam",earthquake,10.61,1.823,0.117,7,reviewed,us,us
2024-11-21T12:12:53.535Z,-2.32,138.9634,35.773,5.2,mb,53,65,6.734,0.62,us,us6000p6r8,2025-01-30T17:00:31.040Z,"188 km W of Abepura, Indonesia",earthquake,9.62,5.192,0.058,97,reviewed,us,us
2024-11-21T04:59:15.218Z,29.2777,51.2977,10,5,mb,137,70,6.142,0.57,us,us6000p6pu,2025-01-30T17:00:31.040Z,"7 km E of Borāzjān, Iran",earthquake,8.17,1.856,0.05,126,reviewed,us,us
2024-11-20T18:44:13.288Z,-17.1616,-174.4037,169.488,5.1,mww,95,135,4.104,0.56,us,us6000p6m3,2025-01-30T17:00:31.040Z,"148 km SSW of Hihifo, Tonga",earthquake,12.62,5.748,0.086,13,reviewed,us,us
2024-11-20T15:09:04.939Z,46.4137,136.0994,437.348,5.1,mb,279,23,3.648,0.88,us,us6000p6j0,2025-01-30T17:00:31.040Z,"21 km ESE of Vostok, Russia",earthquake,9.09,5.824,0.025,511,reviewed,us,us
2024-11-20T14:55:42.678Z,18.1848,145.4512,289.199,5,mb,230,30,2.952,0.62,us,us6000p6iz,2025-11-20T15:06:00.798Z,"Pagan region, Northern Mariana Islands",earthquake,8.83,6.95,0.029,385,reviewed,us,us
2024-11-20T14:43:51.351Z,79.8553,1.618,2.408,5.7,mww,311,48,2.131,0.45,us,us6000p6iv,2025-01-30T17:00:31.040Z,"Greenland Sea",earthquake,8.87,3.712,0.049,40,reviewed,us,us
2024-11-20T10:42:56.316Z,-20.7318,-176.3434,212.565,5.5,mww,196,50,5.867,0.45,us,us6000p6id,2025-01-30T17:00:31.040Z,"118 km WNW of Houma, Tonga",earthquake,11.8,6.695,0.05,38,reviewed,us,us
2024-11-20T09:26:28.745Z,-12.0635,165.7646,10,5.3,mww,59,131,3.642,0.81,us,us6000p6i8,2025-01-30T17:00:31.040Z,"148 km S of Lata, Solomon Islands",earthquake,9.41,1.906,0.078,16,reviewed,us,us
2024-11-19T18:36:11.645Z,34.0768,138.3387,249.022,5,mww,128,34,1.561,0.6,us,us6000p6ev,2025-09-14T12:18:46.367Z,"59 km S of Ōyama, Japan",earthquake,7.21,5.061,0.063,24,reviewed,us,us
2024-11-19T08:34:02.404Z,6.1462,126.1658,105.102,5.1,mww,110,29,1.087,0.96,us,us7000nskr,2025-01-30T17:00:35.040Z,"23 km S of Pondaguitan, Philippines",earthquake,7.26,2.026,0.066,22,reviewed,us,us
2024-11-19T02:41:52.175Z,-21.0456,-175.7525,8,5.6,mww,72,74,6.479,0.86,us,us7000nsjt,2025-01-30T17:00:35.040Z,"48 km WNW of Houma, Tonga",earthquake,10.47,1.792,0.061,26,reviewed,us,us
2024-11-18T03:35:34.227Z,20.7794,121.9014,18.497,5.1,mb,62,144,2.167,0.67,us,us7000nscj,2025-01-30T17:00:34.040Z,"37 km N of Basco, Philippines",earthquake,10.47,7.006,0.049,139,reviewed,us,us
2024-11-18T02:18:49.956Z,15.097,147.1498,10,5.1,mb,56,82,1.318,0.76,us,us7000nsce,2025-11-18T02:28:59.188Z,"150 km E of Saipan, Northern Mariana Islands",earthquake,7.94,1.822,0.068,70,reviewed,us,us
2024-11-18T00:00:45.051Z,-12.7093,-14.5935,10,5,mb,116,46,4.752,0.46,us,us7000nsc0,2025-01-30T17:00:34.040Z,"southern Mid-Atlantic Ridge",earthquake,9.27,1.836,0.054,108,reviewed,us,us
2024-11-17T23:16:14.225Z,-12.7831,-14.711,10,5,mb,96,62,4.832,0.49,us,us7000nsbw,2025-01-26T16:30:42.040Z,"southern Mid-Atlantic Ridge",earthquake,10.1,1.846,0.06,89,reviewed,us,us
2024-11-17T23:05:54.744Z,-12.8337,-14.9719,10,5.1,mb,111,57,4.907,0.68,us,us7000nsbu,2025-01-26T16:30:42.040Z,"southern Mid-Atlantic Ridge",earthquake,6.1,1.805,0.057,101,reviewed,us,us
2024-11-17T18:55:36.976Z,-4.7992,153.2955,63.576,5.1,mww,76,73,1.28,0.74,us,us7000nsaz,2025-01-26T16:30:39.040Z,"124 km ESE of Kokopo, Papua New Guinea",earthquake,8.71,6.559,0.071,19,reviewed,us,us
2024-11-17T12:16:29.874Z,29.0424,131.3968,8,6.1,mww,134,32,2.591,0.9,us,us7000nsa3,2025-01-26T16:30:37.040Z,"156 km SSE of Koshima, Japan",earthquake,6.25,1.822,0.041,56,reviewed,us,us
2024-11-16T13:47:35.807Z,53.1113,159.8822,56.37,5,mww,104,78,0.749,0.98,us,us7000ns62,2025-01-26T16:30:22.040Z,"84 km E of Petropavlovsk-Kamchatsky, Russia",earthquake,7.89,5.836,0.117,7,reviewed,us,us
2024-11-16T12:22:17.410Z,41.0392,141.0132,9.94,5,mb,79,92,0.252,0.45,us,us7000ns5p,2025-01-26T16:30:22.040Z,"14 km NNE of Hiranai, Japan",earthquake,6.83,4.243,0.031,335,reviewed,us,us
2024-11-16T08:22:26.471Z,-12.1604,166.651,119.062,5.4,mww,159,44,3.311,0.58,us,us7000ns4s,2025-01-26T16:30:18.040Z,"184 km SSE of Lata, Solomon Islands",earthquake,7.46,6.404,0.066,22,reviewed,us,us
2024-11-16T02:17:09.831Z,-15.2575,-13.402,10,5.1,mww,60,59,7.41,1.18,us,us7000ns3m,2025-01-26T16:30:14.040Z,"southern Mid-Atlantic Ridge",earthquake,5.2,1.816,0.098,10,reviewed,us,us
2024-11-15T21:11:49.989Z,17.7746,-61.5099,28.025,5,mww,180,56,0.283,0.61,us,us7000ns2h,2025-01-26T16:30:10.040Z,"36 km ENE of Codrington, Antigua and Barbuda",earthquake,5.28,4.034,0.08,15,reviewed,us,us
2024-11-15T11:38:17.024Z,-23.4723,170.5049,10,5,mb,19,245,2.944,0.84,us,us7000nryk,2025-01-26T16:30:04.040Z,"southeast of the Loyalty Islands",earthquake,12.36,1.992,0.133,18,reviewed,us,us
2024-11-15T10:41:07.227Z,-61.2858,153.9957,10,5.5,mww,30,124,7.296,0.38,us,us7000nryg,2025-01-26T16:30:03.040Z,"Balleny Islands region",earthquake,8.95,1.879,0.068,21,reviewed,us,us
2024-11-15T08:41:47.013Z,-19.3958,-172.9908,10,5.4,mb,53,71,2.912,1.13,us,us7000nry3,2025-01-26T16:30:01.040Z,"133 km SE of Neiafu, Tonga",earthquake,6.03,1.866,0.082,51,reviewed,us,us
2024-11-15T05:28:30.650Z,-4.7548,153.2923,56,6.6,mww,113,19,1.257,0.67,us,us7000nrwz,2025-01-26T16:29:58.040Z,"122 km ESE of Kokopo, Papua New Guinea",earthquake,8.14,1.856,0.061,26,reviewed,us,us
2024-11-15T00:11:57.919Z,51.5497,-178.2559,51.802,5.1,mb,112,87,0.303,0.59,us,us7000nrw7,2026-07-17T20:05:24.258Z,"117 km WSW of Adak, Alaska",earthquake,3.45,4.293,0.025,506,reviewed,us,us
2024-11-14T19:08:17.852Z,-6.0117,104.3629,92.099,5.1,mb,85,64,2.158,0.82,us,us7000nrtu,2025-01-26T16:29:50.040Z,"118 km WSW of Bandar Lampung, Indonesia",earthquake,4.97,6.455,0.047,146,reviewed,us,us
2024-11-14T09:16:31.724Z,16.47,-98.4401,41.058,5,mb,79,162,1.093,0.71,us,us7000nrp3,2025-01-26T16:29:45.040Z,"2 km W of Cuajinicuilapa, Mexico",earthquake,8.96,7.135,0.033,285,reviewed,us,us
2024-11-13T05:13:20.904Z,36.5137,71.1648,231.72,5,mb,119,32,2.246,0.84,us,us7000nrhn,2025-01-26T16:29:31.040Z,"37 km WSW of Ashkāsham, Afghanistan",earthquake,7.63,5.213,0.034,280,reviewed,us,us
2024-11-13T01:29:31.195Z,-58.7095,-24.8231,21.151,5.1,mb,70,51,7.827,0.62,us,us7000nrgn,2025-01-26T16:29:29.040Z,"South Sandwich Islands region",earthquake,10.88,3.116,0.064,78,reviewed,us,us
2024-11-13T00:18:23.349Z,16.2665,-98.4105,13.807,5,mww,116,164,1.298,0.67,us,us7000nrgf,2025-01-26T16:29:28.040Z,"8 km SSW of Santo Domingo Armenta, Mexico",earthquake,9.64,5.572,0.059,28,reviewed,us,us
2024-11-12T16:08:42.376Z,-1.3352,-13.2522,10,5.4,mb,308,29,6.566,0.54,us,us7000nrcp,2025-01-26T16:29:24.040Z,"north of Ascension Island",earthquake,8.68,1.768,0.034,307,reviewed,us,us
2024-11-12T14:31:59.248Z,-4.6006,152.4987,87.552,5.3,mww,221,21,0.526,0.79,us,us7000nrci,2025-01-26T16:29:24.040Z,"38 km SE of Kokopo, Papua New Guinea",earthquake,7.35,4.26,0.098,10,reviewed,us,us
2024-11-12T09:24:29.442Z,0.5861,126.1349,34.193,5.2,mww,161,47,1.245,0.54,us,us7000nrbx,2025-01-26T16:29:23.040Z,"140 km W of Ternate, Indonesia",earthquake,7,4.756,0.086,13,reviewed,us,us
2024-11-11T13:35:31.309Z,-5.404,125.7974,517.961,5,mb,133,27,4.184,0.77,us,us7000nr5i,2025-01-26T16:29:15.040Z,"Banda Sea",earthquake,9.55,5.855,0.043,180,reviewed,us,us
2024-11-11T10:16:53.821Z,20.1687,145.7964,8,5.5,mww,130,38,4.908,0.98,us,us7000nr4w,2025-11-11T10:27:03.000Z,"Maug Islands region, Northern Mariana Islands",earthquake,7.45,1.383,0.049,40,reviewed,us,us
2024-11-11T10:08:20.774Z,-4.957,132.1086,22.782,5,mb,82,39,2.029,0.84,us,us7000nr4u,2025-01-26T16:29:13.040Z,"103 km NW of Tual, Indonesia",earthquake,6.3,2.739,0.071,70,reviewed,us,us
2024-11-11T07:14:57.140Z,-21.226,-173.8299,10,5,mb,56,116,4.244,0.8,us,us7000nr49,2025-01-26T16:29:11.040Z,"117 km E of ‘Ohonua, Tonga",earthquake,11.7,1.87,0.076,55,reviewed,us,us
2024-11-11T04:02:54.299Z,-15.1467,-173.3653,10,5,mb,45,80,1.966,0.62,us,us7000nr3j,2025-01-26T16:29:10.040Z,"100 km NNE of Hihifo, Tonga",earthquake,10.88,1.88,0.052,115,reviewed,us,us
2024-11-10T22:35:13.094Z,-4.9353,132.0487,10,5.1,mb,113,58,2.013,0.53,us,us7000nr2k,2025-01-24T19:51:32.040Z,"109 km NW of Tual, Indonesia",earthquake,5.91,1.754,0.062,86,reviewed,us,us
2024-11-10T21:29:00.217Z,-4.9172,132.0496,10,5,mb,95,45,1.995,0.61,us,us7000nr2a,2025-01-24T19:51:31.040Z,"110 km NW of Tual, Indonesia",earthquake,3.48,1.804,0.065,76,reviewed,us,us
2024-11-10T16:49:50.426Z,19.7974,-77.0506,14,6.8,mww,90,25,0.624,0.91,us,us7000nr0v,2025-01-24T19:51:30.040Z,"42 km SSW of Bartolomé Masó, Cuba",earthquake,3.76,1.715,0.032,94,reviewed,us,us
2024-11-10T15:50:03.006Z,19.8238,-76.9792,19,5.9,mww,96,41,0.552,1.01,us,us7000nr0n,2025-01-24T19:51:30.040Z,"38 km S of Bartolomé Masó, Cuba",earthquake,4.31,0.556,0.048,41,reviewed,us,us
2024-11-10T15:46:58.318Z,-30.4397,-177.747,35,5.1,mww,46,113,1.183,1.18,us,us7000nr0k,2025-01-24T19:51:30.040Z,"Kermadec Islands, New Zealand",earthquake,8.59,1.835,0.08,15,reviewed,us,us
2024-11-10T09:43:22.826Z,-20.7394,-178.5362,583.497,5,mb,80,47,4.388,0.74,us,us7000nqzm,2025-01-24T19:51:29.040Z,"Fiji region",earthquake,12.19,8.3,0.025,488,reviewed,us,us
2024-11-09T20:37:50.966Z,45.3508,98.832,10,5,mb,71,46,5.773,0.63,us,us7000nqx5,2025-01-24T19:51:28.040Z,"174 km WSW of Bayanhongor, Mongolia",earthquake,9.45,1.874,0.041,196,reviewed,us,us
2024-11-09T19:30:18.781Z,7.5218,-82.3895,10,5.8,mww,91,59,1.926,0.74,us,us7000nqwx,2025-01-24T19:51:28.040Z,"77 km SE of Burica, Panama",earthquake,6.44,1.69,0.044,50,reviewed,us,us
2024-11-09T13:45:33.039Z,-25.7465,-13.8406,10,5.1,mb,65,60,26.231,0.69,us,us7000nqw0,2025-01-24T19:51:27.040Z,"southern Mid-Atlantic Ridge",earthquake,5.89,1.83,0.07,67,reviewed,us,us
2024-11-09T10:03:40.690Z,7.4901,-82.3993,10,5.6,mww,78,92,1.95,0.82,us,us7000nqv1,2025-01-24T19:51:27.040Z,"79 km SE of Burica, Panama",earthquake,7.9,1.865,0.036,74,reviewed,us,us
2024-11-09T05:00:39.995Z,32.3106,142.4167,10,5,mb,174,98,2.336,0.51,us,us7000nquf,2025-01-24T19:51:26.040Z,"Izu Islands, Japan region",earthquake,7.7,1.848,0.047,148,reviewed,us,us
2024-11-08T23:26:35.662Z,25.4584,142.8157,17.984,5,mb,120,53,1.726,0.69,us,us7000nqsv,2025-01-24T19:51:25.040Z,"Volcano Islands, Japan region",earthquake,9.77,4.027,0.056,101,reviewed,us,us
2024-11-08T14:04:01.624Z,38.5535,39.7334,10,5.1,mwr,53,69,0.379,0.93,us,us7000nqls,2025-01-24T19:51:23.040Z,"21 km SSW of Kovancılar, Turkey",earthquake,4.33,1.86,0.056,31,reviewed,us,us
2024-11-08T11:38:00.376Z,-46.7807,-75.6402,10,6.3,mww,85,52,2.139,0.71,us,us7000nql2,2025-01-24T19:51:23.040Z,"239 km WNW of Cochrane, Chile",earthquake,4.83,1.816,0.039,62,reviewed,us,us
2024-11-08T10:37:42.623Z,-1.4492,-77.4738,190.812,5.1,mww,244,76,0.553,0.6,us,us7000nqkx,2025-01-24T19:51:23.040Z,"58 km E of Puyo, Ecuador",earthquake,8.99,5.677,0.065,23,reviewed,us,us
2024-11-08T02:53:22.982Z,-41.4646,-84.7884,10,5,mb,35,138,9.126,0.98,us,us7000nqj9,2025-01-24T19:51:22.040Z,"West Chile Rise",earthquake,10.09,1.584,0.048,141,reviewed,us,us
2024-11-07T19:53:54.072Z,25.4503,142.847,10,5.1,mww,97,115,1.743,0.69,us,us7000nqha,2025-01-24T19:51:21.040Z,"Volcano Islands, Japan region",earthquake,9.37,1.876,0.063,24,reviewed,us,us
2024-11-07T16:42:05.663Z,-5.6899,154.3528,97.133,5.2,mww,66,30,2.641,0.73,us,us7000nqfp,2025-01-24T19:51:21.040Z,"143 km WNW of Panguna, Papua New Guinea",earthquake,10.42,5.574,0.071,19,reviewed,us,us
2024-11-07T09:00:06.910Z,-56.2193,-27.4481,119.198,5,mb,67,56,5.522,0.74,us,us7000nqdi,2025-01-24T19:51:20.040Z,"South Sandwich Islands region",earthquake,10.82,5.628,0.073,61,reviewed,us,us
2024-11-07T04:31:33.207Z,-42.2511,74.8589,10,5.4,mww,96,18,4.911,0.54,us,us7000nqcc,2025-01-24T19:51:19.040Z,"Mid-Indian Ridge",earthquake,9.67,1.727,0.066,22,reviewed,us,us
2024-11-07T02:12:33.993Z,25.4531,142.8164,10,5,mb,62,65,1.731,1.04,us,us7000nqc3,2025-01-24T19:51:19.040Z,"Volcano Islands, Japan region",earthquake,11.2,1.863,0.072,62,reviewed,us,us
2024-11-07T01:55:31.511Z,-30.3414,-177.1665,10,5,mww,137,47,1.26,0.59,us,us7000nqc0,2025-01-24T19:51:19.040Z,"Kermadec Islands, New Zealand",earthquake,7.96,1.741,0.098,10,reviewed,us,us
2024-11-07T01:11:47.302Z,25.4937,142.7925,10,5.2,mww,142,71,1.686,0.62,us,us7000nqby,2025-01-24T19:51:19.040Z,"Volcano Islands, Japan region",earthquake,7.01,1.82,0.075,17,reviewed,us,us
2024-11-06T22:59:15.938Z,25.3721,142.6759,10,5.1,mb,34,136,1.772,0.51,us,us6000p71k,2025-01-24T19:51:10.040Z,"Volcano Islands, Japan region",earthquake,10.84,1.927,0.11,27,reviewed,us,us
2024-11-06T22:59:01.090Z,25.4025,143.156,10,5.1,mb,53,137,1.898,0.87,us,us6000p71b,2025-01-24T19:51:09.040Z,"Volcano Islands, Japan region",earthquake,7.78,1.907,0.09,40,reviewed,us,us
2024-11-06T22:55:03.607Z,25.4039,142.8586,8,5.8,mww,277,22,1.79,0.49,us,us7000nqb9,2025-01-24T19:51:19.040Z,"Volcano Islands, Japan region",earthquake,8.16,1.753,0.048,41,reviewed,us,us
2024-11-06T17:19:38.479Z,23.5101,121.6598,25.833,5,mww,103,36,0.872,0.71,us,us7000nqa4,2025-01-24T19:51:18.040Z,"52 km S of Hualien City, Taiwan",earthquake,4.08,3.792,0.11,8,reviewed,us,us
2024-11-06T15:55:08.907Z,-18.1047,-177.8948,435.632,5.9,mww,330,27,3.073,0.91,us,us7000nq9w,2025-01-24T19:51:18.040Z,"295 km E of Levuka, Fiji",earthquake,9.93,5.625,0.054,33,reviewed,us,us
2024-11-06T15:38:47.678Z,-20.895,-178.6489,587.521,5.2,mb,261,28,4.418,0.84,us,us7000nq9t,2025-01-24T19:51:18.040Z,"Fiji region",earthquake,10.16,6.26,0.037,239,reviewed,us,us
2024-11-06T14:36:21.520Z,-4.7663,153.3071,35,5.9,mww,221,36,1.275,0.47,us,us7000nq9e,2025-01-24T19:51:17.040Z,"124 km ESE of Kokopo, Papua New Guinea",earthquake,9.14,1.882,0.043,51,reviewed,us,us
2024-11-05T19:39:43.762Z,-12.9033,-75.2219,106,5.7,mww,162,46,1.826,0.7,us,us7000nq3d,2025-01-24T19:51:16.040Z,"18 km NNW of Santa Ana, Peru",earthquake,4.3,1.859,0.049,40,reviewed,us,us
2024-11-05T16:54:43.527Z,-51.4933,139.0678,10,5,mww,38,74,10.252,0.48,us,us6000p70c,2025-01-24T19:51:08.040Z,"western Indian-Antarctic Ridge",earthquake,8.57,1.806,0.089,12,reviewed,us,us
2024-11-05T10:06:03.806Z,49.4545,147.111,590.621,5.3,mww,309,81,3.834,0.5,us,us7000nq1g,2025-01-24T19:51:15.040Z,"292 km E of Poronaysk, Russia",earthquake,10.2,7.786,0.127,6,reviewed,us,us
2024-11-05T03:14:06.554Z,5.3197,-77.462,31.25,5,mww,60,61,2.109,0.67,us,us7000npzi,2025-01-24T19:51:14.040Z,"41 km NNW of Pizarro, Colombia",earthquake,7.25,3.823,0.073,18,reviewed,us,us
2024-11-05T00:31:17.684Z,-20.1847,-174.0652,44.145,5,mb,98,61,1.448,0.45,us,us7000npz0,2025-01-24T19:51:04.040Z,"50 km SE of Pangai, Tonga",earthquake,10.7,5.253,0.067,72,reviewed,us,us
2024-11-03T17:03:52.253Z,40.1264,23.2456,9,5.2,mww,111,18,0.58,0.63,us,us7000npqn,2025-06-10T08:41:22.197Z,"10 km SW of Néa Poteídaia, Greece",earthquake,3.57,1.814,0.043,52,reviewed,us,us
2024-11-03T12:09:52.136Z,25.4139,142.859,10,5,mb,65,81,1.781,0.96,us,us6000p6l2,2025-01-16T18:43:51.040Z,"Volcano Islands, Japan region",earthquake,7.88,1.859,0.042,182,reviewed,us,us
2024-11-03T10:56:48.615Z,51.4799,-175.6197,34,5.8,mww,131,70,0.542,0.63,us,us7000nppj,2026-07-17T19:50:25.863Z,"82 km ESE of Adak, Alaska",earthquake,4.21,1.882,0.068,21,reviewed,us,us
2024-11-03T04:04:04.506Z,-35.6965,-69.4927,188.15,5.4,mww,122,39,1.388,0.91,us,us7000npn0,2025-01-16T18:47:44.040Z,"130 km NNE of Barrancas, Argentina",earthquake,7.02,4.589,0.039,63,reviewed,us,us
2024-11-02T19:59:14.759Z,12.5321,-87.9765,64.288,5.1,mww,86,139,0.947,1.1,us,us7000npl2,2025-01-16T18:47:23.040Z,"61 km WSW of Jiquilillo, Nicaragua",earthquake,4.8,5.063,0.049,40,reviewed,us,us
2024-11-02T05:03:54.734Z,-17.9427,-178.5435,571.981,5.4,mww,199,36,2.469,0.63,us,us7000nphp,2025-01-16T18:46:46.040Z,"227 km E of Levuka, Fiji",earthquake,10.78,6.737,0.098,10,reviewed,us,us
2024-11-01T17:19:13.559Z,-0.5287,125.852,37.961,5.1,mww,237,18,1.991,0.58,us,us7000npf5,2025-01-16T18:46:27.040Z,"169 km N of Sanana, Indonesia",earthquake,5.9,1.268,0.127,6,reviewed,us,us
2024-11-01T05:38:14.848Z,56.4478,-33.9482,10,5.4,mww,158,29,8.776,0.65,us,us7000npb7,2025-01-16T18:46:11.040Z,"Reykjanes Ridge",earthquake,9.23,1.853,0.052,35,reviewed,us,us
2024-10-31T22:24:42.056Z,-19.9227,66.3786,10,5.1,mww,68,55,2.837,0.49,us,us7000np9n,2025-01-16T18:45:58.040Z,"Mauritius - Reunion region",earthquake,9.15,1.785,0.083,14,reviewed,us,us
2024-10-31T17:46:27.498Z,-6.8848,155.4595,39.502,5.3,mww,95,34,4.233,0.62,us,us7000np8b,2025-01-16T18:45:54.040Z,"62 km S of Panguna, Papua New Guinea",earthquake,8.26,6.442,0.071,19,reviewed,us,us
2024-10-31T05:44:44.843Z,-48.9029,121.2807,10,5.2,mww,55,65,16.244,0.54,us,us7000np5g,2025-01-16T18:45:42.040Z,"western Indian-Antarctic Ridge",earthquake,10.79,1.878,0.093,11,reviewed,us,us
2024-10-30T20:15:20.095Z,43.5842,-127.6418,10,6,mww,107,69,2.612,0.75,us,us7000np33,2025-10-30T20:25:28.080Z,"267 km W of Bandon, Oregon",earthquake,7.88,1.809,0.036,73,reviewed,us,us
2024-10-30T12:18:51.671Z,-4.4064,150.0827,509,6,mww,295,14,2.086,0.58,us,us7000nnz9,2025-01-16T18:45:18.040Z,"126 km N of Kimbe, Papua New Guinea",earthquake,9.25,1.922,0.052,36,reviewed,us,us
2024-10-29T18:46:45.789Z,-12.2302,-14.775,10,5,mb,45,80,4.29,0.73,us,us7000nnwd,2025-01-16T18:45:06.040Z,"southern Mid-Atlantic Ridge",earthquake,12.62,1.888,0.087,42,reviewed,us,us
2024-10-29T17:32:53.459Z,-59.7778,-27.3153,173.066,5.1,mb,136,34,15.428,0.88,us,us7000nnvq,2025-01-16T18:45:04.040Z,"South Sandwich Islands region",earthquake,8.51,4.674,0.054,118,reviewed,us,us
2024-10-29T06:13:05.296Z,-18.6749,169.51,283.585,5,mb,50,78,4.368,0.68,us,us7000nnrv,2025-01-16T18:44:47.040Z,"98 km NNE of Isangel, Vanuatu",earthquake,10.61,2.778,0.038,224,reviewed,us,us
2024-10-27T22:06:32.012Z,-17.899,-178.2309,607.641,5,mb,176,34,2.694,0.74,us,us7000nnix,2025-01-04T23:08:31.040Z,"260 km E of Levuka, Fiji",earthquake,11.15,5.983,0.048,135,reviewed,us,us
2024-10-27T04:49:49.007Z,54.6412,160.5356,90.891,5.2,mb,92,59,1.969,0.81,us,us7000nnff,2025-01-04T23:08:24.040Z,"121 km SSE of Atlasovo, Russia",earthquake,9.88,6.115,0.022,676,reviewed,us,us
2024-10-27T00:31:16.239Z,23.9956,-46.5021,10,5,mb,202,101,15.606,0.76,us,us7000nneu,2025-01-04T23:08:22.040Z,"northern Mid-Atlantic Ridge",earthquake,12.1,1.896,0.041,192,reviewed,us,us
2024-10-26T08:35:57.334Z,40.96,83.9942,10,5.1,mb,133,118,4.103,0.5,us,us7000nnak,2025-01-04T23:08:15.040Z,"122 km SE of Kuqa, China",earthquake,9.34,1.894,0.052,120,reviewed,us,us
2024-10-26T07:23:56.098Z,-50.2939,69.4293,10,5.2,mb,65,60,1.071,0.5,us,us7000nnai,2025-01-04T23:08:14.040Z,"119 km SSW of Port-aux-Français, French Southern Territories",earthquake,7.79,1.864,0.076,58,reviewed,us,us
2024-10-25T14:46:23.800Z,14.0745,-92.662,17,5.8,mww,119,64,1.116,1.04,us,us7000nn6t,2025-01-04T23:08:09.040Z,"69 km SW of Brisas Barra de Suchiate, Mexico",earthquake,5.81,1.812,0.052,35,reviewed,us,us
2024-10-25T14:01:26.658Z,-19.3134,-172.9614,11,5.7,mww,29,87,2.877,0.7,us,us7000nn5q,2025-01-04T23:08:08.040Z,"130 km SE of Neiafu, Tonga",earthquake,11.83,1.932,0.065,23,reviewed,us,us
2024-10-25T05:38:05.073Z,-21.6994,-68.4462,119.209,5,mww,82,43,0.746,0.93,us,us7000nn2i,2025-01-04T23:08:03.040Z,"56 km SSW of Ollagüe, Chile",earthquake,6.78,5.898,0.055,32,reviewed,us,us
2024-10-25T00:00:32.139Z,-5.288,151.701,61.116,5.1,mb,86,32,1.027,0.55,us,us7000nn1g,2025-01-04T23:08:01.040Z,"121 km SSW of Kokopo, Papua New Guinea",earthquake,9.76,4.906,0.053,116,reviewed,us,us
2024-10-24T23:28:20.236Z,-16.1456,-173.9085,95.632,5.3,mww,106,44,3.027,0.65,us,us7000nn19,2025-01-04T23:08:01.040Z,"24 km SSW of Hihifo, Tonga",earthquake,9.08,4.589,0.08,15,reviewed,us,us
2024-10-24T19:32:35.574Z,-31.2237,-179.9248,340.82,5,mb,69,75,2.614,0.75,us,us7000nmzf,2025-01-04T23:07:58.040Z,"Kermadec Islands region",earthquake,11.46,7.479,0.038,225,reviewed,us,us
2024-10-24T18:52:10.287Z,-5.0842,152.1733,62.847,5.1,mb,64,62,0.887,0.65,us,us7000nmz2,2025-01-04T23:07:57.040Z,"82 km S of Kokopo, Papua New Guinea",earthquake,8.6,6.643,0.037,240,reviewed,us,us
2024-10-24T17:51:27.678Z,25.4971,142.6492,10,5.1,mww,101,68,1.646,1.04,us,us7000nmyu,2025-01-04T23:07:57.040Z,"Volcano Islands, Japan region",earthquake,9.11,1.861,0.073,18,reviewed,us,us
2024-10-24T07:14:31.239Z,52.4838,-170.6317,54.394,5,mww,191,133,0.529,0.73,us,us7000nmtw,2025-10-24T07:24:47.964Z,"129 km WSW of Nikolski, Alaska",earthquake,7.71,5.481,0.08,15,reviewed,us,us
2024-10-24T04:30:51.025Z,-41.935,80.0351,10,5.6,mww,45,52,4.548,0.51,us,us7000nmsy,2025-01-04T23:07:50.040Z,"Mid-Indian Ridge",earthquake,9.39,1.861,0.086,13,reviewed,us,us
2024-10-24T00:38:44.197Z,28.6033,52.2189,10,5,mb,173,51,5.095,0.55,us,us7000nms2,2025-01-04T23:07:48.040Z,"43 km SW of Fīrūzābād, Iran",earthquake,8.14,1.77,0.044,165,reviewed,us,us
2024-10-23T21:30:14.788Z,-27.8201,-176.6853,35,5.1,mb,96,64,1.792,0.57,us,us7000nmra,2025-01-04T23:07:46.040Z,"Kermadec Islands region",earthquake,5.06,1.821,0.062,84,reviewed,us,us
2024-10-23T14:38:04.614Z,49.394,155.6369,40,6.2,mww,277,38,3.938,0.55,us,us7000nmlt,2025-01-04T23:07:43.040Z,"146 km SSW of Severo-Kuril’sk, Russia",earthquake,9.34,1.93,0.037,69,reviewed,us,us
2024-10-23T06:05:14.228Z,-41.0186,-91.3277,10,5,mb,72,143,13.657,0.64,us,us7000nmk2,2025-01-04T23:07:39.040Z,"southeast of Easter Island",earthquake,12.6,1.885,0.049,130,reviewed,us,us
2024-10-22T15:45:37.516Z,-23.872,-179.6709,462.72,5.5,mww,108,73,5.574,0.5,us,us7000nmg9,2025-01-04T23:07:31.040Z,"south of the Fiji Islands",earthquake,10.57,5.99,0.073,18,reviewed,us,us
2024-10-22T12:08:32.720Z,-2.9805,147.4269,10,5.1,mww,70,49,0.933,0.56,us,us7000nme7,2025-01-04T23:07:29.040Z,"106 km S of Lorengau, Papua New Guinea",earthquake,5.84,1.844,0.08,15,reviewed,us,us
2024-10-22T02:36:18.609Z,-6.0452,130.3336,10,5.1,mb,78,43,1.572,0.58,us,us7000nmcs,2025-01-04T23:07:27.040Z,"271 km W of Tual, Indonesia",earthquake,7.09,1.75,0.078,53,reviewed,us,us
2024-10-21T08:35:08.532Z,-1.138,127.3953,10,5,mb,69,80,1.897,0.29,us,us6000p00d,2025-01-04T23:07:21.040Z,"57 km S of Labuha, Indonesia",earthquake,7.01,1.847,0.074,58,reviewed,us,us
2024-10-21T08:24:05.925Z,-1.2346,127.2704,10,5,mww,117,75,1.995,0.49,us,us6000p00b,2025-01-04T23:07:21.040Z,"71 km SSW of Labuha, Indonesia",earthquake,6.82,1.843,0.078,16,reviewed,us,us
2024-10-21T08:08:33.280Z,-1.1526,127.2649,10,5,mb,79,52,1.914,0.42,us,us6000p00a,2025-01-04T23:07:21.040Z,"62 km SSW of Labuha, Indonesia",earthquake,6.89,1.85,0.069,67,reviewed,us,us
2024-10-21T06:32:35.236Z,-1.177,127.3252,10,5.6,mww,160,48,1.936,0.31,us,us6000p000,2025-01-04T23:07:20.040Z,"63 km SSW of Labuha, Indonesia",earthquake,6.78,1.835,0.066,22,reviewed,us,us
2024-10-21T05:35:48.521Z,52.6005,172.5319,39.714,5,mb,227,76,0.963,0.61,us,us6000nzzt,2025-10-21T05:46:00.514Z,"51 km WSW of Attu Station, Alaska",earthquake,5.98,6.152,0.027,444,reviewed,us,us
2024-10-21T04:12:15.294Z,-1.0987,127.4191,10,5.1,mww,97,31,1.859,0.54,us,us6000nzzb,2025-01-04T23:07:18.040Z,"52 km S of Labuha, Indonesia",earthquake,6.01,1.739,0.073,18,reviewed,us,us
2024-10-21T03:24:16.301Z,-1.1774,127.4529,16,5.8,mww,110,26,1.938,0.75,us,us6000nzyn,2025-01-04T23:07:17.040Z,"61 km S of Labuha, Indonesia",earthquake,6.08,1.748,0.055,32,reviewed,us,us
2024-10-20T22:59:40.922Z,-30.8831,-68.7676,109,5.7,mww,219,26,0.664,0.71,us,us6000nzxj,2024-12-26T23:03:38.040Z,"65 km NNW of Albardón, Argentina",earthquake,6.11,1.845,0.032,95,reviewed,us,us
2024-10-20T12:31:07.587Z,-21.8931,-179.5015,591.313,5.5,mww,75,58,4.725,0.65,us,us6000nzvu,2024-12-26T23:03:29.040Z,"Fiji region",earthquake,11.03,7.534,0.068,21,reviewed,us,us
2024-10-20T00:51:12.931Z,-35.8938,-103.3329,10,5.1,mww,15,155,25.243,1.24,us,us7000nqmc,2024-12-26T23:04:14.040Z,"southeast of Easter Island",earthquake,16.78,1.923,0.098,10,reviewed,us,us
2024-10-19T18:07:13.624Z,0.4909,119.9077,62.475,5.2,mww,200,17,1.069,0.62,us,us6000nzru,2024-12-26T23:03:42.040Z,"154 km N of Palu, Indonesia",earthquake,5.64,4.382,0.078,16,reviewed,us,us
2024-10-19T13:32:20.709Z,-13.6929,66.0196,10,5.3,mww,70,40,6.541,0.65,us,us6000nzqz,2024-12-26T23:04:06.040Z,"Mid-Indian Ridge",earthquake,8.52,1.725,0.075,17,reviewed,us,us
2024-10-18T09:18:22.971Z,25.22,142.799,10,5.4,mww,235,83,1.948,0.37,us,us6000nzi5,2024-12-26T23:04:05.040Z,"Volcano Islands, Japan region",earthquake,6.54,1.746,0.059,28,reviewed,us,us
2024-10-18T05:25:17.069Z,-7.4667,156.3264,10,5,mb,47,94,4.083,0.59,us,us6000nzhb,2024-12-26T23:04:05.040Z,"90 km NW of Gizo, Solomon Islands",earthquake,9.43,1.832,0.089,40,reviewed,us,us
2024-10-18T04:38:07.288Z,40.2403,142.2895,60.402,5.2,mww,113,120,1.083,0.68,us,us6000nzgv,2024-12-26T23:03:43.040Z,"42 km ENE of Noda, Japan",earthquake,6.71,5.237,0.089,12,reviewed,us,us
2024-10-18T01:41:59.064Z,-6.7981,155.1677,35,5,mb,47,61,3.956,0.86,us,us6000nzgl,2024-12-26T23:03:47.040Z,"63 km SSW of Panguna, Papua New Guinea",earthquake,9.8,1.848,0.06,88,reviewed,us,us
2024-10-18T00:58:27.983Z,43.6645,-125.7602,7.842,5,mww,84,91,0.883,0.59,us,us6000nzg2,2025-10-18T01:08:37.053Z,"121 km WNW of Barview, Oregon",earthquake,4.69,3.621,0.038,68,reviewed,us,us
2024-10-17T16:33:54.860Z,-56.337,-27.1383,113.442,5,mb,54,85,5.722,0.6,us,us6000nzds,2024-12-26T23:03:37.040Z,"South Sandwich Islands region",earthquake,11.32,6.154,0.079,51,reviewed,us,us
2024-10-17T11:18:22.807Z,-20.0981,-178.2711,626.436,5.4,mww,112,31,4.194,0.84,us,us6000nzbh,2024-12-26T23:03:28.040Z,"Fiji region",earthquake,10.66,5.672,0.098,10,reviewed,us,us
2024-10-17T10:33:40.849Z,-27.9235,-176.5806,10,5,mb,66,43,1.772,1.28,us,us6000nzb2,2024-12-26T23:04:04.040Z,"Kermadec Islands region",earthquake,8.7,1.794,0.049,132,reviewed,us,us
2024-10-17T05:37:32.887Z,-27.8826,-176.2657,12,5.6,mww,77,71,1.996,0.53,us,us6000nz9e,2024-12-26T23:03:54.040Z,"Kermadec Islands region",earthquake,10.67,1.865,0.053,34,reviewed,us,us
2024-10-17T04:20:36.028Z,-31.2923,-176.8548,10,5.1,mww,94,69,2.224,0.72,us,us6000nz8w,2024-12-26T23:04:03.040Z,"Kermadec Islands region",earthquake,10.24,1.871,0.083,14,reviewed,us,us
2024-10-17T01:01:20.481Z,-31.3037,-176.8396,10,5.2,mww,85,70,2.239,0.74,us,us6000nz7p,2024-12-26T23:04:03.040Z,"Kermadec Islands region",earthquake,12.24,1.864,0.073,18,reviewed,us,us
2024-10-16T22:51:12.889Z,-19.1204,-173.5136,10,5.2,mb,123,65,2.584,0.8,us,us6000nz79,2024-12-26T23:04:03.040Z,"71 km SE of Neiafu, Tonga",earthquake,9.68,1.783,0.058,98,reviewed,us,us
2024-10-16T22:25:01.795Z,49.6324,-28.5722,10,5.1,mb,166,33,14.291,0.53,us,us6000nz75,2024-12-26T23:04:02.040Z,"northern Mid-Atlantic Ridge",earthquake,9.08,1.801,0.047,146,reviewed,us,us
2024-10-16T19:40:58.409Z,18.5195,-106.9505,10,5.9,mww,146,55,5.527,1.16,us,us6000nz5z,2024-12-26T23:04:01.040Z,"225 km SW of José María Morelos, Mexico",earthquake,9.55,1.825,0.052,36,reviewed,us,us
2024-10-16T18:59:39.232Z,-27.8499,-176.4086,10,5,mww,75,65,1.929,0.63,us,us6000nz5p,2024-12-26T23:04:01.040Z,"Kermadec Islands region",earthquake,10.39,1.761,0.098,10,reviewed,us,us
2024-10-16T18:56:51.147Z,36.5224,70.5681,205,5.9,mww,134,29,1.962,1.01,us,us6000nz5n,2024-12-26T23:03:32.040Z,"44 km SSW of Jurm, Afghanistan",earthquake,7.46,1.887,0.038,66,reviewed,us,us
2024-10-16T17:11:00.719Z,-27.7855,-176.2936,10,5.1,mww,73,57,2.046,0.64,us,us6000nz4x,2024-12-26T23:04:01.040Z,"Kermadec Islands region",earthquake,11.62,1.777,0.093,11,reviewed,us,us
2024-10-16T15:04:02.907Z,-31.2625,-176.8306,10,5.1,mb,62,77,2.206,0.81,us,us6000nz35,2024-12-26T23:04:00.040Z,"Kermadec Islands region",earthquake,11.73,1.839,0.077,55,reviewed,us,us
2024-10-16T12:19:44.647Z,-31.181,-177.0916,10,5.2,mb,56,88,2.043,0.71,us,us6000nz1u,2024-12-26T23:04:00.040Z,"Kermadec Islands region",earthquake,12.26,1.876,0.079,53,reviewed,us,us
2024-10-16T09:40:00.514Z,52.7367,-163.5125,10,5.3,mww,217,166,1.898,0.59,us,us6000nz0p,2026-07-17T20:11:40.664Z,"216 km SE of Akutan, Alaska",earthquake,5.83,1.786,0.05,38,reviewed,us,us
2024-10-16T07:46:32.516Z,38.3115,38.8059,10,6,mww,138,39,0.399,0.8,us,us6000nyzk,2024-12-26T23:03:59.040Z,"19 km W of Doğanyol, Turkey",earthquake,4.08,1.773,0.042,55,reviewed,us,us
2024-10-16T04:30:27.356Z,-31.2352,-176.8116,10,5.2,mb,66,115,2.188,0.61,us,us6000nyys,2024-12-26T23:03:59.040Z,"Kermadec Islands region",earthquake,8.92,1.81,0.072,63,reviewed,us,us
2024-10-16T03:41:13.766Z,19.1806,147.0699,10,5.1,mww,85,35,4.105,0.2,us,us6000nyyl,2025-10-16T03:51:18.909Z,"Mariana Islands region",earthquake,8.49,1.787,0.086,13,reviewed,us,us
2024-10-15T23:49:35.815Z,18.32,-106.7652,10,5.2,mww,187,147,3.973,0.78,us,us6000nyxu,2024-12-26T23:03:58.040Z,"223 km WSW of Emiliano Zapata, Mexico",earthquake,9,1.949,0.043,52,reviewed,us,us
2024-10-15T22:38:42.706Z,-29.4767,-176.9528,35,5,mb,38,132,0.871,1.24,us,us6000nyxh,2024-12-26T23:03:46.040Z,"Kermadec Islands region",earthquake,9.66,1.916,0.097,34,reviewed,us,us
2024-10-15T20:40:33.633Z,-9.8511,151.8987,10,5.3,mww,80,50,4.694,0.59,us,us6000nywy,2024-12-26T23:03:58.040Z,"159 km ENE of Samarai, Papua New Guinea",earthquake,8.57,1.77,0.069,20,reviewed,us,us
2024-10-15T19:51:31.126Z,-31.2618,-177.0255,10,5,mb,42,115,2.138,0.84,us,us6000nywq,2024-12-26T23:03:58.040Z,"Kermadec Islands region",earthquake,10.88,1.86,0.097,34,reviewed,us,us
2024-10-14T15:48:12.737Z,-23.9025,-64.0963,10,5,mb,58,48,5.172,0.81,us,us6000nyme,2024-12-26T23:03:56.040Z,"22 km ENE of Palma Sola, Argentina",earthquake,8.04,1.824,0.045,157,reviewed,us,us
2024-10-14T09:18:51.176Z,28.7509,-112.8022,10,5,mww,31,157,1.51,0.85,us,us6000nyjn,2024-12-26T23:03:56.040Z,"84 km W of Bahía de Kino, Mexico",earthquake,6.47,1.908,0.037,71,reviewed,us,us
2024-10-13T22:48:34.118Z,-36.1163,-100.6909,10,5.5,mww,155,48,11.594,0.62,us,us6000nyhx,2024-12-23T15:47:29.040Z,"southeast of Easter Island",earthquake,11.26,1.782,0.051,37,reviewed,us,us
2024-10-13T16:17:36.104Z,-59.233,149.2883,10,5,mww,23,116,7.103,0.43,us,us6000nygc,2024-12-23T15:47:24.040Z,"west of Macquarie Island",earthquake,13.2,1.914,0.08,15,reviewed,us,us
2024-10-13T07:01:41.653Z,5.5054,94.2922,43.374,5.3,mww,95,55,5.398,1.06,us,us6000nyee,2024-12-23T15:47:20.040Z,"115 km W of Banda Aceh, Indonesia",earthquake,8.63,6.46,0.103,9,reviewed,us,us
2024-10-13T06:15:26.576Z,-36.355,-97.9985,10,5.1,mww,63,80,13.319,0.7,us,us6000nye7,2024-12-23T15:47:19.040Z,"West Chile Rise",earthquake,9.72,1.839,0.075,17,reviewed,us,us
2024-10-12T17:43:44.516Z,10.4967,-86.1497,16,6.2,mww,221,32,0.889,0.84,us,us6000nyau,2025-02-18T21:22:42.038Z,"40 km WNW of Tamarindo, Costa Rica",earthquake,5.62,1.477,0.03,110,reviewed,us,us
2024-10-12T04:19:43.454Z,-18.0617,173.1401,10,5,mb,42,87,4.688,0.79,us,us6000ny8q,2024-12-23T15:47:03.040Z,"Fiji region",earthquake,10.25,1.828,0.062,86,reviewed,us,us
2024-10-12T03:50:37.992Z,55.3379,163.1218,10,5.3,mb,83,104,3.504,0.9,us,us6000ny8n,2024-12-23T15:47:03.040Z,"106 km SSE of Ust’-Kamchatsk Staryy, Russia",earthquake,10.59,1.83,0.028,442,reviewed,us,us
2024-10-12T01:11:57.329Z,-0.1377,125.1625,46.11,5.1,mb,79,43,6.146,1.05,us,us6000ny7w,2024-12-23T15:47:00.040Z,"103 km SE of Modisi, Indonesia",earthquake,6.74,4.374,0.058,104,reviewed,us,us
2024-10-12T01:06:08.018Z,-33.2849,-177.6929,10,5.3,mww,40,70,4.015,0.95,us,us6000ny7s,2024-12-23T15:46:59.040Z,"south of the Kermadec Islands",earthquake,11.74,1.828,0.071,19,reviewed,us,us
2024-10-11T18:05:13.048Z,-58.2947,-25.1529,21.183,5,mb,108,45,7.476,0.63,us,us6000ny56,2024-12-23T15:46:54.040Z,"South Sandwich Islands region",earthquake,10.87,3.805,0.071,71,reviewed,us,us
2024-10-11T04:40:54.951Z,22.9505,95.9411,10,5,mb,62,89,1.979,0.9,us,us6000ny0s,2024-12-23T15:46:43.040Z,"49 km NNE of Shwebo, Myanmar",earthquake,5.88,1.866,0.057,98,reviewed,us,us
2024-10-10T18:12:34.549Z,-0.8904,-22.0883,10,5.2,mww,77,45,10.404,0.58,us,us6000nxws,2024-12-23T15:46:37.040Z,"central Mid-Atlantic Ridge",earthquake,7.73,1.806,0.08,15,reviewed,us,us
2024-10-10T09:44:39.963Z,-47.5421,100.0106,10,5.4,mww,45,58,19.583,0.43,us,us6000nxt5,2024-12-23T15:46:34.040Z,"southeast Indian Ridge",earthquake,11.31,1.8,0.086,13,reviewed,us,us
2024-10-10T04:46:27.489Z,-37.3768,47.7444,10,5.1,mb,108,27,20.161,0.57,us,us6000nxr6,2024-12-23T15:46:30.040Z,"Southwest Indian Ridge",earthquake,11.13,1.781,0.06,90,reviewed,us,us
2024-10-09T19:57:26.488Z,-31.8512,-178.4528,33.002,5.2,mb,65,70,2.621,1.07,us,us6000nxmm,2024-12-23T15:46:22.040Z,"Kermadec Islands region",earthquake,9.98,4.728,0.07,67,reviewed,us,us
2024-10-09T04:41:07.202Z,51.9309,-170.8214,35,5,mww,139,71,1.023,0.86,us,us6000nxg5,2025-10-09T04:51:19.420Z,"174 km SW of Nikolski, Alaska",earthquake,6.67,1.841,0.103,9,reviewed,us,us
2024-10-08T08:07:23.902Z,-33.6289,-178.5416,10,5,mb,46,125,4.386,0.76,us,us6000nx8f,2024-12-23T15:46:01.040Z,"south of the Kermadec Islands",earthquake,8.94,1.48,0.12,27,reviewed,us,us
2024-10-08T00:35:35.956Z,-36.2933,-99.1831,10,5.7,mww,161,63,12.569,0.61,us,us6000nx6t,2024-12-23T15:45:56.040Z,"southeast of Easter Island",earthquake,11.11,1.804,0.043,53,reviewed,us,us
2024-10-07T23:59:05.581Z,-33.4502,-178.6412,13,5.8,mww,154,52,4.221,0.77,us,us6000nx6d,2024-12-23T15:45:56.040Z,"south of the Kermadec Islands",earthquake,9.03,1.741,0.071,19,reviewed,us,us
2024-10-07T09:36:58.446Z,-19.6019,169.0635,144.989,5.4,mww,74,67,3.355,0.59,us,us6000nx1e,2024-12-23T15:45:49.040Z,"23 km WSW of Isangel, Vanuatu",earthquake,9.62,6.678,0.055,32,reviewed,us,us
2024-10-07T05:51:17.118Z,-18.9526,-173.174,10,5.3,mb,54,56,2.916,0.56,us,us6000nx0s,2024-12-23T15:45:46.040Z,"91 km ESE of Neiafu, Tonga",earthquake,7.53,1.83,0.09,41,reviewed,us,us
2024-10-07T00:33:19.114Z,-33.3598,-178.4519,10,5,mb,57,109,4.11,0.66,us,us6000nwzm,2024-12-23T15:45:42.040Z,"south of the Kermadec Islands",earthquake,12.45,1.834,0.093,37,reviewed,us,us
2024-10-06T21:52:58.610Z,-13.5989,-111.3046,10,5.6,mww,157,110,13.585,0.53,us,us6000nwyj,2024-12-14T14:50:45.040Z,"central East Pacific Rise",earthquake,12.06,1.875,0.073,18,reviewed,us,us
2024-10-06T21:50:51.519Z,-20.9469,-174.153,10,5.1,mb,55,132,0.864,1.16,us,us6000nwyi,2024-12-14T14:50:45.040Z,"94 km ENE of ‘Ohonua, Tonga",earthquake,7.46,1.821,0.087,43,reviewed,us,us
2024-10-06T17:56:26.452Z,64.6359,-17.8257,10,5.1,mww,99,106,1.509,1,us,us6000nwxc,2024-12-14T14:50:44.040Z,"117 km S of Akureyri, Iceland",earthquake,9.18,1.868,0.052,36,reviewed,us,us
2024-10-06T17:10:04.271Z,9.2414,40.1774,10,5.2,mww,77,58,3.474,0.86,us,us6000nwx4,2025-01-21T22:00:25.889Z,"28 km N of Āwash, Ethiopia",earthquake,9.48,1.84,0.089,12,reviewed,us,us
2024-10-06T13:00:58.071Z,-17.2032,171.6309,10,5.2,mww,58,110,6.667,0.53,us,us6000nwwa,2024-12-14T14:50:42.040Z,"Vanuatu region",earthquake,11.28,1.839,0.073,18,reviewed,us,us
2024-10-06T12:03:58.177Z,-31.5621,76.8881,10,5.2,mww,56,84,6.244,0.77,us,us7000nn4q,2024-12-14T14:51:39.040Z,"Mid-Indian Ridge",earthquake,11.13,1.83,0.083,14,reviewed,us,us
2024-10-05T23:02:01.826Z,-28.6102,-176.3793,10,5.2,mb,145,57,1.498,0.65,us,us6000nwsc,2024-12-14T14:50:38.040Z,"Kermadec Islands region",earthquake,9.83,1.851,0.049,139,reviewed,us,us
2024-10-05T16:08:55.026Z,-41.2833,174.413,44.404,5.1,mww,172,26,0.221,1.07,us,us6000nwqg,2024-12-14T14:50:37.040Z,"27 km W of Karori, New Zealand",earthquake,4.07,3.946,0.08,15,reviewed,us,us
2024-10-05T12:50:42.101Z,53.1716,-167.0656,41.164,5.4,mww,91,124,0.561,0.83,us,us6000nwpv,2025-02-01T13:00:44.042Z,"85 km SSW of Unalaska, Alaska",earthquake,4.27,3.435,0.066,22,reviewed,us,us
2024-10-05T11:45:30.156Z,-17.5146,-173.4918,35,5.2,mww,71,50,3.725,0.88,us,us6000nwpi,2024-12-14T14:50:36.040Z,"136 km NNE of Neiafu, Tonga",earthquake,9.9,1.886,0.127,6,reviewed,us,us
2024-10-04T13:58:58.791Z,-55.4887,-124.7274,10,5.3,mww,81,87,28.772,0.61,us,us6000nwkv,2024-12-14T14:50:32.040Z,"southern East Pacific Rise",earthquake,12.56,1.838,0.11,8,reviewed,us,us
2024-10-04T13:49:01.052Z,70.7217,-14.714,10,5.2,mww,94,46,6.501,0.59,us,us6000nwja,2024-12-14T14:50:31.040Z,"220 km W of Olonkinbyen, Svalbard and Jan Mayen",earthquake,8.63,1.882,0.053,34,reviewed,us,us
2024-10-04T11:42:16.166Z,70.6525,-14.6411,10,5,mww,59,54,6.45,0.81,us,us6000nwi8,2024-12-14T14:50:30.040Z,"219 km W of Olonkinbyen, Svalbard and Jan Mayen",earthquake,8.95,1.89,0.06,27,reviewed,us,us
2024-10-03T13:08:40.444Z,51.2896,-176.9375,35,5,mww,113,78,0.508,0.75,us,us6000nw9t,2026-07-17T19:42:56.263Z,"68 km SSW of Adak, Alaska",earthquake,4.36,1.834,0.071,19,reviewed,us,us
2024-10-03T13:08:06.345Z,-28.42,-176.3347,10,5.2,mww,61,63,1.622,0.79,us,us6000nw9u,2024-12-14T14:50:25.040Z,"Kermadec Islands region",earthquake,9.24,1.793,0.093,11,reviewed,us,us
2024-10-03T10:43:13.774Z,-0.9168,148.4037,10,5,mww,86,30,1.526,0.65,us,us6000nw94,2024-12-14T14:50:25.040Z,"176 km NE of Lorengau, Papua New Guinea",earthquake,7.25,1.729,0.089,12,reviewed,us,us
2024-10-03T08:19:05.009Z,21.3515,-45.4184,10,5,mb,97,68,15.634,0.63,us,us6000nw8l,2024-12-14T14:50:24.040Z,"northern Mid-Atlantic Ridge",earthquake,7,1.784,0.059,93,reviewed,us,us
2024-10-03T03:09:05.071Z,12.1586,143.9809,10,5,mb,46,77,1.665,0.88,us,us7000nmnj,2024-12-14T14:51:17.040Z,"143 km SSW of Merizo Village, Guam",earthquake,9.2,1.879,0.093,37,reviewed,us,us
2024-10-03T01:50:31.284Z,-46.8937,33.3709,10,5.1,mb,41,56,17.392,0.8,us,us6000nw77,2024-12-14T14:50:23.040Z,"Prince Edward Islands region",earthquake,12.24,1.868,0.09,40,reviewed,us,us
2024-10-02T21:41:45.992Z,-14.3317,167.3601,201.758,5.1,mww,150,32,6.844,0.54,us,us6000nw6c,2024-12-14T14:50:22.040Z,"54 km SSW of Sola, Vanuatu",earthquake,10.19,4.945,0.075,17,reviewed,us,us
2024-10-02T01:09:07.759Z,-46.881,-10.513,10,5.3,mww,55,54,25.129,0.65,us,us7000nhlb,2024-12-14T14:50:59.040Z,"southern Mid-Atlantic Ridge",earthquake,11.35,1.779,0.127,6,reviewed,us,us
2024-10-01T21:19:49.760Z,14.1621,124.8171,10,5.9,mww,236,24,7.088,0.74,us,us7000nhk8,2024-12-14T14:50:58.040Z,"62 km NE of Gigmoto, Philippines",earthquake,7.97,1.825,0.046,46,reviewed,us,us
2024-10-01T20:05:34.967Z,-19.2886,-173.0007,10,6.6,mww,114,23,2.772,0.71,us,us7000nhjw,2024-12-14T14:50:58.040Z,"125 km SE of Neiafu, Tonga",earthquake,10.41,1.723,0.035,77,reviewed,us,us
2024-10-01T09:28:05.313Z,-5.9828,124.8988,576,6.1,mww,213,23,3.73,0.5,us,us7000nhex,2024-12-14T14:50:55.040Z,"260 km ESE of Baubau, Indonesia",earthquake,9.16,1.954,0.04,61,reviewed,us,us
2024-10-01T08:23:31.735Z,-19.5584,-174.3044,61.053,5.1,mb,40,69,1.91,0.74,us,us7000nhee,2024-12-14T14:50:53.040Z,"21 km N of Fangale’ounga, Tonga",earthquake,13.47,6.528,0.057,100,reviewed,us,us
2024-10-01T07:10:38.542Z,0.4813,122.3155,122.886,5,mb,91,36,1.58,0.45,us,us7000nhe1,2024-12-14T14:50:52.040Z,"83 km W of Gorontalo, Indonesia",earthquake,7.06,4.861,0.064,77,reviewed,us,us
2024-10-01T05:01:57.286Z,-20.1744,-70.7062,22.259,5.3,mww,75,109,0.549,0.86,us,us7000nhdc,2024-12-14T14:50:10.040Z,"57 km W of Puerto, Chile",earthquake,4.66,3.843,0.066,22,reviewed,us,us
2024-10-01T01:33:38.644Z,-5.2843,152.6343,35,5,mb,48,50,1.145,0.84,us,us7000nhci,2024-12-14T14:50:51.040Z,"111 km SSE of Kokopo, Papua New Guinea",earthquake,8.13,1.838,0.058,95,reviewed,us,us
2024-09-30T12:21:58.340Z,53.0161,160.2468,30,5.9,mww,103,76,0.965,0.96,us,us7000nh82,2024-12-14T14:50:48.040Z,"108 km E of Petropavlovsk-Kamchatsky, Russia",earthquake,7.44,1.875,0.041,56,reviewed,us,us
2024-09-29T11:09:16.673Z,2.4975,126.838,46.013,5.2,mww,92,68,1.794,1.08,us,us7000nh3j,2024-12-06T19:30:18.040Z,"155 km WNW of Tobelo, Indonesia",earthquake,8.04,6.471,0.11,8,reviewed,us,us
2024-09-29T06:53:33.969Z,10.5139,124.465,10,5,mww,61,84,3.595,0.73,us,us7000nh2p,2025-01-22T23:59:50.427Z,"14 km SSE of Poro, Philippines",earthquake,9.92,1.742,0.066,22,reviewed,us,us
2024-09-28T16:52:39.434Z,-15.7267,-178.6642,10,5.1,mww,100,74,1.505,0.53,us,us7000nh0b,2024-12-06T19:30:18.040Z,"167 km SSW of Alo, Wallis and Futuna",earthquake,9.38,1.787,0.089,12,reviewed,us,us
2024-09-28T12:32:38.564Z,25.8513,141.7033,86.547,5.2,mb,66,137,1.312,0.69,us,us7000ngz7,2024-12-06T19:30:17.040Z,"Volcano Islands, Japan region",earthquake,10.76,7.489,0.053,119,reviewed,us,us
2024-09-28T03:04:19.771Z,41.8723,-126.3717,14.727,5.1,mww,68,231,1.551,1.19,us,us7000ngxr,2025-09-28T03:14:35.016Z,"169 km WSW of Pistol River, Oregon",earthquake,8.94,8.549,0.044,49,reviewed,us,us
2024-09-27T21:56:48.177Z,-22.9451,-177.1964,165.627,5.2,mww,140,65,2.597,0.63,us,us7000ngwn,2024-12-06T19:30:17.040Z,"277 km SW of Houma, Tonga",earthquake,11.02,5.358,0.073,18,reviewed,us,us
2024-09-27T18:35:22.035Z,-41.2103,-90.1998,10,5,mww,69,129,13.983,0.61,us,us7000ngy9,2024-12-06T19:30:17.040Z,"southeast of Easter Island",earthquake,12.18,1.856,0.08,15,reviewed,us,us
2024-09-27T14:58:08.886Z,-19.9642,169.3284,109.657,5.1,mww,93,68,3.166,0.74,us,us7000ngth,2024-12-06T19:30:17.040Z,"47 km S of Isangel, Vanuatu",earthquake,8.77,6.329,0.071,19,reviewed,us,us
2024-09-27T14:23:44.073Z,-28.0382,-12.8786,10,5.1,mww,33,75,20.047,0.47,us,us7000ngyb,2024-12-06T19:30:17.040Z,"southern Mid-Atlantic Ridge",earthquake,13.08,1.889,0.103,9,reviewed,us,us
2024-09-27T11:20:17.315Z,-30.8385,-179.7256,355.217,5.2,mww,76,65,2.218,0.76,us,us7000ngsr,2024-12-06T19:30:16.040Z,"Kermadec Islands region",earthquake,8.31,4.993,0.083,14,reviewed,us,us
2024-09-27T03:39:30.561Z,11.8445,-87.7374,35,5,mww,63,83,1.099,0.99,us,us7000ngr0,2024-12-06T19:30:16.040Z,"93 km SW of Corinto, Nicaragua",earthquake,6.23,1.879,0.05,38,reviewed,us,us
2024-09-27T02:23:00.926Z,-11.0022,161.4331,10,5.2,mww,44,43,2.134,0.94,us,us7000ngqn,2024-12-06T19:30:16.040Z,"80 km SW of Kirakira, Solomon Islands",earthquake,9,1.53,0.075,17,reviewed,us,us
2024-09-26T22:02:01.920Z,-41.4527,-86.3234,10,5,mww,87,39,10.043,0.92,us,us7000ngpk,2024-12-06T19:30:16.040Z,"West Chile Rise",earthquake,10.83,1.748,0.08,15,reviewed,us,us
2024-09-26T19:19:28.664Z,-17.199,66.5336,10,6.3,mww,105,29,3.934,0.84,us,us7000ngmr,2024-12-06T19:30:16.040Z,"Mauritius - Reunion region",earthquake,8.08,1.805,0.041,56,reviewed,us,us
2024-09-26T07:01:09.508Z,42.8235,145.0928,50,5.5,mww,240,83,1.645,0.55,us,us7000ngi1,2024-12-06T19:30:15.040Z,"30 km SE of Akkeshi, Japan",earthquake,6.73,1.72,0.071,19,reviewed,us,us
2024-09-25T14:01:05.073Z,-57.6266,-6.9134,10,5.3,mww,71,78,14.203,0.62,us,us7000ng5k,2024-12-06T19:30:15.040Z,"southern Mid-Atlantic Ridge",earthquake,11.05,1.869,0.139,5,reviewed,us,us
2024-09-25T06:43:21.209Z,14.3393,-93.2518,10,5.3,mww,108,69,1.252,1.04,us,us7000ng3m,2024-12-06T19:30:15.040Z,"98 km WSW of Puerto Madero, Mexico",earthquake,5.23,1.784,0.046,46,reviewed,us,us
2024-09-24T21:58:09.070Z,-16.8592,-176.9705,10,5.4,mww,181,49,2.768,0.61,us,us7000ng1k,2024-12-06T19:30:15.040Z,"Fiji region",earthquake,7.64,1.857,0.06,27,reviewed,us,us
2024-09-24T14:24:26.780Z,-25.864,-70.8688,51.785,5.2,mww,186,41,0.373,0.72,us,us6000nu2l,2024-12-06T19:30:13.040Z,"63 km SW of Taltal, Chile",earthquake,5.67,3.381,0.057,30,reviewed,us,us
2024-09-24T06:59:45.365Z,-25.4455,-115.9057,10,5.1,mww,78,163,6.131,0.82,us,us6000nu14,2024-12-06T19:30:13.040Z,"southern East Pacific Rise",earthquake,14.45,1.922,0.093,11,reviewed,us,us
2024-09-24T00:58:46.443Z,-31.3501,-65.6919,151.869,5,mww,143,35,2.565,0.89,us,us6000ntzv,2024-12-06T19:30:13.040Z,"57 km W of Salsacate, Argentina",earthquake,7.39,5.079,0.068,21,reviewed,us,us
2024-09-23T23:14:20.196Z,31.5066,140.0417,19.112,5.6,mww,204,35,1.615,0.6,us,us6000ntz9,2024-12-06T19:30:13.040Z,"Izu Islands, Japan region",earthquake,7.13,3.565,0.039,62,reviewed,us,us
2024-09-23T19:51:02.568Z,-0.0469,122.8918,143,6,mww,128,21,0.996,1.01,us,us6000ntxc,2024-12-06T19:30:12.040Z,"67 km SSW of Gorontalo, Indonesia",earthquake,6.36,1.785,0.037,72,reviewed,us,us
2024-09-23T19:08:46.536Z,-32.8176,179.8043,194.568,5,mb,59,53,4.046,0.86,us,us6000ntwy,2024-12-06T19:30:12.040Z,"south of the Kermadec Islands",earthquake,8.78,6.765,0.045,161,reviewed,us,us
2024-09-23T05:08:31.426Z,73.2428,6.3939,10,5.1,mww,165,33,5.53,0.34,us,us6000ntsy,2024-12-06T19:30:12.040Z,"Greenland Sea",earthquake,8.74,1.848,0.052,36,reviewed,us,us
2024-09-23T02:36:39.125Z,-29.7019,-71.1952,61,5.4,mww,130,63,0.219,0.71,us,us6000ntsj,2024-12-06T19:30:12.040Z,"23 km NNE of La Serena, Chile",earthquake,4.43,1.816,0.047,43,reviewed,us,us
2024-09-22T20:42:35.850Z,-17.3948,66.5546,10,5.4,mww,80,44,3.826,0.53,us,us6000ntr4,2024-11-23T23:26:52.040Z,"Mauritius - Reunion region",earthquake,7.37,1.737,0.073,18,reviewed,us,us
2024-09-22T18:46:38.370Z,-32.0313,-71.5626,53.976,5.1,mww,84,69,0.499,0.69,us,us6000ntqb,2024-11-23T23:26:51.040Z,"56 km NNW of La Ligua, Chile",earthquake,3.22,5.219,0.093,11,reviewed,us,us
2024-09-22T08:43:08.358Z,-41.3779,-87.8171,10,5.3,mww,67,96,11.968,0.65,us,us6000ntmw,2024-11-23T23:26:46.040Z,"West Chile Rise",earthquake,11.42,1.877,0.05,39,reviewed,us,us
2024-09-22T02:25:47.516Z,13.2483,-89.4248,76.93,5,mww,80,74,0.404,0.99,us,us6000ntl2,2024-11-23T23:26:42.040Z,"28 km SSW of La Libertad, El Salvador",earthquake,6.56,4.717,0.062,25,reviewed,us,us
2024-09-21T21:24:28.737Z,-31.8909,-66.887,141,6,mww,340,41,1.57,0.84,us,us6000ntjh,2024-11-23T23:26:40.040Z,"95 km NNW of Villa General Roca, Argentina",earthquake,8.32,1.904,0.05,38,reviewed,us,us
2024-09-21T17:21:19.418Z,51.2868,-178.4612,44.504,5.4,mww,299,33,0.346,0.77,us,us6000ntia,2026-07-17T17:48:21.764Z,"142 km WSW of Adak, Alaska",earthquake,3.55,3.808,0.043,53,reviewed,us,us
2024-09-21T15:17:38.608Z,-41.4839,-87.8393,10,5,mb,144,56,11.529,0.46,us,us7000ng6e,2024-11-23T23:27:33.040Z,"West Chile Rise",earthquake,11.94,1.795,0.047,146,reviewed,us,us
2024-09-21T02:32:17.107Z,-29.064,-176.4824,9,5.6,mww,59,51,1.273,1.23,us,us6000ntf1,2024-11-23T23:26:31.040Z,"Kermadec Islands region",earthquake,9.67,1.822,0.062,25,reviewed,us,us
2024-09-20T10:52:00.031Z,-17.7447,-173.075,10,5.1,mww,66,76,3.955,0.5,us,us6000nt99,2024-11-23T23:26:17.040Z,"138 km NE of Neiafu, Tonga",earthquake,5.66,1.838,0.093,11,reviewed,us,us
2024-09-20T05:13:43.299Z,23.4478,142.5144,100.099,5.1,mww,76,79,3.644,0.9,us,us6000nt84,2024-11-23T23:26:15.040Z,"Volcano Islands, Japan region",earthquake,9.77,6.756,0.065,23,reviewed,us,us
2024-09-19T10:17:52.151Z,-5.5724,82.6728,10,5.1,mb,108,44,10.318,0.85,us,us6000nt14,2024-11-23T23:26:03.040Z,"South Indian Ocean",earthquake,9.55,1.756,0.058,96,reviewed,us,us
2024-09-19T08:41:00.921Z,-5.5707,147.4561,192.506,5.5,mww,139,47,3.505,0.65,us,us6000nt0l,2024-11-23T23:26:01.040Z,"117 km NNW of Finschhafen, Papua New Guinea",earthquake,8.52,6.614,0.05,38,reviewed,us,us
2024-09-19T07:47:26.751Z,2.3789,128.4621,41.584,5.1,mb,30,82,1.936,0.81,us,us6000ntvt,2024-11-23T23:26:56.040Z,"87 km NE of Tobelo, Indonesia",earthquake,11.43,7.061,0.121,22,reviewed,us,us
2024-09-19T07:45:33.708Z,2.1924,128.6935,26.101,5.2,mww,153,76,1.937,0.73,us,us6000nt0c,2024-11-23T23:26:00.040Z,"91 km NE of Tobelo, Indonesia",earthquake,7.37,4.984,0.093,11,reviewed,us,us
2024-09-19T05:20:57.102Z,10.461,91.6084,10,5.2,mww,170,45,7.415,0.49,us,us6000nszv,2024-11-23T23:25:59.040Z,"182 km SW of Port Blair, India",earthquake,7.6,1.829,0.071,19,reviewed,us,us
2024-09-18T11:55:03.911Z,-27.2463,-176.755,10,5,mb,26,135,2.244,0.6,us,us6000ntbq,2024-11-23T23:26:25.040Z,"Kermadec Islands region",earthquake,12.08,1.716,0.13,19,reviewed,us,us
2024-09-18T11:53:53.855Z,-27.4225,-176.6924,17,5.7,mww,79,66,2.118,0.75,us,us6000nsve,2024-11-23T23:25:51.040Z,"Kermadec Islands region",earthquake,11.4,1.849,0.071,19,reviewed,us,us
2024-09-18T07:52:28.320Z,5.1719,-82.659,10,5,mww,83,73,4.105,0.91,us,us6000nsuw,2024-11-23T23:25:51.040Z,"south of Panama",earthquake,7.13,1.846,0.041,57,reviewed,us,us
2024-09-18T02:41:06.723Z,-7.2418,107.5662,10,5,mww,90,33,0.235,0.79,us,us6000nsu0,2024-11-23T23:25:49.040Z,"15 km ESE of Banjar, Indonesia",earthquake,5.43,1.752,0.11,8,reviewed,us,us
2024-09-18T00:25:13.745Z,-25.798,47.3106,10,5.3,mww,101,42,6.748,0.88,us,us6000nstp,2024-11-23T23:25:48.040Z,"90 km SSE of Tôlanaro, Madagascar",earthquake,10.16,1.857,0.089,12,reviewed,us,us
2024-09-17T00:49:42.183Z,32.411,-102.057,6.1279,5.1,ml,24,38,0,0.1,tx,tx2024shcj,2026-07-17T16:43:13.657Z,"2024 North of Tarzan, Texas Earthquake",earthquake,0.39816164788025,1.1197002263205,0.2,36,reviewed,tx,tx
2024-09-16T14:40:21.768Z,45.5663,26.2679,132.923,5.2,mww,164,19,0.239,0.95,us,us7000ne92,2026-06-28T19:42:50.078Z,"8 km N of Cașoca, Romania",earthquake,6.19,3.633,0.053,34,reviewed,us,us
2024-09-16T14:13:46.241Z,31.6079,131.8109,10.257,5.5,mww,120,57,1.164,1.2,us,us7000ne8y,2024-11-23T23:27:17.040Z,"42 km E of Nichinan, Japan",earthquake,5.78,3.425,0.11,8,reviewed,us,us
2024-09-16T11:36:34.522Z,17.1539,147.2254,31,6.3,mww,134,33,2.35,1.11,us,us7000ne84,2025-09-16T11:46:39.555Z,"266 km NE of Saipan, Northern Mariana Islands",earthquake,8.58,1.878,0.043,52,reviewed,us,us
2024-09-16T10:23:39.892Z,-41.2526,-90.9503,10,5.1,mww,66,94,13.97,0.75,us,us7000ne7v,2024-11-23T23:27:14.040Z,"southeast of Easter Island",earthquake,11.91,1.838,0.071,19,reviewed,us,us
2024-09-16T05:12:19.314Z,-20.7895,169.422,32.915,5.4,mww,119,118,2.582,0.47,us,us7000ne6s,2024-11-23T23:27:12.040Z,"138 km S of Isangel, Vanuatu",earthquake,9.22,5.157,0.069,20,reviewed,us,us
2024-09-15T22:22:48.018Z,51.6088,-130.6121,3.766,6.5,mww,172,40,0.775,0.58,us,us7000ne51,2024-11-21T22:58:58.040Z,"271 km WNW of Port McNeill, Canada",earthquake,4.9,3.358,0.025,150,reviewed,us,us
2024-09-15T13:08:08.287Z,1.3429,118.4805,6.526,5.5,mww,91,58,2.312,0.83,us,us7000ne1t,2024-11-21T22:58:58.040Z,"173 km NE of Bontang, Indonesia",earthquake,6.47,3.116,0.052,35,reviewed,us,us
2024-09-15T12:41:03.246Z,52.0984,-179.7374,167.353,5,mww,258,49,0.403,1.01,us,us7000ne1l,2025-09-15T12:51:10.839Z,"214 km W of Adak, Alaska",earthquake,6.6,4.356,0.05,38,reviewed,us,us
2024-09-15T09:54:33.875Z,-7.3767,106.6662,51.169,5,mww,79,56,0.979,0.9,us,us7000ne03,2024-11-21T22:58:58.040Z,"44 km SSE of Pelabuhanratu, Indonesia",earthquake,7.69,6.092,0.093,11,reviewed,us,us
2024-09-15T04:58:33.250Z,13.0626,-89.9141,29.796,5.2,mww,91,49,0.742,1.43,us,us7000ndx1,2024-11-21T22:58:57.040Z,"59 km S of Acajutla, El Salvador",earthquake,6.34,3.736,0.043,53,reviewed,us,us
2024-09-14T21:37:37.604Z,1.8932,99.0554,127.607,5,mww,149,43,0.806,0.9,us,us7000ndur,2024-11-21T22:58:57.040Z,"34 km ENE of Sibolga, Indonesia",earthquake,6.91,3.966,0.083,14,reviewed,us,us
2024-09-14T11:41:32.385Z,13.0307,144.2535,10,5.5,mww,68,59,0.816,0.82,us,us7000ndsf,2025-09-14T11:51:43.989Z,"52 km WSW of Merizo Village, Guam",earthquake,7.91,1.856,0.056,31,reviewed,us,us
2024-09-14T03:20:32.451Z,-34.235,-178.9878,10,5,mb,41,79,3.981,0.88,us,us7000ndqm,2024-11-21T22:58:57.040Z,"south of the Kermadec Islands",earthquake,10.32,1.832,0.105,36,reviewed,us,us
2024-09-14T02:02:59.995Z,-15.4064,168.2957,10,5,mww,67,75,6.382,0.94,us,us7000ndq3,2024-11-21T22:58:57.040Z,"120 km NE of Norsup, Vanuatu",earthquake,10.73,1.827,0.093,11,reviewed,us,us
2024-09-13T23:03:41.334Z,29.8106,130.9208,30,5.7,mww,307,18,1.741,0.5,us,us7000ndp6,2024-11-21T22:58:56.040Z,"59 km SE of Koshima, Japan",earthquake,6.41,1.752,0.066,22,reviewed,us,us
2024-09-13T08:23:56.652Z,-35.1072,-179.2287,11.47,5.1,mww,38,78,3.156,0.99,us,us7000ndgu,2024-11-21T22:58:56.040Z,"east of the North Island of New Zealand",earthquake,12.54,5.389,0.069,20,reviewed,us,us
2024-09-13T06:33:47.161Z,4.6972,126.5809,60.965,5,mww,77,103,2.559,0.76,us,us7000ndg9,2024-11-21T22:58:56.040Z,"146 km ESE of Sarangani, Philippines",earthquake,8.1,6.021,0.11,8,reviewed,us,us
2024-09-12T23:48:17.804Z,30.9789,141.3145,45.941,5.2,mww,109,27,2.482,0.73,us,us7000nded,2024-11-21T22:58:56.040Z,"Izu Islands, Japan region",earthquake,8.23,5.074,0.062,25,reviewed,us,us
2024-09-12T06:20:23.033Z,12.0127,143.7299,10,5.1,mb,73,86,3.777,0.5,us,us7000nd8k,2026-08-28T14:01:54.546Z,"172 km SW of Merizo Village, Guam",earthquake,11.83,1.882,0.073,61,reviewed,us,us
2024-09-11T19:52:23.809Z,-15.2249,168.1888,16.108,5,mb,51,74,6.469,0.84,us,us7000nd5k,2024-11-21T22:58:55.040Z,"114 km ENE of Luganville, Vanuatu",earthquake,10.58,3.938,0.078,52,reviewed,us,us
2024-09-11T19:22:55.878Z,-15.257,168.0658,18.766,5.8,mww,114,26,6.376,0.86,us,us7000nd53,2024-11-21T22:58:55.040Z,"101 km ENE of Luganville, Vanuatu",earthquake,10.11,3.422,0.048,42,reviewed,us,us
2024-09-11T18:46:56.258Z,-15.3075,167.9619,10,5.1,mb,69,57,6.279,0.9,us,us7000nd4v,2024-11-21T22:58:55.040Z,"88 km ENE of Luganville, Vanuatu",earthquake,8.37,1.833,0.073,61,reviewed,us,us
2024-09-11T18:17:57.734Z,-15.2845,168.2762,12,5.7,mww,160,50,6.469,0.98,us,us7000nd4s,2024-11-21T22:58:55.040Z,"122 km ENE of Luganville, Vanuatu",earthquake,5.81,1.56,0.056,31,reviewed,us,us
2024-09-11T16:46:05.054Z,-3.2871,146.4088,8,6.3,mww,145,79,1.562,1.21,us,us7000nd4f,2024-11-21T22:58:55.040Z,"168 km SW of Lorengau, Papua New Guinea",earthquake,7.41,1.799,0.047,43,reviewed,us,us
2024-09-11T07:28:02.928Z,31.2637,70.5845,31,5.1,mwb,101,51,3.288,0.91,us,us7000nd1m,2024-11-21T22:58:55.040Z,"35 km W of Karor, Pakistan",earthquake,6.5,1.863,0.055,32,reviewed,us,us
2024-09-10T23:57:23.138Z,-55.8718,-26.3272,10,5,mb,36,122,6.049,1.05,us,us7000ncz7,2024-11-21T22:58:55.040Z,"South Sandwich Islands region",earthquake,12.85,1.922,0.096,35,reviewed,us,us
2024-09-10T23:50:39.182Z,-55.8712,-26.174,10,5.7,mb,102,47,6.134,0.84,us,us7000ncz6,2024-11-21T22:58:55.040Z,"South Sandwich Islands region",earthquake,10.48,1.856,0.06,99,reviewed,us,us
2024-09-10T22:01:21.115Z,-55.8068,-26.2394,10,5.1,mb,46,68,6.086,0.82,us,us7000ncyh,2024-11-21T22:58:55.040Z,"South Sandwich Islands region",earthquake,11.37,1.882,0.087,43,reviewed,us,us
2024-09-10T21:48:45.181Z,-55.8717,-26.1777,10,5,mb,31,68,6.132,0.65,us,us7000ncyc,2024-11-21T22:58:55.040Z,"South Sandwich Islands region",earthquake,12.12,1.904,0.106,28,reviewed,us,us
2024-09-10T21:39:12.501Z,-55.8493,-26.1325,10,5.1,mb,52,68,6.153,0.71,us,us7000ncy8,2024-11-21T22:58:55.040Z,"South Sandwich Islands region",earthquake,11.65,1.891,0.081,49,reviewed,us,us
2024-09-10T21:18:56.482Z,-55.8346,-26.1345,10,5,mb,44,68,6.149,0.69,us,us7000ncy0,2024-11-21T22:58:55.040Z,"South Sandwich Islands region",earthquake,11.97,1.901,0.09,40,reviewed,us,us
2024-09-10T21:02:49.803Z,-15.4321,-173.7481,48.605,5,mb,224,64,2.432,0.54,us,us7000ncxz,2024-11-21T22:58:55.040Z,"58 km N of Hihifo, Tonga",earthquake,7.32,6.374,0.04,205,reviewed,us,us
2024-09-10T04:59:11.161Z,-30.4529,-177.576,10,5,mb,48,135,1.224,0.67,us,us6000nqtr,2024-11-21T22:58:52.040Z,"Kermadec Islands, New Zealand",earthquake,10.17,1.652,0.105,29,reviewed,us,us
2024-09-10T00:53:39.171Z,-26.6772,-176.3359,35,5,mb,89,124,2.92,0.5,us,us6000nqsx,2024-11-21T22:58:52.040Z,"south of the Fiji Islands",earthquake,9.78,1.775,0.067,72,reviewed,us,us
2024-09-09T21:01:29.242Z,4.3404,126.7337,48.5,5.1,mww,212,72,2.944,0.53,us,us6000nqrs,2024-11-21T22:58:52.040Z,"183 km SE of Sarangani, Philippines",earthquake,7.11,5.044,0.086,13,reviewed,us,us
2024-09-09T17:37:09.146Z,-6.2802,-107.1062,10,5.4,mww,73,153,17.109,0.66,us,us6000nqqz,2024-11-21T22:58:52.040Z,"central East Pacific Rise",earthquake,14.36,1.931,0.06,27,reviewed,us,us
2024-09-09T15:02:53.941Z,-29.6808,-176.1815,10,5,mb,66,63,1.573,0.74,us,us6000nqni,2024-11-21T22:58:52.040Z,"Kermadec Islands region",earthquake,10.51,1.807,0.048,142,reviewed,us,us
2024-09-09T06:08:43.734Z,-22.498,69.1885,10,5,mb,99,45,6.078,0.39,us,us6000nqks,2024-11-21T22:58:52.040Z,"Mid-Indian Ridge",earthquake,9.71,1.839,0.061,86,reviewed,us,us
2024-09-08T23:15:32.438Z,-4.1123,142.9635,66.504,5,mww,130,49,2.759,0.68,us,us6000nqja,2024-11-15T16:20:08.040Z,"19 km NE of Ambunti, Papua New Guinea",earthquake,7.81,5.25,0.11,8,reviewed,us,us
2024-09-08T21:13:08.839Z,-56.6158,-27.2342,144.374,5.1,mb,134,39,5.761,0.49,us,us6000nqim,2024-11-15T16:20:08.040Z,"South Sandwich Islands region",earthquake,10.56,4.411,0.061,88,reviewed,us,us
2024-09-08T14:53:24.791Z,-10.808,166.25,191.245,5,mww,94,29,6.353,0.68,us,us6000nqh7,2024-11-15T16:20:07.040Z,"50 km E of Lata, Solomon Islands",earthquake,8.66,2.663,0.098,10,reviewed,us,us
2024-09-08T05:29:00.560Z,-22.075,169.7349,10,5.4,mww,55,112,2.185,0.98,us,us6000nqf8,2024-11-15T16:20:06.040Z,"200 km ESE of Tadine, New Caledonia",earthquake,5.6,1.858,0.061,26,reviewed,us,us
2024-09-08T05:01:40.450Z,-7.3916,156.1867,35.938,5.3,mww,108,24,4.24,0.75,us,us6000nqf4,2024-11-15T16:20:06.040Z,"106 km NW of Gizo, Solomon Islands",earthquake,6.73,5.041,0.083,14,reviewed,us,us
2024-09-08T04:22:25.312Z,-32.5799,-178.9861,79.902,5.1,mb,23,117,3.432,0.97,us,us6000nqeu,2024-11-15T16:20:06.040Z,"south of the Kermadec Islands",earthquake,13.22,7.398,0.045,163,reviewed,us,us
2024-09-08T02:45:00.969Z,-12.4524,166.532,46.956,5.1,mb,62,153,7.125,0.75,us,us6000nqej,2024-11-15T16:20:06.040Z,"192 km NW of Sola, Vanuatu",earthquake,10.72,5.561,0.078,53,reviewed,us,us
2024-09-07T22:39:08.385Z,-21.3109,-173.822,10,5.8,mww,406,36,1.06,0.65,us,us6000nqd8,2024-11-15T16:20:05.040Z,"117 km E of ‘Ohonua, Tonga",earthquake,7.19,1.801,0.058,29,reviewed,us,us
2024-09-07T13:42:52.564Z,32.2043,137.7326,384.984,5.2,mww,120,34,1.977,0.79,us,us6000nqat,2024-11-15T16:20:03.040Z,"230 km SE of Kushimoto, Japan",earthquake,8.67,4.801,0.083,14,reviewed,us,us
2024-09-07T08:21:26.101Z,-35.7134,-100.6652,10,5.3,mww,110,121,11.312,0.67,us,us6000nq9r,2024-11-15T16:20:02.040Z,"southeast of Easter Island",earthquake,13.32,1.928,0.056,31,reviewed,us,us
2024-09-07T06:31:10.994Z,37.3103,37.0627,4.096,5,mww,84,51,0.181,0.87,us,us6000nq9a,2024-11-15T16:20:02.040Z,"28 km SW of Pazarcık, Turkey",earthquake,7.13,3.342,0.068,21,reviewed,us,us
2024-09-06T19:02:01.444Z,-8.1642,106.829,10.274,5,mb,99,67,1.071,1.11,us,us6000nq5j,2024-11-15T16:20:00.040Z,"126 km SSW of Banjar, Indonesia",earthquake,6.41,3.488,0.061,88,reviewed,us,us
2024-09-06T18:56:51.634Z,-58.3228,-139.955,10,5,mb,46,72,26.234,0.63,us,us6000nq5l,2024-11-15T16:20:00.040Z,"Pacific-Antarctic Ridge",earthquake,10.94,1.686,0.1,36,reviewed,us,us
2024-09-06T17:30:38.508Z,-35.3672,-179.4328,10,5,mww,96,52,2.849,0.83,us,us6000nq4k,2024-11-15T16:20:00.040Z,"east of the North Island of New Zealand",earthquake,9.56,1.758,0.083,14,reviewed,us,us
2024-09-06T15:52:38.308Z,13.3537,-90.7453,48.832,5.1,mww,134,145,1.085,0.81,us,us6000nq33,2024-11-15T16:20:00.040Z,"64 km S of Puerto San José, Guatemala",earthquake,2.25,5.212,0.086,13,reviewed,us,us
2024-09-06T14:24:59.611Z,-49.0629,164.5975,32.055,5.2,mww,54,85,3.222,1.03,us,us6000nq21,2024-11-15T16:19:59.040Z,"Auckland Islands, New Zealand region",earthquake,7.25,3.902,0.073,18,reviewed,us,us
2024-09-06T10:12:58.767Z,-28.6734,-69.6082,123,5.7,mww,170,38,1.016,0.68,us,us6000nq0y,2024-11-15T16:19:59.040Z,"113 km E of Vallenar, Chile",earthquake,6.36,1.928,0.056,31,reviewed,us,us
2024-09-06T01:06:35.535Z,-5.4079,102.6434,19.632,5.3,mb,93,33,1.086,0.89,us,us6000npz9,2024-11-15T16:19:58.040Z,"166 km SSW of Pagar Alam, Indonesia",earthquake,6.34,3.348,0.049,146,reviewed,us,us
2024-09-05T18:12:40.376Z,52.6274,-34.3303,10,5.5,mww,118,73,10.468,0.67,us,us6000npwm,2024-11-15T16:19:57.040Z,"Reykjanes Ridge",earthquake,9.37,1.862,0.048,41,reviewed,us,us
2024-09-05T15:28:58.554Z,-32.7863,-179.0489,46.682,5.2,mb,45,111,3.644,1.01,us,us6000npv3,2024-11-15T16:19:57.040Z,"south of the Kermadec Islands",earthquake,10.69,6.128,0.065,81,reviewed,us,us
2024-09-05T10:38:27.509Z,-19.1241,-67.3092,239,5.7,mww,114,19,1.86,1.16,us,us6000npu5,2024-11-15T16:19:56.040Z,"61 km WSW of Challapata, Bolivia",earthquake,6.6,1.855,0.046,46,reviewed,us,us
2024-09-05T04:31:28.758Z,-0.2348,124.5515,36.451,5.2,mb,139,56,2.987,1.06,us,us6000npsr,2024-11-15T16:19:55.040Z,"76 km S of Modisi, Indonesia",earthquake,6.67,5.552,0.051,127,reviewed,us,us
2024-09-05T01:03:15.672Z,-3.5428,144.1953,7,6.2,mww,91,77,3.5,0.97,us,us6000nps8,2024-11-15T16:19:55.040Z,"59 km NNE of Angoram, Papua New Guinea",earthquake,7.6,1.85,0.047,44,reviewed,us,us
2024-09-04T19:09:19.256Z,-10.7702,165.8853,104.511,5.4,mww,157,36,5.994,0.56,us,us6000npqs,2024-11-15T16:19:55.040Z,"10 km ESE of Lata, Solomon Islands",earthquake,8.5,4.424,0.056,31,reviewed,us,us
2024-09-04T09:40:44.266Z,-7.508,126.491,10,5,mb,71,66,4.358,0.58,us,us6000npm7,2024-11-15T16:19:53.040Z,"107 km N of Baukau, Timor Leste",earthquake,7.27,1.111,0.071,64,reviewed,us,us
2024-09-04T01:19:05.355Z,-21.2967,170.139,110.982,5,mww,97,24,2.822,0.56,us,us6000npkz,2024-11-15T16:19:53.040Z,"213 km SSE of Isangel, Vanuatu",earthquake,9.28,5.038,0.08,15,reviewed,us,us
2024-09-03T23:55:46.113Z,14.8504,122.5404,10,5,mb,140,120,8.044,0.69,us,us6000npkt,2024-11-15T16:19:52.040Z,"23 km NE of Casuguran, Philippines",earthquake,9.78,1.87,0.051,123,reviewed,us,us
2024-09-03T23:16:44.482Z,14.864,122.5951,16.815,5.3,mww,180,79,8.04,0.68,us,us6000npkr,2024-11-15T16:19:52.040Z,"28 km NE of Casuguran, Philippines",earthquake,9.26,4.481,0.069,20,reviewed,us,us
2024-09-03T16:31:15.201Z,64.5882,-17.3212,10,5.1,mww,367,22,1.73,0.49,us,us6000npik,2024-11-15T16:19:51.040Z,"108 km WNW of Höfn, Iceland",earthquake,6.22,1.775,0.047,43,reviewed,us,us
2024-09-03T01:21:40.316Z,-45.5961,-76.6765,10,5.3,mww,183,133,2.274,0.62,us,us6000npej,2024-11-15T16:19:49.040Z,"Off the coast of Aisen, Chile",earthquake,8.53,1.842,0.061,26,reviewed,us,us
2024-09-02T08:26:25.393Z,23.861,121.669,37.627,5,mww,89,71,0.319,0.64,us,us6000np7v,2024-11-15T16:19:47.040Z,"14 km SSE of Hualien City, Taiwan",earthquake,4.43,5.209,0.086,13,reviewed,us,us
2024-09-02T03:16:39.768Z,-36.2422,-100.5424,10,5.3,mww,79,36,11.768,0.51,us,us6000np6k,2024-11-15T16:19:46.040Z,"southeast of Easter Island",earthquake,11.59,1.776,0.071,19,reviewed,us,us
2024-09-01T20:13:34.201Z,-6.8295,155.5297,39,6.4,mww,111,34,5.084,0.72,us,us6000np3z,2024-11-09T21:19:03.040Z,"56 km S of Panguna, Papua New Guinea",earthquake,8.15,1.941,0.031,103,reviewed,us,us
2024-09-01T19:59:25.436Z,3.7986,126.5018,46.933,5,mb,101,66,3.128,0.96,us,us6000np3w,2024-11-09T21:19:03.040Z,"211 km SSE of Sarangani, Philippines",earthquake,7.57,6.558,0.042,179,reviewed,us,us
2024-09-01T16:31:03.237Z,-22.6067,172.809,44.934,5.1,mww,65,89,4.955,0.7,us,us6000np31,2024-11-09T21:19:02.040Z,"southeast of the Loyalty Islands",earthquake,11.03,6.165,0.08,15,reviewed,us,us
2024-09-01T07:38:19.520Z,-5.8799,149.5469,97.103,5.2,mww,65,83,4.226,0.69,us,us6000np0y,2024-11-09T21:19:00.040Z,"36 km N of Kandrian, Papua New Guinea",earthquake,8.25,6.062,0.089,12,reviewed,us,us
2024-09-01T03:42:49.557Z,8.1965,91.7229,10,5.2,mww,113,62,5.967,0.9,us,us6000nnzf,2024-11-09T21:18:59.040Z,"Nicobar Islands, India region",earthquake,6.83,1.68,0.069,20,reviewed,us,us
2024-09-01T00:53:14.857Z,-57.9294,-25.6883,39.749,5.4,mww,126,55,16.686,0.83,us,us6000nny3,2024-11-09T21:18:58.040Z,"South Sandwich Islands region",earthquake,11.09,5.359,0.11,8,reviewed,us,us
2024-09-01T00:49:26.519Z,4.8108,125.3428,10,5,mb,85,106,2.256,0.79,us,us6000nny2,2024-11-09T21:18:58.040Z,"66 km SSW of Sarangani, Philippines",earthquake,8.58,1.897,0.065,76,reviewed,us,us
2024-08-31T13:04:47.984Z,-29.863,-71.6748,27.278,5,mwr,51,116,0.383,0.69,us,us6000nnvk,2024-11-09T21:17:32.040Z,"33 km WNW of Coquimbo, Chile",earthquake,5.39,3.268,0.039,62,reviewed,us,us
2024-08-31T08:53:48.700Z,-3.4079,139.7218,49.939,5,mb,71,49,1.322,0.52,us,us6000nnut,2024-11-09T21:18:54.040Z,"135 km SW of Abepura, Indonesia",earthquake,7.92,7.054,0.072,63,reviewed,us,us
2024-08-30T21:25:34.385Z,5.3837,-82.5537,10,5.1,mww,85,73,3.102,0.76,us,us6000nnrw,2024-11-09T21:18:50.040Z,"288 km SW of Arenas, Panama",earthquake,5.66,1.771,0.062,25,reviewed,us,us
2024-08-30T09:32:22.858Z,53.015,-33.1749,10,5.6,mww,210,34,10.518,0.5,us,us6000nnn3,2024-11-09T21:18:46.040Z,"Reykjanes Ridge",earthquake,9.47,1.832,0.04,59,reviewed,us,us
2024-08-30T04:24:22.983Z,53.0016,160.3787,26,6,mww,117,60,1.045,1.2,us,us6000nnlx,2024-11-09T21:18:45.040Z,"117 km E of Petropavlovsk-Kamchatsky, Russia",earthquake,7.91,1.823,0.047,44,reviewed,us,us
2024-08-29T20:19:26.053Z,-62.8479,-158.0776,10,5.4,mww,38,126,18.587,0.79,us,us6000nnjr,2024-11-09T21:18:43.040Z,"Pacific-Antarctic Ridge",earthquake,14.01,1.895,0.098,10,reviewed,us,us
2024-08-29T05:56:40.251Z,36.5209,71.2507,221.698,5.2,mww,190,34,2.643,0.73,us,us6000nnfd,2024-11-09T21:18:40.040Z,"31 km SW of Ashkāsham, Afghanistan",earthquake,7.24,5.139,0.08,15,reviewed,us,us
2024-08-28T21:57:54.957Z,13.0471,-89.583,26.358,6.1,mww,224,33,0.617,0.97,us,us6000nncs,2026-03-26T17:41:18.043Z,"56 km SSW of La Libertad, El Salvador",earthquake,5.91,3.155,0.037,72,reviewed,us,us
2024-08-28T16:29:57.573Z,34.9142,24.2038,54.834,5.1,mww,247,77,0.675,0.83,us,us6000nn9g,2024-11-09T21:18:35.040Z,"13 km NE of Kastrí, Greece",earthquake,6.73,5.217,0.058,29,reviewed,us,us
2024-08-27T22:43:05.503Z,-34.4151,179.8618,61.902,5,mww,104,64,3.384,0.91,us,us6000nn4q,2024-11-09T21:18:31.040Z,"south of the Kermadec Islands",earthquake,10.59,5.54,0.083,14,reviewed,us,us
2024-08-27T13:01:31.899Z,12.5355,123.5062,10.22,5,mww,128,82,5.802,0.47,us,us6000np7c,2024-11-09T21:19:05.040Z,"6 km N of Baleno, Philippines",earthquake,5.69,4.196,0.061,26,reviewed,us,us
2024-08-27T02:15:18.032Z,-7.1565,129.4461,78,5.8,mww,99,17,2.656,0.81,us,us6000nmzd,2024-11-09T21:18:26.040Z,"Kepulauan Babar, Indonesia",earthquake,8.75,1.871,0.073,18,reviewed,us,us
2024-08-26T16:21:49.528Z,-44.8712,-73.7141,58.483,5,mww,106,117,0.314,0.77,us,us6000nmw5,2024-11-09T21:18:15.040Z,"81 km W of Puerto Cisnes, Chile",earthquake,7.31,3.582,0.08,15,reviewed,us,us
2024-08-26T15:49:43.057Z,54.5854,-159.7654,40.454,5.1,mww,141,49,0.869,0.66,us,us6000nmvh,2025-07-21T15:59:52.188Z,"95 km SSE of Sand Point, Alaska",earthquake,3.65,4.416,0.052,36,reviewed,us,us
2024-08-26T12:57:40.907Z,-8.7602,110.259,54.841,5.4,mww,211,40,1.709,1.33,us,us7000n9hl,2024-11-09T21:19:15.040Z,"89 km S of Bambanglipuro, Indonesia",earthquake,6.36,4.619,0.069,20,reviewed,us,us
2024-08-26T05:08:44.183Z,7.4653,-82.2687,10,5.8,mww,262,123,1.402,0.73,us,us7000n9fn,2024-11-09T21:19:13.040Z,"83 km S of Boca Chica, Panama",earthquake,6.38,1.821,0.052,36,reviewed,us,us
2024-08-26T04:11:37.277Z,38.0222,-9.5047,6.586,5,mwr,107,28,1.038,0.56,us,us7000n9fh,2026-01-05T15:27:56.206Z,"56 km W of Sines, Portugal",earthquake,5.69,3.418,0.075,17,reviewed,us,us
2024-08-26T00:17:04.216Z,1.0961,126.4084,35,5.3,mb,188,44,1.011,0.6,us,us7000n9en,2024-11-09T21:19:11.040Z,"113 km WNW of Ternate, Indonesia",earthquake,5.24,1.665,0.047,153,reviewed,us,us
2024-08-25T23:37:58.334Z,-19.8502,-175.2398,100.508,5.3,mb,145,67,1.542,0.45,us,us7000n9dy,2024-11-02T21:29:06.040Z,"92 km W of Pangai, Tonga",earthquake,10.96,5.046,0.053,121,reviewed,us,us
2024-08-25T23:30:51.981Z,-19.7667,-174.9814,99.28,6,mb,111,62,1.602,0.61,us,us7000n9dz,2024-11-02T21:29:07.040Z,"65 km W of Pangai, Tonga",earthquake,10.02,6.617,0.058,111,reviewed,us,us
2024-08-25T23:29:07.544Z,-19.8125,-175.0711,96,6.9,mww,276,13,1.56,0.53,us,us7000n9dt,2024-11-02T21:29:06.040Z,"75 km W of Pangai, Tonga",earthquake,9.43,1.841,0.033,86,reviewed,us,us
2024-08-25T15:35:11.241Z,-5.8892,147.1328,115.119,5,mww,93,43,3.493,0.68,us,us7000n9bs,2024-11-02T21:29:04.040Z,"93 km N of Lae, Papua New Guinea",earthquake,8.49,5.038,0.078,16,reviewed,us,us
2024-08-24T19:51:00.826Z,-20.7886,-179.0947,624.049,5,mb,124,42,3.908,0.95,us,us7000n983,2024-11-02T21:29:01.040Z,"Fiji region",earthquake,11.29,5.97,0.025,497,reviewed,us,us
2024-08-24T16:54:28.897Z,-4.5066,102.0653,11.915,5,mww,175,27,0.9,0.78,us,us7000n97n,2024-11-02T21:29:00.040Z,"81 km SSW of Bengkulu, Indonesia",earthquake,6.46,3.053,0.093,11,reviewed,us,us
2024-08-23T05:06:51.283Z,52.7945,161.0424,30.242,5.3,mww,178,113,1.467,0.75,us,us7000n8x7,2024-11-02T21:28:52.040Z,"165 km ESE of Petropavlovsk-Kamchatsky, Russia",earthquake,8.4,4.89,0.086,13,reviewed,us,us
2024-08-23T04:48:56.939Z,-52.9221,21.0439,10,5.4,mww,63,41,20.531,0.68,us,us7000n8wt,2024-11-02T21:28:52.040Z,"south of Africa",earthquake,12.84,1.807,0.08,15,reviewed,us,us
2024-08-23T04:45:17.719Z,-53.0211,21.0651,10,5.5,mww,53,52,20.63,0.9,us,us7000n8wr,2024-11-02T21:28:52.040Z,"south of Africa",earthquake,12.89,1.81,0.093,11,reviewed,us,us
2024-08-22T18:42:27.392Z,-7.6284,125.8773,10,5.1,mww,70,37,2.646,0.68,us,us7000n8u3,2024-11-02T21:28:49.040Z,"98 km N of Manatutu, Timor Leste",earthquake,6.98,1.856,0.089,12,reviewed,us,us
2024-08-22T18:32:08.773Z,-3.6804,151.9429,10,5.1,mww,73,99,4.851,0.65,us,us7000n8tx,2024-11-02T21:28:48.040Z,"62 km NNW of Rabaul, Papua New Guinea",earthquake,8.89,1.856,0.073,18,reviewed,us,us
2024-08-22T11:17:10.439Z,-6.991,129.6463,99.201,5.1,mww,110,20,2.466,0.76,us,us7000n8qw,2024-11-02T21:28:45.040Z,"Banda Sea",earthquake,7,4.482,0.11,8,reviewed,us,us
2024-08-21T23:38:00.857Z,40.929,83.9936,10,5.1,mb,211,28,4.121,0.46,us,us7000n8kl,2024-11-02T21:28:41.040Z,"124 km SE of Kuqa, China",earthquake,7.2,1.74,0.046,154,reviewed,us,us
2024-08-21T23:30:34.769Z,52.8825,160.1271,30,5.5,mww,285,66,0.905,0.55,us,us7000n8ki,2024-11-02T21:28:41.040Z,"102 km ESE of Petropavlovsk-Kamchatsky, Russia",earthquake,7.81,1.782,0.066,22,reviewed,us,us
2024-08-21T08:06:53.401Z,-22.2008,-179.4459,578.918,5.1,mb,136,32,4.076,0.76,us,us7000n8fh,2024-11-02T21:28:35.040Z,"south of the Fiji Islands",earthquake,9.65,3.624,0.024,583,reviewed,us,us
2024-08-21T06:55:18.368Z,-22.1451,-65.8771,258.194,5.5,mww,118,36,2.113,0.94,us,us7000n8ey,2024-11-02T21:27:45.040Z,"29 km W of La Quiaca, Argentina",earthquake,6.82,4.128,0.048,42,reviewed,us,us
2024-08-21T06:09:54.346Z,-16.5713,-14.5847,10,5,mb,59,58,8.511,0.69,us,us7000n8es,2024-11-02T21:28:34.040Z,"southern Mid-Atlantic Ridge",earthquake,5.85,1.744,0.069,66,reviewed,us,us
2024-08-20T15:10:14.939Z,-11.3383,162.4637,10,5,mww,49,78,3.113,1.05,us,us7000ndbk,2024-11-02T21:29:19.040Z,"114 km SSE of Kirakira, Solomon Islands",earthquake,7.51,1.868,0.093,11,reviewed,us,us
2024-08-20T08:24:22.218Z,44.172,147.4677,91.552,5.1,mb,108,40,3.509,0.82,us,us7000n83y,2024-11-02T21:28:29.040Z,"72 km NE of Shikotan, Russia",earthquake,7.19,5.014,0.031,340,reviewed,us,us
2024-08-20T01:15:55.090Z,34.1613,74.2677,14.076,5.1,mb,112,33,0.975,0.64,us,us7000n823,2024-11-02T21:28:28.040Z,"8 km SW of Bāramūla, India",earthquake,6.04,1.842,0.039,209,reviewed,us,us
2024-08-19T19:42:22.565Z,8.1799,127.0848,10,5,mww,76,113,1.856,0.88,us,us7000n802,2024-11-02T21:28:26.040Z,"71 km E of Barcelona, Philippines",earthquake,9.31,1.867,0.098,10,reviewed,us,us
2024-08-19T03:39:01.072Z,12.7182,124.7335,48,5.7,mww,111,47,5.674,0.67,us,us7000n7v7,2024-11-02T21:28:22.040Z,"21 km NNW of Bugko, Philippines",earthquake,8.95,1.887,0.06,27,reviewed,us,us
2024-08-18T23:32:00.342Z,-37.0845,-73.8602,11.885,5.2,mww,157,68,2.117,0.59,us,us7000n7us,2024-10-26T15:49:37.040Z,"51 km WNW of Arauco, Chile",earthquake,7.01,3.088,0.065,23,reviewed,us,us
2024-08-18T05:33:42.571Z,-41.2479,-89.5121,10,5,mww,40,142,12.309,1.19,us,us7000n7qy,2024-10-26T15:49:25.040Z,"southeast of Easter Island",earthquake,12.37,1.909,0.083,14,reviewed,us,us
2024-08-17T22:27:08.408Z,52.8622,160.1796,35,5.2,mb,232,112,0.94,0.75,us,us7000n7pl,2024-10-26T15:49:20.040Z,"106 km ESE of Petropavlovsk-Kamchatsky, Russia",earthquake,7.53,1.89,0.04,203,reviewed,us,us
2024-08-17T21:31:34.819Z,-23.1057,179.3313,560.982,5,mb,184,57,5.42,0.71,us,us7000n7pb,2024-10-26T15:49:20.040Z,"south of the Fiji Islands",earthquake,10.97,7.136,0.045,162,reviewed,us,us
2024-08-17T20:52:49.570Z,-6.6591,128.0377,337.956,5,mb,98,44,2.821,0.75,us,us7000n7ni,2024-10-26T15:49:20.040Z,"235 km NNE of Lospalos, Timor Leste",earthquake,7.64,5.333,0.043,176,reviewed,us,us
2024-08-17T19:40:01.999Z,53.0144,160.0188,57.075,5.1,mb,92,105,0.827,0.81,us,us7000n7n9,2024-10-26T15:49:19.040Z,"93 km E of Petropavlovsk-Kamchatsky, Russia",earthquake,8.28,6.454,0.033,295,reviewed,us,us
2024-08-17T19:21:39.065Z,52.8657,160.1627,35,5,mb,87,124,0.929,0.91,us,us7000ncux,2024-10-26T15:49:43.040Z,"105 km ESE of Petropavlovsk-Kamchatsky, Russia",earthquake,8.09,1.908,0.068,69,reviewed,us,us
2024-08-17T19:10:26.820Z,52.9308,160.1331,29,7,mww,146,63,0.902,0.99,us,us7000n7n8,2025-09-18T19:56:54.995Z,"102 km E of Petropavlovsk-Kamchatsky, Russia",earthquake,6.98,1.868,0.03,105,reviewed,us,us
2024-08-17T11:36:29.693Z,-20.9512,-179.1893,619.6,5.3,mww,103,30,3.973,0.67,us,us7000n7lt,2024-10-26T15:49:14.040Z,"Fiji region",earthquake,11.82,7.585,0.11,8,reviewed,us,us
2024-08-17T06:32:09.569Z,32.4687,142.3781,10,5.2,mww,173,97,2.254,0.53,us,us7000n7kx,2024-10-26T15:49:12.040Z,"Izu Islands, Japan region",earthquake,8.14,1.845,0.073,18,reviewed,us,us
2024-08-17T03:29:16.209Z,-21.8305,-176.201,122.641,5.5,mww,102,44,1.243,0.95,us,us7000n7kb,2024-10-26T15:49:10.040Z,"118 km SW of Houma, Tonga",earthquake,8.85,4.106,0.073,18,reviewed,us,us
2024-08-17T02:00:54.987Z,53.5699,158.1563,173.13,5.2,mww,135,39,0.535,0.74,us,us7000n7jv,2024-10-26T15:49:09.040Z,"44 km NNW of Yelizovo, Russia",earthquake,8.81,4.558,0.055,32,reviewed,us,us
2024-08-16T19:27:29.695Z,-56.4324,-25.7452,33.174,5,mb,62,46,6.493,0.65,us,us6000nqqa,2024-10-26T15:48:21.040Z,"South Sandwich Islands region",earthquake,10.13,3.969,0.086,47,reviewed,us,us
2024-08-15T23:35:53.943Z,23.7491,121.7669,14,6.1,mww,146,17,0.451,0.61,us,us7000n7b8,2025-12-19T02:48:37.626Z,"30 km SSE of Hualien City, Taiwan",earthquake,3.34,1.036,0.045,48,reviewed,us,us
2024-08-15T13:13:13.947Z,-6.9993,147.0933,10,5.2,mww,77,25,2.391,0.69,us,us7000n75k,2025-04-13T04:08:05.763Z,"32 km SSE of Lae, Papua New Guinea",earthquake,8,1.096,0.078,16,reviewed,us,us
2024-08-15T12:13:06.691Z,-5.3315,152.1423,35,5.1,mb,106,42,1.024,0.68,us,us7000n756,2024-10-26T15:48:42.040Z,"110 km S of Kokopo, Papua New Guinea",earthquake,7.31,1.807,0.048,139,reviewed,us,us
2024-08-15T09:06:45.671Z,24.3711,121.9259,11.548,5.4,mwr,110,34,0.36,0.78,us,us7000n74c,2024-10-26T15:48:39.040Z,"46 km SSE of Yilan, Taiwan",earthquake,4.54,2.838,0.065,23,reviewed,us,us
2024-08-14T17:55:39.603Z,-7.6359,106.0795,19.222,5,mww,126,55,1.566,0.56,us,us6000nk4l,2024-10-26T15:47:57.040Z,"88 km SW of Pelabuhanratu, Indonesia",earthquake,6.76,3.195,0.11,8,reviewed,us,us
2024-08-14T16:46:40.633Z,-9.3438,107.7159,8.526,5,mb,77,66,1.87,0.74,us,us6000nk43,2024-10-26T15:47:56.040Z,"223 km SSW of Kawalu, Indonesia",earthquake,2.62,4.413,0.077,54,reviewed,us,us
2024-08-14T09:15:07.892Z,-6.5957,104.3954,39.785,5,mb,66,78,2.643,0.7,us,us6000nk1m,2025-01-05T02:10:32.462Z,"160 km W of Labuan, Indonesia",earthquake,8.11,7.027,0.077,54,reviewed,us,us
2024-08-14T02:55:28.061Z,-15.8292,-75.0972,10,5.2,mww,111,83,4.178,0.86,us,us6000njz1,2024-10-26T15:47:43.040Z,"51 km S of San Juan, Peru",earthquake,8.51,1.759,0.058,29,reviewed,us,us
2024-08-13T11:48:29.491Z,-6.4588,154.1544,10,5.1,mb,135,60,3.01,0.47,us,us6000njtw,2024-10-26T15:47:34.040Z,"148 km W of Panguna, Papua New Guinea",earthquake,7.61,1.85,0.052,120,reviewed,us,us
2024-08-12T20:55:59.916Z,35.1208,37.0152,7.282,5.2,mww,125,53,2.053,0.76,us,us6000njq1,2025-07-30T08:04:24.509Z,"12 km NNW of As Salamīyah, Syria",earthquake,5.62,3.556,0.047,43,reviewed,us,us
2024-08-12T11:36:13.742Z,2.3936,126.52,54.11,5,mww,107,37,1.82,0.89,us,us6000njkw,2024-10-26T15:47:21.040Z,"181 km WNW of Tobelo, Indonesia",earthquake,8.11,6.189,0.11,8,reviewed,us,us
2024-08-10T14:34:02.126Z,-23.0389,170.5953,10,5,mww,63,103,2.936,0.64,us,us6000njcy,2024-10-24T17:58:00.040Z,"southeast of the Loyalty Islands",earthquake,8.67,1.64,0.073,18,reviewed,us,us
2024-08-10T07:59:50.652Z,-58.8196,158.402,10,5,mb,28,155,4.343,0.51,us,us6000njbe,2024-10-24T17:57:57.040Z,"Macquarie Island region",earthquake,12.34,1.733,0.105,29,reviewed,us,us
2024-08-10T03:28:32.681Z,47.223,144.7915,402.166,6.5,mww,157,17,1.405,0.75,us,us6000nj9s,2024-10-24T17:57:54.040Z,"151 km E of Dolinsk, Russia",earthquake,7.67,3.081,0.053,34,reviewed,us,us
2024-08-09T16:40:37.470Z,-9.1202,120.5383,75.465,5.1,mww,99,25,1.747,0.93,us,us6000nj4n,2024-10-24T17:57:47.040Z,"56 km S of Ruteng, Indonesia",earthquake,3.95,4.345,0.089,12,reviewed,us,us
2024-08-09T12:23:01.921Z,-30.3896,-177.6027,32,5.9,mww,83,69,1.157,1.04,us,us6000nj2k,2024-10-24T17:57:45.040Z,"Kermadec Islands, New Zealand",earthquake,8.42,1.886,0.051,37,reviewed,us,us
2024-08-09T11:10:45.667Z,-21.6492,-179.3848,586.845,5.6,mww,116,24,3.925,0.82,us,us6000nj27,2024-10-24T17:57:44.040Z,"Fiji region",earthquake,9.6,5.299,0.075,17,reviewed,us,us
2024-08-09T10:57:39.340Z,35.4116,139.3122,30.275,5,mww,147,54,0.825,0.58,us,us6000nj24,2025-09-20T09:57:33.299Z,"1 km N of Isehara, Japan",earthquake,4.86,3.874,0.098,10,reviewed,us,us
2024-08-09T05:42:17.731Z,-30.3918,-177.7306,27.074,5,mb,52,100,1.138,1.15,us,us6000nj0y,2024-10-24T17:57:39.040Z,"Kermadec Islands, New Zealand",earthquake,10.35,5.409,0.076,55,reviewed,us,us
2024-08-08T19:23:31.596Z,31.8192,131.3023,18.196,5.3,mww,116,85,5.601,0.87,us,us6000niy6,2024-10-24T17:57:33.040Z,"15 km SW of Miyazaki, Japan",earthquake,8.2,3.983,0.078,16,reviewed,us,us
2024-08-08T14:17:19.966Z,-59.5587,-26.278,84.087,5,mb,41,69,7.687,0.53,us,us6000niv7,2024-10-24T17:57:30.040Z,"South Sandwich Islands region",earthquake,12.83,6.24,0.079,51,reviewed,us,us
2024-08-08T12:49:16.076Z,42.0164,139.5219,193.573,5.2,mb,121,54,2.709,0.61,us,us6000niuu,2024-10-24T17:57:29.040Z,"51 km W of Otobe, Japan",earthquake,7.34,2.18,0.02,801,reviewed,us,us
2024-08-08T07:42:55.206Z,31.7599,131.5021,24,7.1,mww,252,34,5.748,0.74,us,us6000nith,2025-09-08T03:47:56.356Z,"2024 Hyuganada Sea, Japan Earthquake",earthquake,6.71,1.855,0.031,99,reviewed,us,us
2024-08-08T04:03:51.369Z,-20.4552,-177.6044,462.002,5,mb,72,53,2.639,0.96,us,us6000nisq,2024-10-24T17:57:24.040Z,"252 km WNW of Houma, Tonga",earthquake,10.64,7.397,0.078,52,reviewed,us,us
2024-08-08T01:31:52.161Z,-21.2007,-66.7842,199.963,5.1,mww,257,43,2.17,0.81,us,us6000nirz,2024-10-24T17:57:22.040Z,"65 km WSW of Atocha, Bolivia",earthquake,7.29,4.676,0.056,31,reviewed,us,us
2024-08-07T12:38:22.754Z,11.5337,-86.8604,49.425,5.1,mww,136,160,0.856,0.85,us,us6000nim4,2024-10-24T17:57:13.040Z,"47 km SW of Masachapa, Nicaragua",earthquake,8.19,6.126,0.052,35,reviewed,us,us
2024-08-07T08:23:52.156Z,34.6784,24.897,10,5,mww,112,79,0.608,1.03,us,us6000nikt,2024-10-24T17:57:10.040Z,"41 km S of Moíres, Greece",earthquake,7.51,1.828,0.048,41,reviewed,us,us
2024-08-07T04:09:56.760Z,35.109,-119.097,11.6,5.22,mw,101,21,0.05144,0.26,ci,ci40865184,2026-07-23T20:49:03.616Z,"24 km SW of Lamont, CA",earthquake,0.19,0.78,,6,reviewed,ci,ci
2024-08-06T21:22:49.954Z,-24.3743,-177.6541,209,5.6,mww,147,86,3.884,0.72,us,us6000nifm,2024-10-24T17:56:47.040Z,"south of the Fiji Islands",earthquake,7,1.915,0.071,19,reviewed,us,us
2024-08-06T08:59:33.622Z,-15.1845,167.2572,116.544,5.4,mww,121,27,6.04,0.82,us,us6000nibh,2024-10-24T17:56:41.040Z,"25 km SE of Port-Olry, Vanuatu",earthquake,6.81,4.191,0.061,26,reviewed,us,us
2024-08-06T07:18:39.017Z,13.3852,-89.8134,59.381,5,mww,114,71,0.444,1.25,us,us6000nib4,2024-10-24T17:56:40.040Z,"23 km S of Acajutla, El Salvador",earthquake,5.84,1.225,0.059,28,reviewed,us,us
2024-08-06T05:39:25.804Z,7.756,127.1076,36.61,5.2,mww,65,106,1.662,0.71,us,us6000niay,2024-10-24T17:56:40.040Z,"62 km E of Kinablangan, Philippines",earthquake,8.86,6.324,0.075,17,reviewed,us,us
2024-08-05T19:02:59.080Z,16.8275,-93.9356,140,5.4,mww,112,80,1.808,1.13,us,us6000ni8h,2024-10-24T17:56:34.040Z,"17 km NW of Emiliano Zapata, Mexico",earthquake,8.15,1.941,0.043,51,reviewed,us,us
2024-08-05T12:44:01.989Z,-6.5383,103.4144,22.641,5,mww,82,83,2.211,0.9,us,us6000ni63,2025-01-05T02:10:03.577Z,"238 km WSW of Bandar Lampung, Indonesia",earthquake,4.3,4.973,0.103,9,reviewed,us,us
2024-08-05T02:29:45.574Z,-56.1433,-27.8604,111.784,5.4,mb,86,28,18.261,0.83,us,us6000ni4a,2024-10-24T17:56:31.040Z,"South Sandwich Islands region",earthquake,10.57,4.205,0.054,121,reviewed,us,us
2024-08-04T18:55:40.117Z,3.89,63.3234,10,5,mww,122,26,10.235,0.94,us,us6000ni2p,2024-10-11T19:39:10.040Z,"Carlsberg Ridge",earthquake,9.74,1.778,0.08,15,reviewed,us,us
2024-08-04T05:43:04.371Z,-0.1588,-18.3132,10,5.5,mww,94,44,8.669,0.7,us,us6000ni0g,2024-10-11T19:39:10.040Z,"central Mid-Atlantic Ridge",earthquake,10.31,1.834,0.06,27,reviewed,us,us
2024-08-03T05:18:34.388Z,-27.8521,-176.9286,44.319,5,mb,67,101,1.643,0.67,us,us6000nhu9,2024-10-11T19:39:09.040Z,"Kermadec Islands region",earthquake,12.76,7.053,0.075,56,reviewed,us,us
2024-08-03T04:20:26.565Z,8.2038,126.8354,15,6.3,mww,134,25,1.679,0.97,us,us6000nht0,2025-07-28T19:43:31.223Z,"44 km E of Barcelona, Philippines",earthquake,7.54,1.761,0.05,39,reviewed,us,us
2024-08-03T01:38:21.598Z,8.0161,126.7417,83.676,5.3,mb,78,76,1.487,0.73,us,us6000nhsd,2024-10-11T19:39:09.040Z,"32 km E of Santa Maria, Philippines",earthquake,9.49,6.109,0.043,180,reviewed,us,us
2024-08-03T01:37:19.320Z,8.0629,126.7996,53.839,5.2,mb,104,78,1.561,0.81,us,us6000nhsc,2024-10-11T19:39:09.040Z,"39 km ENE of Santa Maria, Philippines",earthquake,8.28,5.446,0.04,210,reviewed,us,us
2024-08-02T22:36:20.415Z,7.9719,126.906,45.789,5,mb,78,107,1.592,0.75,us,us7000n8lz,2024-10-11T19:39:13.040Z,"50 km NE of Kinablangan, Philippines",earthquake,7.91,5.334,0.075,57,reviewed,us,us
2024-08-02T22:31:15.069Z,8.1185,126.7173,76.98,5.3,mb,111,88,1.536,0.8,us,us6000nhqj,2024-10-11T19:39:09.040Z,"31 km E of Barcelona, Philippines",earthquake,9.78,5.823,0.057,102,reviewed,us,us
2024-08-02T22:23:02.111Z,8.1851,126.6161,32,6.8,mww,259,18,1.511,0.69,us,us6000nhqc,2025-08-16T04:52:05.408Z,"20 km E of Barcelona, Philippines",earthquake,7.5,1.761,0.048,42,reviewed,us,us
2024-08-02T20:28:00.988Z,12.6019,146.4126,10,5.1,mb,171,27,1.796,0.59,us,us6000nhpc,2026-07-19T20:49:06.215Z,"194 km ESE of Yigo Village, Guam",earthquake,9.02,0.868,0.03,369,reviewed,us,us
2024-08-02T19:07:47.499Z,-8.2589,156.3799,10,5,mb,103,53,3.715,0.68,us,us6000nhnm,2024-10-11T19:39:09.040Z,"53 km WSW of Gizo, Solomon Islands",earthquake,6.03,1.653,0.059,92,reviewed,us,us
2024-08-02T06:56:10.303Z,-41.5136,88.0938,10,5.3,mww,44,78,24.65,0.72,us,us6000nhid,2024-10-11T19:39:08.040Z,"southeast Indian Ridge",earthquake,12.81,1.872,0.086,13,reviewed,us,us
2024-08-02T06:37:07.777Z,-20.8795,-176.8203,223.577,5,mb,104,71,1.538,0.59,us,us6000nhi9,2024-10-11T19:39:08.040Z,"161 km WNW of Houma, Tonga",earthquake,12.91,6.497,0.026,473,reviewed,us,us
2024-08-01T19:43:20.688Z,39.3949,16.7478,29.993,5.1,mww,115,30,0.935,0.9,us,us6000nhfg,2024-10-11T19:39:08.040Z,"2 km S of Bocchigliero, Italy",earthquake,4.52,2.982,0.045,48,reviewed,us,us
2024-08-01T14:35:12.588Z,-36.9181,-96.6394,10,5,mb,45,159,20.304,0.87,us,us6000nhcw,2024-10-11T19:39:08.040Z,"West Chile Rise",earthquake,14.95,1.911,0.055,106,reviewed,us,us
2024-08-01T10:03:14.236Z,54.1057,-159.6959,15.33,5.6,mww,143,46,1.326,0.74,us,us6000nhbe,2025-07-17T10:13:21.405Z,"146 km SSE of Sand Point, Alaska",earthquake,5.52,3.068,0.049,40,reviewed,us,us
2024-08-01T00:09:23.851Z,4.9846,-82.6236,10,5,mww,192,65,3.473,0.71,us,us6000nh8m,2024-10-11T19:39:07.040Z,"south of Panama",earthquake,7.13,1.79,0.063,24,reviewed,us,us
2024-07-31T15:18:03.258Z,-17.6696,179.9548,606.211,5.7,mww,291,42,1.815,0.84,us,us6000nh4g,2024-10-11T19:39:07.040Z,"80 km ENE of Levuka, Fiji",earthquake,10.06,3.735,0.068,21,reviewed,us,us
2024-07-31T14:54:14.242Z,-33.7362,-179.2513,24.34,5.1,mww,101,56,4.304,0.42,us,us6000nh47,2024-10-11T19:39:07.040Z,"south of the Kermadec Islands",earthquake,8.7,4.628,0.098,10,reviewed,us,us
2024-07-31T04:58:50.416Z,-55.2698,-29.0877,35,5.3,mb,75,41,4.397,0.87,us,us6000nh1h,2024-10-11T19:39:07.040Z,"South Sandwich Islands region",earthquake,8.94,1.62,0.075,60,reviewed,us,us
2024-07-31T04:11:36.841Z,-9.1486,-109.7407,10,5.1,mww,57,98,38.702,0.58,us,us6000nh15,2024-10-11T19:39:07.040Z,"central East Pacific Rise",earthquake,15.24,1.815,0.11,8,reviewed,us,us
2024-07-30T17:45:05.874Z,78.3248,-19.5989,10,5.1,mww,224,28,6.213,0.55,us,us6000ngxw,2024-10-11T19:39:07.040Z,"eastern Greenland",earthquake,2.41,1.764,0.089,12,reviewed,us,us
2024-07-29T20:49:00.350Z,-22.3683,170.8606,21.434,5.2,mww,56,76,3.167,0.68,us,us6000ngs0,2024-10-11T19:39:06.040Z,"southeast of the Loyalty Islands",earthquake,12.03,5.234,0.063,24,reviewed,us,us
2024-07-29T16:25:31.492Z,32.0876,131.4191,66.144,5.2,mww,151,63,1.131,0.74,us,us6000ngq6,2024-10-11T19:39:06.040Z,"1 km ENE of Saito, Japan",earthquake,6.65,1.282,0.066,22,reviewed,us,us
2024-07-29T13:07:11.966Z,-20.3812,-173.9806,9,6,mww,173,43,1.347,0.61,us,us6000ngng,2024-10-11T19:39:06.040Z,"73 km SSE of Pangai, Tonga",earthquake,9.34,1.747,0.073,18,reviewed,us,us
2024-07-29T12:11:12.769Z,-17.5624,-178.4551,581,5.7,mww,132,43,3.334,0.62,us,us6000ngn7,2024-10-11T19:39:06.040Z,"242 km ENE of Levuka, Fiji",earthquake,6.05,1.966,0.068,21,reviewed,us,us
2024-07-28T22:43:53.155Z,-30.11,-177.2897,10,5,mb,76,121,1.008,0.54,us,us6000ngjw,2024-10-08T21:49:13.005Z,"Kermadec Islands, New Zealand",earthquake,7.85,1.547,0.078,53,reviewed,us,us
2024-07-28T22:13:08.435Z,-37.1279,52.2545,10,5.4,mww,167,32,9.299,0.58,us,us6000ngji,2024-10-08T21:49:13.005Z,"South Indian Ocean",earthquake,6.78,1.667,0.059,28,reviewed,us,us
2024-07-28T14:19:44.090Z,14.806,146.8865,10,5.1,mww,63,56,1.14,0.92,us,us6000ngi6,2026-07-13T20:49:09.531Z,"129 km ESE of Saipan, Northern Mariana Islands",earthquake,9.5,1.822,0.089,12,reviewed,us,us
2024-07-28T11:20:32.794Z,-6.2708,130.0296,146.713,5.2,mww,99,33,1.741,0.71,us,us6000ngha,2024-10-08T21:49:13.005Z,"Banda Sea",earthquake,9.24,5.839,0.083,14,reviewed,us,us
2024-07-28T10:13:22.968Z,39.5239,143.6639,10,5.3,mww,99,119,2.518,0.72,us,us6000ngh3,2024-10-08T21:49:13.005Z,"147 km E of Yamada, Japan",earthquake,7.97,1.866,0.071,19,reviewed,us,us
2024-07-28T04:35:12.576Z,14.7842,108.2285,8.078,5.1,mww,101,79,4.495,0.78,us,us6000ngfw,2024-10-08T21:49:13.005Z,"53 km NNE of Kon Tum, Vietnam",earthquake,7.95,3.426,0.062,25,reviewed,us,us
2024-07-27T13:59:00.474Z,-55.0025,-32.4742,10,5.2,mb,55,57,2.441,0.84,us,us6000ngck,2024-10-08T21:49:13.005Z,"South Georgia Island region",earthquake,5.27,1.824,0.068,78,reviewed,us,us
2024-07-27T10:30:16.152Z,17.0905,-99.8798,34.66,5.3,mww,65,183,1.339,0.75,us,us6000ngby,2024-10-08T21:49:13.005Z,"4 km NE of Platanillo, Mexico",earthquake,5.91,4.596,0.038,65,reviewed,us,us
2024-07-26T14:28:29.143Z,32.766,-100.659,3.2959,5.1,ml,38,30,0.1,0.3,tx,tx2024ophu,2026-07-11T20:49:02.573Z,"17 km NNE of Hermleigh, Texas",earthquake,1.7481024574265,1.5279342440951,0.1,43,reviewed,tx,tx
2024-07-26T10:05:26.761Z,-20.9593,-174.327,20.571,5,mww,138,69,0.72,0.6,us,us6000ng3e,2024-10-08T21:49:12.005Z,"77 km ENE of ‘Ohonua, Tonga",earthquake,10.25,4.977,0.093,11,reviewed,us,us
2024-07-25T20:32:17.453Z,-7.3691,128.681,144.012,5.5,mww,121,18,5.671,0.73,us,us6000nfw2,2024-10-08T21:49:12.005Z,"225 km NE of Lospalos, Timor Leste",earthquake,8.1,3.747,0.05,38,reviewed,us,us
2024-07-25T17:11:38.119Z,-6.1464,102.8461,10,5.3,mb,86,69,1.777,0.58,us,us6000nfsb,2024-10-08T21:49:12.005Z,"238 km S of Pagar Alam, Indonesia",earthquake,6.66,1.832,0.053,120,reviewed,us,us
2024-07-25T15:05:20.625Z,-60.7956,-25.3696,10,5.6,mww,90,45,8.842,0.8,us,us6000nfpd,2024-10-08T21:49:12.005Z,"South Sandwich Islands region",earthquake,10.16,1.736,0.089,12,reviewed,us,us
2024-07-25T06:21:52.873Z,-29.9482,-177.0884,10,5.7,mww,139,68,0.996,0.52,us,us6000nfjw,2024-10-08T21:49:12.005Z,"Kermadec Islands, New Zealand",earthquake,7.3,1.518,0.069,20,reviewed,us,us
2024-07-24T12:42:51.663Z,-6.5121,130.0446,153.351,5.1,mww,93,36,1.981,0.58,us,us6000nf8g,2024-10-08T21:49:11.005Z,"Banda Sea",earthquake,7.79,5.297,0.073,18,reviewed,us,us
2024-07-24T08:09:01.727Z,-10.0576,123.7239,35,5.2,mww,105,33,2.037,1.18,us,us6000nf5v,2024-10-08T21:49:11.005Z,"17 km NE of Kupang, Indonesia",earthquake,4.1,1.775,0.11,8,reviewed,us,us
2024-07-24T00:22:08.822Z,-2.9716,139.2043,45.484,5.2,mb,98,57,1.564,0.86,us,us6000nf1t,2024-10-08T21:49:11.005Z,"164 km WSW of Abepura, Indonesia",earthquake,7.99,6.786,0.058,96,reviewed,us,us
2024-07-23T23:55:02.968Z,26.3142,104.7659,10,5.2,mb,150,69,7.676,0.75,us,us6000nf1m,2024-10-08T21:49:11.005Z,"31 km SSW of Liupanshui, China",earthquake,8.32,1.847,0.052,124,reviewed,us,us
2024-07-22T20:17:54.414Z,8.2256,-82.7686,7,5.6,mww,139,108,0.575,0.99,us,us6000nekb,2024-10-08T21:49:10.005Z,"11 km ESE of Puerto Armuelles, Panama",earthquake,6.31,1.857,0.037,70,reviewed,us,us
2024-07-22T19:19:35.070Z,8.22,-82.8075,7,5.7,mww,145,110,0.541,0.86,us,us6000nejp,2025-03-21T15:10:29.125Z,"8 km SE of Puerto Armuelles, Panama",earthquake,5.34,1.841,0.048,41,reviewed,us,us
2024-07-22T14:47:16.975Z,-5.3334,131.1812,63.93,5,mb,103,37,1.506,0.63,us,us7000n0ut,2024-10-08T21:49:17.005Z,"177 km W of Tual, Indonesia",earthquake,6.43,5.522,0.051,121,reviewed,us,us
2024-07-22T14:38:19.074Z,-15.5975,168.1951,10.678,5,mb,56,58,6.171,0.68,us,us7000n0ur,2024-10-08T21:49:17.005Z,"99 km ENE of Norsup, Vanuatu",earthquake,9.64,3.816,0.079,51,reviewed,us,us
2024-07-22T10:14:47.558Z,-22.5381,171.286,73.558,5,mb,59,76,3.549,0.91,us,us7000n0u2,2024-10-08T21:49:16.005Z,"southeast of the Loyalty Islands",earthquake,9.59,6.14,0.091,44,reviewed,us,us
2024-07-22T06:53:57.724Z,-56.0256,-27.2919,56.531,5.2,mb,72,67,5.554,0.64,us,us7000n0sy,2024-10-08T21:49:16.005Z,"South Sandwich Islands region",earthquake,10.6,7.075,0.057,101,reviewed,us,us
2024-07-22T06:08:20.972Z,-15.543,168.0193,10,5,mb,60,75,6.116,0.77,us,us7000n0sn,2024-10-08T21:49:16.005Z,"88 km NE of Norsup, Vanuatu",earthquake,10.07,1.846,0.063,80,reviewed,us,us
2024-07-22T05:04:27.743Z,-15.5073,168.1241,4,6.1,mww,196,26,6.203,0.54,us,us7000n0s8,2024-10-08T21:49:16.005Z,"99 km NE of Norsup, Vanuatu",earthquake,7.46,1.834,0.039,63,reviewed,us,us
2024-07-22T05:04:12.131Z,-15.473,168.1476,10,5.2,mb,140,40,6.244,0.44,us,us7000n0s6,2024-10-09T01:57:22.777Z,"103 km NE of Norsup, Vanuatu",earthquake,7.68,1.836,0.034,282,reviewed,us,us
2024-07-22T00:09:33.423Z,-19.2322,169.5925,242,5.5,mww,273,20,3.916,0.78,us,us7000n0qt,2024-10-08T21:49:16.005Z,"47 km NE of Isangel, Vanuatu",earthquake,9.45,1.85,0.068,21,reviewed,us,us
2024-07-21T18:36:52.746Z,-39.7533,121.1451,10,5.1,mb,56,52,7.504,0.79,us,us7000n0ps,2024-09-28T22:42:56.040Z,"off the south coast of Australia",earthquake,10.6,1.872,0.079,52,reviewed,us,us
2024-07-21T10:29:35.614Z,-56.6031,-141.7636,10,5.2,mww,32,113,27.472,0.95,us,us7000n0nl,2024-09-28T22:42:55.040Z,"Pacific-Antarctic Ridge",earthquake,12.91,1.904,0.103,9,reviewed,us,us
2024-07-21T04:27:27.767Z,42.7004,145.5767,19.458,5.3,mww,131,115,1.92,0.71,us,us7000n0lj,2024-09-28T22:42:51.040Z,"69 km S of Nemuro, Japan",earthquake,7.61,3.562,0.098,10,reviewed,us,us
2024-07-21T04:01:26.930Z,34.8732,23.2416,10,5.3,mww,133,53,1.414,0.86,us,us7000n0l7,2024-09-28T22:42:50.040Z,"56 km SW of Palaióchora, Greece",earthquake,3.77,1.757,0.066,22,reviewed,us,us
2024-07-21T02:53:48.910Z,14.6445,-89.9316,272,6.2,mww,138,29,0.56,1.04,us,us7000n0ka,2024-10-08T16:17:55.257Z,"6 km E of Jalapa, Guatemala",earthquake,7.64,1.867,0.025,155,reviewed,us,us
2024-07-20T12:05:04.828Z,0.1,96.4867,10,5.1,mww,111,34,1.617,0.73,us,us7000n0gn,2024-09-28T22:42:42.040Z,"155 km WSW of Teluk Dalam, Indonesia",earthquake,7.92,1.736,0.086,13,reviewed,us,us
2024-07-20T01:01:44.986Z,-55.8686,-27.0578,55.938,5.3,mb,61,67,5.646,0.81,us,us7000n0em,2024-09-28T22:42:37.040Z,"South Sandwich Islands region",earthquake,11.06,5.528,0.068,75,reviewed,us,us
2024-07-20T00:34:12.003Z,-21.7463,170.2985,73.552,5,mb,57,117,2.78,0.62,us,us7000n0ei,2024-09-28T22:42:37.040Z,"251 km E of Tadine, New Caledonia",earthquake,10.71,5.882,0.086,43,reviewed,us,us
2024-07-19T14:36:14.348Z,1.5763,127.7664,8.149,5.1,mww,107,80,0.893,0.64,us,us7000n09f,2024-09-28T22:42:34.040Z,"31 km WSW of Tobelo, Indonesia",earthquake,6.95,3.823,0.11,8,reviewed,us,us
2024-07-19T14:31:30.055Z,1.5195,127.7706,10,5,mb,41,102,0.845,0.69,us,us7000n09e,2024-09-28T22:42:34.040Z,"35 km SW of Tobelo, Indonesia",earthquake,7.47,1.906,0.094,37,reviewed,us,us
2024-07-19T13:36:03.499Z,0.7348,126.0494,21.222,5,mb,67,56,1.318,0.87,us,us7000n095,2024-09-28T22:42:34.040Z,"128 km SE of Bitung, Indonesia",earthquake,7.21,5.186,0.045,159,reviewed,us,us
2024-07-19T03:13:47.417Z,52.0859,-170.9116,40.972,6,mwr,147,59,0.93,0.76,us,us7000n068,2024-10-08T17:53:38.992Z,"168 km SW of Nikolski, Alaska",earthquake,5.87,4.56,0.052,36,reviewed,us,us
2024-07-19T02:15:52.296Z,-23.1775,-67.9065,131.199,5,mb,46,67,0.337,1.05,us,us7000n05k,2024-09-28T22:42:25.040Z,"42 km SE of San Pedro de Atacama, Chile",earthquake,7.62,4.266,0.111,26,reviewed,us,us
2024-07-19T01:50:48.571Z,-23.0791,-67.8404,127.291,7.4,mww,119,19,0.336,1.06,us,us7000n05d,2025-09-25T18:56:47.009Z,"41 km ESE of San Pedro de Atacama, Chile",earthquake,7.08,3.027,0.026,144,reviewed,us,us
2024-07-18T15:01:23.345Z,-5.1622,101.0511,10,5.3,mww,106,63,2.058,0.8,us,us7000n00i,2024-09-28T22:42:21.040Z,"202 km SW of Bengkulu, Indonesia",earthquake,4.29,1.702,0.08,15,reviewed,us,us
2024-07-18T11:07:34.561Z,33.578,140.3234,91,5.6,mww,157,30,0.628,1.17,us,us7000mzzc,2024-09-28T22:42:19.040Z,"161 km SSE of Tateyama, Japan",earthquake,5.58,1.824,0.042,54,reviewed,us,us
2024-07-18T05:39:55.732Z,8.6935,126.6749,50.368,5.1,mb,97,107,1.944,1.09,us,us7000mzyb,2024-09-28T22:42:16.040Z,"43 km ESE of Marihatag, Philippines",earthquake,4.98,7.201,0.06,90,reviewed,us,us
2024-07-16T23:39:33.444Z,1.2023,126.1216,48.375,5.3,mww,175,39,1.316,0.87,us,us7000mzpj,2024-09-28T22:42:05.040Z,"113 km ESE of Bitung, Indonesia",earthquake,6.06,3.993,0.083,14,reviewed,us,us
2024-07-16T12:29:44.602Z,-19.1339,169.5487,272.406,5.1,mww,75,32,3.98,1.01,us,us7000mzj6,2024-09-28T22:42:00.040Z,"53 km NNE of Isangel, Vanuatu",earthquake,9.55,6.899,0.11,8,reviewed,us,us
2024-07-16T06:36:43.386Z,29.2907,142.4657,10,5.2,mww,91,125,2.201,0.6,us,us7000mzhn,2024-09-28T22:41:57.040Z,"Izu Islands, Japan region",earthquake,7.19,1.844,0.066,22,reviewed,us,us
2024-07-15T18:21:59.681Z,-16.4274,-172.4405,10,5.3,mww,66,76,2.583,0.92,us,us7000mzev,2024-09-28T22:41:52.040Z,"154 km ESE of Hihifo, Tonga",earthquake,8.88,1.84,0.086,13,reviewed,us,us
2024-07-15T17:40:18.678Z,-16.3707,-172.5116,9,5.7,mww,77,43,2.547,1.13,us,us7000mzel,2024-10-08T23:54:51.346Z,"144 km ESE of Hihifo, Tonga",earthquake,8.82,1.844,0.068,21,reviewed,us,us
2024-07-15T08:15:50.150Z,-4.0072,142.9594,48.526,5.2,mb,103,63,2.697,0.7,us,us7000mzax,2024-09-28T22:41:47.040Z,"28 km NE of Ambunti, Papua New Guinea",earthquake,7.2,6.405,0.06,90,reviewed,us,us
2024-07-15T04:59:32.434Z,-14.7824,-173.3652,10,5,mb,61,61,1.763,0.64,us,us7000mzae,2024-09-28T22:41:45.040Z,"137 km NNE of Hihifo, Tonga",earthquake,5.1,1.78,0.036,252,reviewed,us,us
2024-07-14T21:33:18.571Z,30.4091,69.3062,10,5,mb,188,40,4.665,0.57,us,us7000mz90,2024-09-20T16:00:56.040Z,"57 km N of Kohlu, Pakistan",earthquake,9.22,1.787,0.044,162,reviewed,us,us
2024-07-14T18:59:50.856Z,-48.7017,106.8066,10,5.2,mww,36,88,17.597,0.44,us,us7000mz8e,2024-09-20T16:00:56.040Z,"southeast Indian Ridge",earthquake,10.72,1.842,0.089,12,reviewed,us,us
2024-07-13T21:48:44.211Z,-12.2114,-72.7509,10,5.1,mb,134,88,4.008,0.85,us,us7000mz47,2024-09-20T16:00:55.040Z,"29 km ESE of Pangoa, Peru",earthquake,8.27,1.876,0.054,109,reviewed,us,us
2024-07-13T21:34:00.227Z,8.1564,-82.7179,10,5.4,mww,322,68,0.647,1.13,us,us7000mz45,2024-10-08T18:22:48.343Z,"17 km ENE of Limones, Panama",earthquake,3.74,1.828,0.054,33,reviewed,us,us
2024-07-13T17:51:08.445Z,-27.7665,-176.6464,29.339,5.6,mww,175,57,1.856,0.76,us,us7000mz34,2024-10-08T22:36:48.803Z,"Kermadec Islands region",earthquake,7.44,3.301,0.065,23,reviewed,us,us
2024-07-12T23:18:47.583Z,25.0886,128.1823,10,5.3,mww,289,16,1.742,0.65,us,us7000myzm,2024-09-20T16:00:55.040Z,"126 km SSE of Itoman, Japan",earthquake,6.91,1.701,0.046,45,reviewed,us,us
2024-07-12T19:18:12.656Z,-3.7498,151.3518,10,5.2,mww,142,41,0.855,0.59,us,us7000myy7,2024-09-20T16:00:55.040Z,"102 km WNW of Rabaul, Papua New Guinea",earthquake,5.55,1.817,0.069,20,reviewed,us,us
2024-07-12T18:19:05.478Z,-17.375,-69.4062,176,5.6,mww,301,31,0.225,0.78,us,us7000myxn,2024-10-08T21:28:10.617Z,"67 km E of Tarata, Peru",earthquake,6.79,1.795,0.042,54,reviewed,us,us
2024-07-12T17:12:49.025Z,-3.8172,151.3842,11.332,5.5,mww,168,27,0.788,0.62,us,us7000myx6,2024-09-20T16:00:55.040Z,"96 km WNW of Rabaul, Papua New Guinea",earthquake,5.45,3.074,0.057,30,reviewed,us,us
2024-07-12T10:34:00.855Z,1.2947,126.3177,10,5,mb,113,79,1.17,0.5,us,us7000myue,2024-09-20T16:00:55.040Z,"131 km WNW of Ternate, Indonesia",earthquake,6.03,0.987,0.048,139,reviewed,us,us
2024-07-12T09:30:31.763Z,-15.5516,-74.8003,23,5.8,mww,222,120,4.06,0.45,us,us7000mytc,2024-09-20T16:00:54.040Z,"24 km SW of Acarí, Peru",earthquake,8.11,1.873,0.062,25,reviewed,us,us
2024-07-12T04:53:52.579Z,54.788,167.9407,10,5.1,mww,108,63,4.196,0.86,us,us7000mys6,2024-09-20T16:00:54.040Z,"Komandorskiye Ostrova, Russia region",earthquake,8.75,1.813,0.05,39,reviewed,us,us
2024-07-12T03:55:54.435Z,-15.052,-173.3111,10,5,mb,73,53,1.866,1.33,us,us7000myrz,2024-09-20T16:00:54.040Z,"112 km NNE of Hihifo, Tonga",earthquake,7.88,1.808,0.036,238,reviewed,us,us
2024-07-12T01:51:08.707Z,14.4708,55.7452,10,5,mb,84,83,10.429,0.84,us,us7000myr5,2024-09-20T16:00:54.040Z,"274 km NE of Hadibu, Yemen",earthquake,11.43,1.7,0.066,75,reviewed,us,us
2024-07-12T00:19:41.661Z,-4.6345,-104.8692,10,5.8,mww,89,57,14.489,0.49,us,us7000myqk,2024-09-20T16:00:54.040Z,"central East Pacific Rise",earthquake,9.05,1.799,0.047,43,reviewed,us,us
2024-07-11T16:17:21.077Z,48.8878,-128.4827,10,5.2,mww,130,94,1.051,0.79,us,us7000mym7,2024-10-09T03:07:13.980Z,"190 km W of Tofino, Canada",earthquake,5.77,1.867,0.052,36,reviewed,us,us
2024-07-11T15:08:47.169Z,48.7877,-128.7103,10,6.4,mww,149,60,0.904,0.88,us,us7000mykj,2026-06-26T20:49:01.098Z,"209 km WSW of Tofino, Canada",earthquake,4.64,1.34,0.041,58,reviewed,us,us
2024-07-11T09:27:34.446Z,12.3205,144.1514,10,5.4,mb,115,39,1.442,0.72,us,us7000myiz,2026-06-26T20:51:02.119Z,"118 km SSW of Merizo Village, Guam",earthquake,9.19,1.776,0.026,496,reviewed,us,us
2024-07-11T02:13:18.585Z,6.0838,123.1503,639.503,7.1,mww,401,17,2.604,0.84,us,us7000myfa,2024-10-08T21:28:11.485Z,"106 km WSW of Sangay, Philippines",earthquake,8.06,4.43,0.055,32,reviewed,us,us
2024-07-10T23:52:00.671Z,-60.3266,-26.602,10,5,mb,82,44,8.077,0.5,us,us7000myf0,2024-09-20T16:00:53.040Z,"South Sandwich Islands region",earthquake,11.14,1.641,0.072,62,reviewed,us,us
2024-07-10T20:02:13.921Z,-46.9658,-10.5808,10,5,mb,29,104,25.049,0.7,us,us7000n0b9,2024-09-20T16:00:57.040Z,"southern Mid-Atlantic Ridge",earthquake,15.26,1.896,0.111,26,reviewed,us,us
2024-07-10T19:48:57.513Z,-46.8982,-10.6457,10,5.1,mb,46,74,25.121,0.73,us,us7000mydy,2024-09-20T16:00:53.040Z,"southern Mid-Atlantic Ridge",earthquake,12.58,1.839,0.09,40,reviewed,us,us
2024-07-10T15:32:42.674Z,-5.4067,101.0211,9,5.4,mww,142,32,2.19,0.72,us,us7000mya1,2024-09-20T16:00:53.040Z,"224 km SW of Bengkulu, Indonesia",earthquake,6.54,1.763,0.06,27,reviewed,us,us
2024-07-10T04:55:41.780Z,-53.3092,25.3481,4,6.6,mww,107,23,18.352,0.76,us,us7000my76,2024-09-20T16:00:53.040Z,"south of Africa",earthquake,8.92,1.712,0.05,38,reviewed,us,us
2024-07-09T22:20:45.830Z,76.7414,7.5307,10,5,mb,199,48,2.377,0.79,us,us7000my5g,2024-09-20T16:00:53.040Z,"256 km SW of Longyearbyen, Svalbard and Jan Mayen",earthquake,7.27,1.885,0.042,177,reviewed,us,us
2024-07-09T15:28:32.363Z,-20.4243,-174.225,15.477,5.2,mb,209,62,1.169,0.73,us,us7000my1i,2024-09-20T16:00:53.040Z,"68 km SSE of Pangai, Tonga",earthquake,8.74,3.188,0.031,342,reviewed,us,us
2024-07-09T04:08:39.881Z,-27.6559,-13.3948,10,5,mb,39,58,33.998,0.81,us,us7000mxyi,2024-09-20T16:00:52.040Z,"southern Mid-Atlantic Ridge",earthquake,11.93,1.824,0.107,28,reviewed,us,us
2024-07-08T19:33:26.122Z,-15.9583,-74.8947,13.49,5.4,mww,94,101,4.376,0.59,us,us7000mxvv,2024-09-20T16:00:52.040Z,"59 km WSW of Atiquipa, Peru",earthquake,9.39,3.44,0.059,28,reviewed,us,us
2024-07-08T15:06:44.416Z,48.671,-128.9811,10,5.2,mww,123,100,0.752,0.67,us,us7000mxsp,2024-09-20T16:00:52.040Z,"231 km WSW of Tofino, Canada",earthquake,6.31,1.826,0.039,62,reviewed,us,us
2024-07-08T14:03:32.102Z,-15.9505,-74.8667,22.523,5.3,mww,118,91,4.381,0.67,us,us7000mxsb,2024-09-20T16:00:52.040Z,"56 km WSW of Atiquipa, Peru",earthquake,8.55,3.834,0.073,18,reviewed,us,us
2024-07-08T09:54:53.671Z,8.4598,-82.676,26.677,5.3,mww,94,53,0.638,0.93,us,us7000mxr8,2025-07-06T07:18:09.292Z,"2 km SSW of Sioguí Abajo, Panama",earthquake,6.35,3.459,0.05,39,reviewed,us,us
2024-07-07T20:15:49.810Z,55.6433,162.0058,74.037,5.5,mb,119,55,3.279,0.7,us,us7000mxmx,2024-09-12T21:52:30.040Z,"71 km SSW of Ust’-Kamchatsk Staryy, Russia",earthquake,5.85,5.33,0.019,954,reviewed,us,us
2024-07-07T20:01:12.295Z,26.8957,138.8289,546,6.2,mww,158,32,3,0.82,us,us7000mxmu,2024-10-09T00:27:25.515Z,"Bonin Islands, Japan region",earthquake,8.5,1.93,0.034,84,reviewed,us,us
2024-07-07T11:55:34.116Z,55.5772,162.1534,53,5.5,mww,161,71,3.28,0.76,us,us7000mxl6,2024-09-12T21:52:30.040Z,"75 km SSW of Ust’-Kamchatsk Staryy, Russia",earthquake,7.63,1.928,0.056,31,reviewed,us,us
2024-07-06T17:25:59.084Z,7.6717,127.0054,53.37,5,mb,153,77,1.536,0.88,us,us7000mxgi,2024-09-12T21:52:29.040Z,"50 km ENE of Baganga, Philippines",earthquake,7.57,5.349,0.045,163,reviewed,us,us
2024-07-06T16:01:05.110Z,12.2671,124.6255,74.344,5,mww,159,36,5.249,0.65,us,us7000mxg8,2024-09-12T21:52:29.040Z,"3 km S of Lope de Vega, Philippines",earthquake,8.73,4.64,0.08,15,reviewed,us,us
2024-07-06T10:29:30.724Z,19.2455,121.2112,15,5.5,mww,96,81,3.556,0.85,us,us7000mxek,2024-09-12T21:52:29.040Z,"70 km N of Namuac, Philippines",earthquake,8.35,1.773,0.056,31,reviewed,us,us
2024-07-05T18:14:03.423Z,44.37,142.3255,232.352,5.1,mww,236,57,0.316,0.8,us,us7000mxbi,2024-09-12T21:52:29.040Z,"10 km WNW of Nayoro, Japan",earthquake,6.34,3.695,0.063,24,reviewed,us,us
2024-07-05T16:34:05.013Z,48.5948,-129.0625,10,5.3,mww,55,111,0.672,1.19,us,us7000mxaz,2024-09-12T21:52:29.040Z,"239 km WSW of Tofino, Canada",earthquake,3.57,1.85,0.041,57,reviewed,us,us
2024-07-04T16:15:08.888Z,48.6536,-129.0074,10,5.7,mww,84,76,0.733,1.02,us,us7000mx3m,2024-10-09T00:10:28.889Z,"233 km WSW of Tofino, Canada",earthquake,5.13,1.433,0.035,78,reviewed,us,us
2024-07-04T03:12:30.294Z,35.0839,140.3095,47.606,5.1,mww,179,89,2.006,0.66,us,us7000mwzq,2025-09-13T17:32:45.376Z,"6 km S of Katsuura, Japan",earthquake,6.88,5.484,0.098,10,reviewed,us,us
2024-07-04T00:17:29.621Z,19.6475,-109.382,10,5.2,mww,222,99,1.694,0.57,us,us7000mwyt,2024-09-12T21:52:28.040Z,"Revilla Gigedo Islands region",earthquake,6.87,1.816,0.043,52,reviewed,us,us
2024-07-03T23:28:01.926Z,-25.421,-176.0779,10,5.1,mww,108,63,4.149,0.63,us,us7000mwyr,2024-09-12T21:52:28.040Z,"south of the Fiji Islands",earthquake,4.6,1.729,0.103,9,reviewed,us,us
2024-07-03T23:20:52.972Z,-34.3912,-178.5225,10,5.2,mww,110,46,4.077,0.74,us,us7000mwyi,2024-09-12T21:52:28.040Z,"south of the Kermadec Islands",earthquake,8.28,1.715,0.089,12,reviewed,us,us
2024-07-03T18:20:35.295Z,-22.9612,-68.6403,99.415,5.3,mww,173,56,0.425,0.63,us,usd0011dnn,2024-09-12T21:52:33.040Z,"45 km W of San Pedro de Atacama, Chile",earthquake,6.82,3.536,0.058,29,reviewed,us,us
2024-07-03T11:44:27.126Z,26.6717,-111.0789,10,5.3,mww,30,183,1.221,0.71,us,us6000na0d,2024-09-12T21:52:26.040Z,"77 km NNE of Loreto, Mexico",earthquake,6.52,1.919,0.037,69,reviewed,us,us
2024-07-03T07:17:28.128Z,-53.9988,-2.4248,10,5.2,mb,57,34,17.74,0.85,us,us6000n9zp,2024-09-12T21:52:26.040Z,"southern Mid-Atlantic Ridge",earthquake,12.64,1.776,0.083,48,reviewed,us,us
2024-07-03T02:20:22.721Z,44.0682,156.5177,10,5,mb,83,78,9.072,0.82,us,us6000n9yc,2024-09-12T21:52:26.040Z,"North Pacific Ocean",earthquake,8.83,1.793,0.03,343,reviewed,us,us
2024-07-02T15:32:47.223Z,10.0697,126.1126,63.604,5,mb,146,44,3.027,0.74,us,us6000n9tu,2024-09-12T21:52:26.040Z,"9 km NE of Santa Monica, Philippines",earthquake,8.21,4.608,0.039,214,reviewed,us,us
2024-07-01T22:44:54.079Z,26.9177,140.3011,479.19,5.3,mww,254,41,1.69,0.58,us,us6000n9pu,2024-09-12T21:52:25.040Z,"Bonin Islands, Japan region",earthquake,8.76,4.515,0.075,17,reviewed,us,us
2024-07-01T10:16:22.555Z,-5.5259,153.5664,29.884,5,mb,68,66,1.971,0.81,us,us6000n9k8,2024-09-12T21:52:25.040Z,"194 km SE of Kokopo, Papua New Guinea",earthquake,4.72,4.529,0.064,78,reviewed,us,us
2024-07-01T05:12:05.901Z,14.9166,147.0697,27.113,5,mb,146,81,1.274,0.42,us,us6000n9jh,2026-06-16T20:48:56.582Z,"145 km ESE of Saipan, Northern Mariana Islands",earthquake,8.02,4.94,0.044,167,reviewed,us,us
2024-07-01T02:38:04.161Z,-62.6261,165.4224,10,5.1,mww,38,91,8.821,0.6,us,us6000n9iu,2024-09-12T21:52:25.040Z,"Balleny Islands region",earthquake,9.88,1.826,0.098,10,reviewed,us,us
2024-06-30T18:23:20.345Z,18.9993,144.9393,592.508,5.2,mww,98,72,3.825,0.76,us,us6000n9gl,2026-06-15T20:49:04.554Z,"Pagan region, Northern Mariana Islands",earthquake,8.92,6.329,0.089,12,reviewed,us,us
2024-06-30T16:06:29.333Z,-9.3734,107.4144,20.277,5.2,mb,66,74,1.913,0.79,us,us6000n9fs,2024-09-04T21:57:45.040Z,"236 km SSW of Singaparna, Indonesia",earthquake,6.53,1.431,0.068,70,reviewed,us,us
2024-06-29T16:38:46.516Z,-54.0633,7.2302,10,5.6,mww,209,16,18.209,0.88,us,us6000n96v,2024-09-04T21:57:44.040Z,"Bouvet Island region",earthquake,8.89,1.193,0.086,13,reviewed,us,us
2024-06-29T11:10:33.068Z,52.264,-175.1645,101.38,5,mb,91,129,0.545,0.95,us,us6000n95k,2026-06-14T20:48:58.612Z,"66 km W of Atka, Alaska",earthquake,6.76,4.404,0.022,635,reviewed,us,us
2024-06-29T07:22:47.284Z,-15.9911,-74.5613,21.807,5.4,mww,62,132,4.554,0.87,us,us6000n94d,2024-09-04T21:57:44.040Z,"30 km SW of Atiquipa, Peru",earthquake,9.78,5.187,0.083,14,reviewed,us,us
2024-06-29T07:05:32.855Z,-16.0485,-74.556,18,6.1,mww,138,89,4.606,0.71,us,us6000n948,2024-09-04T21:57:44.040Z,"34 km SW of Atiquipa, Peru",earthquake,7.96,1.856,0.059,28,reviewed,us,us
2024-06-29T06:49:41.906Z,43.3709,147.0237,42.384,5,mb,114,135,3.156,0.56,us,us6000n943,2024-09-04T21:57:44.040Z,"53 km SSE of Shikotan, Russia",earthquake,2.72,7.089,0.059,94,reviewed,us,us
2024-06-28T17:16:45.100Z,10.1256,93.6765,10,5,mb,119,43,5.845,0.63,us,us6000n8zg,2024-09-04T21:57:43.040Z,"198 km SSE of Port Blair, India",earthquake,8.87,1.793,0.058,103,reviewed,us,us
2024-06-28T13:00:39.570Z,-20.649,-175.6315,10,5.7,mww,75,38,0.654,0.65,us,us6000n8vk,2024-10-09T03:15:27.209Z,"67 km NNW of Houma, Tonga",earthquake,6.56,1.775,0.069,20,reviewed,us,us
2024-06-28T06:36:07.876Z,-30.0108,-176.3126,10,5,mb,43,107,1.586,1.26,us,us6000n8tw,2024-09-04T21:57:43.040Z,"Kermadec Islands region",earthquake,10.27,1.864,0.078,53,reviewed,us,us
2024-06-28T05:36:36.902Z,-15.8277,-74.454,24,7.2,mww,105,46,4.675,0.93,us,us6000n8tq,2025-02-09T14:16:45.954Z,"10 km WSW of Atiquipa, Peru",earthquake,8.89,1.881,0.041,56,reviewed,us,us
2024-06-27T16:37:51.299Z,-33.4081,-179.2724,29,5.9,mww,95,56,4.292,1.05,us,us6000n8nu,2024-09-04T21:57:42.040Z,"south of the Kermadec Islands",earthquake,9.43,1.789,0.048,42,reviewed,us,us
2024-06-27T15:02:23.124Z,-19.6149,66.8541,10,5.3,mww,69,45,3.286,0.83,us,us6000n8vj,2024-09-04T21:57:42.040Z,"Mauritius - Reunion region",earthquake,10.67,1.836,0.061,26,reviewed,us,us
2024-06-27T10:42:04.794Z,-6.3887,149.3223,43.976,5,mb,77,58,3.388,0.89,us,us6000n8ld,2024-09-04T21:57:42.040Z,"32 km SW of Kandrian, Papua New Guinea",earthquake,7.45,5.511,0.05,126,reviewed,us,us
2024-06-26T12:57:51.496Z,-13.2293,167.0887,199.001,5.1,mww,87,72,7.758,0.63,us,us6000n892,2024-09-04T21:57:41.040Z,"87 km NW of Sola, Vanuatu",earthquake,10.56,7.499,0.08,15,reviewed,us,us
2024-06-26T01:24:13.616Z,8.0633,90.4103,10,5.6,mww,124,35,7.077,0.51,us,us6000n877,2024-09-04T21:57:41.040Z,"Nicobar Islands, India region",earthquake,4.75,1.706,0.066,22,reviewed,us,us
2024-06-25T08:30:59.769Z,33.4839,141.3336,34.723,5.4,mww,137,30,1.325,1.01,us,us6000n82p,2024-09-04T21:57:40.040Z,"206 km SSE of Katsuura, Japan",earthquake,5.89,3.604,0.049,40,reviewed,us,us
2024-06-25T08:20:46.175Z,-54.3163,-56.9563,10,5.1,mww,61,76,2.729,1.31,us,us6000n82m,2024-09-04T21:57:40.040Z,"Falkland Islands region",earthquake,6.93,1.812,0.083,14,reviewed,us,us
2024-06-25T06:45:33.597Z,-20.8857,-173.8392,10,5.1,mb,91,64,1.306,0.81,us,us6000n82d,2024-09-04T21:57:40.040Z,"126 km ENE of ‘Ohonua, Tonga",earthquake,7.08,1.838,0.057,99,reviewed,us,us
2024-06-25T04:31:38.690Z,-63.7848,-165.7773,10,5,mb,30,75,16.441,0.52,us,us6000n82c,2024-09-04T21:57:40.040Z,"Pacific-Antarctic Ridge",earthquake,7.05,1.858,0.117,23,reviewed,us,us
2024-06-24T13:36:07.055Z,-21.961,-179.5302,591.039,5.1,mb,163,22,4.771,0.84,us,us7000muc2,2024-09-04T21:57:39.040Z,"Fiji region",earthquake,9.74,5.381,0.024,577,reviewed,us,us
2024-06-24T09:55:00.563Z,-7.0643,129.9588,87.686,5.4,mww,115,21,2.526,0.76,us,us7000mua7,2024-09-04T21:57:39.040Z,"Kepulauan Babar, Indonesia",earthquake,5.92,4.497,0.093,11,reviewed,us,us
2024-06-24T08:03:37.383Z,-14.6255,167.2426,149,6.3,mww,209,32,6.532,0.46,us,us7000mu8s,2024-10-08T23:22:11.860Z,"49 km NNE of Port-Olry, Vanuatu",earthquake,6.07,1.925,0.033,90,reviewed,us,us
2024-06-23T17:16:17.185Z,16.6693,-99.4449,15.036,5.3,mww,81,163,1.223,0.66,us,us7000mu56,2024-08-30T18:17:05.040Z,"12 km SE of Llano de la Puerta, Mexico",earthquake,7.75,3.668,0.041,56,reviewed,us,us
2024-06-23T14:27:09.391Z,23.7895,121.6388,24.293,5,mww,81,56,0.385,0.91,us,us7000mu4k,2024-08-30T18:17:06.040Z,"21 km S of Hualien City, Taiwan",earthquake,4.14,4.018,0.078,16,reviewed,us,us
2024-06-23T09:08:52.583Z,-17.3413,-176.6228,10,5,mww,17,82,3.93,1.22,us,us6000n8y3,2024-08-30T18:17:06.040Z,"Fiji region",earthquake,10.06,1.863,0.098,10,reviewed,us,us
2024-06-23T07:45:39.587Z,53.5035,158.754,125.034,5.2,mww,109,42,0.485,0.76,us,us7000mu31,2024-08-30T18:17:06.040Z,"42 km NE of Yelizovo, Russia",earthquake,8.32,4.193,0.047,43,reviewed,us,us
2024-06-23T03:57:58.918Z,10.6921,-62.6868,77,6,mww,124,36,1.753,1.09,us,us7000mu1p,2026-06-25T14:35:53.926Z,"20 km NE of Yaguaraparo, Venezuela",earthquake,8.23,1.891,0.035,78,reviewed,us,us
2024-06-22T20:46:45.321Z,-15.8742,-74.4656,23.656,5.2,mww,61,90,4.5,0.82,us,us7000mu0g,2024-08-30T18:17:06.040Z,"13 km SW of Atiquipa, Peru",earthquake,9.55,4.462,0.078,16,reviewed,us,us
2024-06-22T00:41:54.636Z,13.937,124.9953,10,5.1,mww,197,23,6.848,0.74,us,us7000mtvu,2024-08-30T18:17:06.040Z,"67 km ENE of Gigmoto, Philippines",earthquake,8.03,1.753,0.062,25,reviewed,us,us
2024-06-22T00:34:09.959Z,-17.5345,-172.8417,10,5.2,mww,63,65,3.165,1.17,us,us7000mtvr,2024-08-30T18:17:07.040Z,"172 km NE of Neiafu, Tonga",earthquake,8.04,1.862,0.098,10,reviewed,us,us
2024-06-21T20:53:09.775Z,0.769,-26.1428,10,5.5,mww,137,25,11.742,0.68,us,us7000mtur,2024-08-30T18:17:07.040Z,"central Mid-Atlantic Ridge",earthquake,9.24,1.799,0.046,46,reviewed,us,us
2024-06-21T19:14:25.452Z,-19.3856,175.2107,14.602,5,mww,99,92,3.151,0.86,us,us7000mttv,2024-08-30T18:17:07.040Z,"278 km WSW of Sigatoka, Fiji",earthquake,8.82,2.745,0.062,25,reviewed,us,us
2024-06-21T00:11:17.451Z,-3.5436,139.8835,77.081,5,mb,82,29,1.309,0.74,us,us7000mtpd,2024-08-30T18:17:07.040Z,"133 km SW of Abepura, Indonesia",earthquake,7.93,4.918,0.049,134,reviewed,us,us
2024-06-20T11:36:08.905Z,40.1118,77.7976,10,5,mb,103,60,1.532,1.01,us,us7000mtkg,2024-08-30T18:17:07.040Z,"111 km WNW of Tumxuk, China",earthquake,3.55,1.763,0.038,218,reviewed,us,us
2024-06-19T10:08:00.224Z,-56.6485,-25.4515,8.925,5.3,mww,80,69,6.708,0.51,us,us7000mtdy,2024-08-30T18:17:08.040Z,"South Sandwich Islands region",earthquake,11.06,4.804,0.098,10,reviewed,us,us
2024-06-18T21:42:34.214Z,-18.908,168.8633,103.665,5,mb,121,110,3.768,0.71,us,us7000mtap,2024-08-30T18:17:08.040Z,"82 km NNW of Isangel, Vanuatu",earthquake,9.79,5.881,0.057,100,reviewed,us,us
2024-06-18T09:51:26.444Z,-31.7154,-178.4793,46.563,5.1,mb,75,48,2.492,1.17,us,us7000mt55,2024-08-30T18:17:09.040Z,"Kermadec Islands region",earthquake,3.88,5.276,0.058,97,reviewed,us,us
2024-06-18T06:40:41.318Z,-16.5443,-173.5952,87,5.8,mww,95,50,3.151,1.07,us,us7000mt4l,2024-08-30T18:17:09.040Z,"68 km SSE of Hihifo, Tonga",earthquake,8.07,1.863,0.056,31,reviewed,us,us
2024-06-18T02:22:10.098Z,-3.8928,-76.671,106.228,5.5,mww,154,33,2.741,0.54,us,us7000mt41,2024-08-30T18:17:09.040Z,"53 km SSW of Alianza Cristiana, Peru",earthquake,7.83,3.247,0.034,83,reviewed,us,us
2024-06-18T01:10:10.098Z,17.5494,-105.0575,10,5,mww,147,56,3.427,0.62,us,us7000mt3p,2024-08-30T18:17:09.040Z,"184 km SW of Cuyutlán, Mexico",earthquake,8,1.751,0.049,40,reviewed,us,us
2024-06-17T20:49:59.090Z,-6.3624,146.3118,107.384,5.2,mww,111,28,3.137,0.61,us,us7000mt2v,2024-08-30T18:17:09.040Z,"50 km E of Kainantu, Papua New Guinea",earthquake,6.54,4.768,0.066,22,reviewed,us,us
2024-06-17T14:09:45.151Z,-11.4519,166.2329,57,5.6,mww,166,16,6.498,0.6,us,us7000mt0h,2024-08-30T18:17:09.040Z,"93 km SSE of Lata, Solomon Islands",earthquake,9.19,1.866,0.066,22,reviewed,us,us
2024-06-17T14:05:10.679Z,-19.0015,-172.7677,7,5.6,mww,159,55,2.688,0.93,us,us7000mt0e,2024-08-30T18:17:09.040Z,"133 km ESE of Neiafu, Tonga",earthquake,9.72,1.767,0.08,15,reviewed,us,us
2024-06-17T08:40:32.966Z,-3.1288,148.546,10,5.3,mww,100,46,1.597,0.53,us,us7000msyi,2024-08-30T18:17:09.040Z,"186 km SE of Lorengau, Papua New Guinea",earthquake,3.97,1.857,0.06,27,reviewed,us,us
2024-06-16T14:47:33.155Z,-15.8557,-74.4353,27,6,mww,115,65,4.499,0.93,us,us7000mstj,2024-08-23T18:04:31.040Z,"10 km SW of Atiquipa, Peru",earthquake,8.49,1.812,0.053,34,reviewed,us,us
2024-06-16T00:27:56.629Z,-60.9499,154.3353,7.727,6,mww,70,96,6.921,1,us,us7000msqt,2024-08-23T18:04:20.040Z,"west of Macquarie Island",earthquake,10.62,3.716,0.049,40,reviewed,us,us
2024-06-15T18:38:03.676Z,-40.5687,78.1155,10,5.5,mww,131,27,10.409,0.72,us,us7000mspm,2024-08-23T18:04:18.040Z,"Mid-Indian Ridge",earthquake,9.5,1.723,0.073,18,reviewed,us,us
2024-06-15T17:50:48.944Z,-55.8444,-28.2852,82.189,5.4,mb,126,26,4.967,0.81,us,us7000msph,2024-08-23T18:04:18.040Z,"South Sandwich Islands region",earthquake,9.34,4.45,0.057,105,reviewed,us,us
2024-06-15T13:08:14.671Z,3.1837,127.2673,45.789,5.6,mww,119,35,2.398,0.92,us,us7000msn7,2024-08-23T18:04:13.040Z,"180 km NNW of Tobelo, Indonesia",earthquake,7.12,4.12,0.078,16,reviewed,us,us
2024-06-14T15:38:02.316Z,-51.5353,139.4703,10,5,mww,29,84,10.14,0.7,us,us7000msg6,2024-08-23T18:04:00.040Z,"western Indian-Antarctic Ridge",earthquake,7.85,1.891,0.093,11,reviewed,us,us
2024-06-14T15:30:53.898Z,-51.4579,139.3475,10,5.2,mww,34,71,12.188,1.04,us,us7000msg4,2024-08-23T18:03:59.040Z,"western Indian-Antarctic Ridge",earthquake,5.89,1.834,0.08,15,reviewed,us,us
2024-06-14T09:51:55.823Z,-31.1899,-13.3185,10,5.9,mww,250,52,5.922,0.57,us,us7000msc3,2024-08-23T18:03:57.040Z,"southern Mid-Atlantic Ridge",earthquake,4.1,1.821,0.086,13,reviewed,us,us
2024-06-14T09:50:57.874Z,-31.1918,-13.3419,10,5,mb,91,67,5.923,0.44,us,us6000n8d4,2024-08-23T18:02:41.040Z,"southern Mid-Atlantic Ridge",earthquake,10.16,1.859,0.061,86,reviewed,us,us
2024-06-14T09:29:31.960Z,-31.1665,-13.577,10,5.4,mb,92,56,5.979,0.5,us,us7000msc1,2024-08-23T18:03:57.040Z,"southern Mid-Atlantic Ridge",earthquake,10.07,1.858,0.062,87,reviewed,us,us
2024-06-14T09:28:11.194Z,-31.2116,-13.4498,10,5.3,mb,69,63,5.917,0.5,us,us7000msbz,2024-08-23T18:03:56.040Z,"southern Mid-Atlantic Ridge",earthquake,9.09,1.823,0.076,58,reviewed,us,us
2024-06-14T04:26:48.660Z,-30.9404,-13.4721,10,5.9,mww,111,30,6.187,0.85,us,us7000msb0,2024-08-23T18:03:54.040Z,"southern Mid-Atlantic Ridge",earthquake,9.59,1.734,0.05,39,reviewed,us,us
2024-06-13T22:46:49.821Z,-8.7048,-76.0219,10,5,mb,84,72,2.82,0.77,us,us7000ms9k,2024-08-23T18:03:52.040Z,"55 km ESE of Uchiza, Peru",earthquake,8.65,1.806,0.036,244,reviewed,us,us
2024-06-13T17:12:53.838Z,-22.7636,-176.6699,124.612,5.1,mww,75,62,2.104,0.71,us,us7000ms7h,2024-08-23T18:03:48.040Z,"226 km SW of Houma, Tonga",earthquake,9.52,5.271,0.086,13,reviewed,us,us
2024-06-13T10:23:05.511Z,12.644,144.2593,17.351,5.1,mww,100,30,1.111,0.71,us,us7000ms3s,2026-05-29T20:48:56.449Z,"81 km SSW of Merizo Village, Guam",earthquake,5.62,3.507,0.086,13,reviewed,us,us
2024-06-13T04:13:26.250Z,-18.936,-172.7715,10,5,mb,43,79,2.695,1.28,us,us7000ms2f,2024-08-23T18:03:42.040Z,"131 km ESE of Neiafu, Tonga",earthquake,7,1.877,0.106,28,reviewed,us,us
2024-06-12T17:01:20.867Z,4.3762,126.4544,39,5.8,mww,218,23,2.814,0.61,us,us7000mrz8,2024-08-23T18:03:36.040Z,"158 km SE of Sarangani, Philippines",earthquake,5.77,1.702,0.052,35,reviewed,us,us
2024-06-12T02:25:55.624Z,8.3358,-103.3322,10,5.7,mww,96,67,10.278,0.56,us,us7000mrv4,2024-08-23T18:03:28.040Z,"northern East Pacific Rise",earthquake,10.09,1.835,0.045,48,reviewed,us,us
2024-06-11T15:28:21.246Z,-18.6122,-172.8687,10,5.2,mww,86,58,2.824,0.83,us,us7000mrqb,2024-08-23T18:03:22.040Z,"117 km E of Neiafu, Tonga",earthquake,6.73,1.79,0.075,17,reviewed,us,us
2024-06-11T11:38:17.405Z,-5.284,151.2803,121.73,5.2,mww,72,53,5.061,0.69,us,us7000mrp5,2024-08-23T18:03:20.040Z,"130 km ENE of Kimbe, Papua New Guinea",earthquake,5.87,6.834,0.073,18,reviewed,us,us
2024-06-11T11:09:31.661Z,-5.2539,151.1864,124.061,5.1,mww,89,51,4.97,0.88,us,us7000mrp4,2024-08-23T18:03:20.040Z,"120 km ENE of Kimbe, Papua New Guinea",earthquake,8.71,5.725,0.078,16,reviewed,us,us
2024-06-11T06:58:36.087Z,9.4523,119.739,9.9,5.2,mww,83,80,8.351,0.57,us,us7000mrn5,2024-08-23T18:03:18.040Z,"97 km SE of Caramay, Philippines",earthquake,8.35,3.47,0.073,18,reviewed,us,us
2024-06-11T02:56:32.775Z,-20.1774,168.518,10,5.2,mww,58,83,2.621,0.77,us,us7000mrme,2024-08-23T18:03:16.040Z,"106 km SW of Isangel, Vanuatu",earthquake,7.8,1.804,0.103,9,reviewed,us,us
2024-06-11T02:51:11.346Z,-20.1268,168.6915,10,5.1,mww,62,56,2.732,0.7,us,us7000mrmc,2024-08-23T18:03:15.040Z,"89 km SW of Isangel, Vanuatu",earthquake,4.26,1.744,0.08,15,reviewed,us,us
2024-06-10T22:34:43.900Z,-9.0299,-108.8113,10,5,mb,148,100,29.457,0.49,us,us7000mrl5,2024-08-23T18:03:11.040Z,"central East Pacific Rise",earthquake,13.59,1.807,0.043,173,reviewed,us,us
2024-06-10T03:49:41.546Z,-12.7631,166.741,138.008,5.2,mww,104,27,7.44,0.66,us,us7000mrez,2024-08-23T18:03:03.040Z,"151 km NW of Sola, Vanuatu",earthquake,9.79,4.386,0.062,25,reviewed,us,us
2024-06-10T03:44:14.733Z,-18.7431,65.1681,10,5,mb,76,59,1.975,0.73,us,us7000mrf1,2024-08-23T18:03:03.040Z,"211 km ENE of Port Mathurin, Mauritius",earthquake,9,1.774,0.075,57,reviewed,us,us
2024-06-09T16:28:38.228Z,-5.4569,154.0688,125,5.7,mww,120,36,7.044,0.82,us,us7000mrdc,2024-08-16T21:59:17.040Z,"183 km WNW of Panguna, Papua New Guinea",earthquake,8.92,1.888,0.043,53,reviewed,us,us
2024-06-09T11:27:42.446Z,-53.9214,-134.1183,10,5,mb,34,97,32.502,0.52,us,us7000mrcd,2024-08-16T21:59:22.040Z,"Pacific-Antarctic Ridge",earthquake,6.86,1.861,0.077,54,reviewed,us,us
2024-06-09T10:17:55.835Z,-53.8417,-134.0696,10,5.1,mb,45,106,32.587,0.43,us,us7000mrbx,2024-08-16T21:59:22.040Z,"Pacific-Antarctic Ridge",earthquake,14.26,1.88,0.061,88,reviewed,us,us
2024-06-09T09:55:49.381Z,-53.8559,-133.9509,10,6.2,mww,91,58,29.452,0.61,us,us7000mrbr,2025-09-26T02:34:20.453Z,"Pacific-Antarctic Ridge",earthquake,7.38,1.769,0.062,25,reviewed,us,us
2024-06-09T09:48:03.746Z,-54.4006,-133.0913,10,5.7,mwb,42,94,31.296,0.85,us,us7000mrbq,2024-08-16T21:59:22.040Z,"Pacific-Antarctic Ridge",earthquake,13.08,1.887,0.04,59,reviewed,us,us
2024-06-09T09:45:35.358Z,-54.1827,-133.8164,10,5,mb,24,127,32.324,0.22,us,us7000msfd,2024-08-16T21:59:22.040Z,"Pacific-Antarctic Ridge",earthquake,15.63,1.91,0.121,22,reviewed,us,us
2024-06-07T19:24:47.260Z,-17.9122,-175.025,202.142,5.1,mww,149,54,3.447,0.67,us,us7000mr28,2024-08-16T21:59:25.040Z,"137 km NW of Neiafu, Tonga",earthquake,7.7,4.618,0.103,9,reviewed,us,us
2024-06-07T17:03:31.054Z,-54.0569,-2.4625,10,5.4,mb,127,33,17.682,0.48,us,us7000mr1a,2024-08-16T21:59:24.040Z,"southern Mid-Atlantic Ridge",earthquake,10.53,1.718,0.057,110,reviewed,us,us
2024-06-07T16:57:14.486Z,-54.0047,-2.5375,10,5.2,mww,126,24,17.734,0.55,us,us7000mr18,2024-08-16T21:59:24.040Z,"southern Mid-Atlantic Ridge",earthquake,10.79,1.742,0.103,9,reviewed,us,us
2024-06-07T16:31:04.714Z,-2.994,139.2269,39.22,5.3,mww,201,17,1.549,0.64,us,us7000mr12,2024-10-09T07:03:56.099Z,"162 km WSW of Abepura, Indonesia",earthquake,6.77,4.165,0.083,14,reviewed,us,us
2024-06-07T04:32:49.077Z,-55.1752,-28.8667,18.308,5,mb,42,66,4.507,0.83,us,us7000mqvy,2024-08-16T21:59:24.040Z,"South Sandwich Islands region",earthquake,11.96,1.5,0.081,49,reviewed,us,us
2024-06-06T22:58:44.778Z,-55.2762,-29.1789,35,5.7,mww,101,22,4.347,0.53,us,us7000mqtv,2024-08-16T21:59:24.040Z,"South Sandwich Islands region",earthquake,8.42,1.747,0.093,11,reviewed,us,us
2024-06-06T22:53:04.190Z,-55.1574,-29.1201,35,5.4,mww,93,30,4.361,0.74,us,us7000mqtu,2024-08-16T21:59:24.040Z,"South Sandwich Islands region",earthquake,6.81,1.66,0.103,9,reviewed,us,us
2024-06-06T13:15:37.463Z,-9.0052,116.8448,10.967,5,mb,102,23,0.937,0.67,us,us7000mqpy,2026-08-20T14:03:13.437Z,"28 km S of Taliwang, Indonesia",earthquake,6.37,3.134,0.065,76,reviewed,us,us
2024-06-06T11:07:53.351Z,50.1126,147.684,619.618,5.9,mww,141,29,4.522,0.69,us,us7000mqp4,2024-08-16T21:59:23.040Z,"Sea of Okhotsk",earthquake,7.44,2.918,0.038,66,reviewed,us,us
2024-06-05T11:16:14.005Z,0.4195,98.5655,65.051,5.1,mww,128,111,1.323,0.69,us,us7000mqgm,2024-08-16T21:59:22.040Z,"86 km ESE of Teluk Dalam, Indonesia",earthquake,7.63,6.526,0.075,17,reviewed,us,us
2024-06-05T10:39:15.098Z,-59.669,-29.5886,10.741,5.5,mww,67,69,6.583,0.67,us,us7000mqgh,2024-08-16T21:59:24.040Z,"South Sandwich Islands region",earthquake,11.26,4.784,0.073,18,reviewed,us,us
2024-06-05T08:42:24.371Z,-13.711,14.249,10,5.1,mb,79,28,6.328,0.76,us,us7000mqfy,2024-08-16T21:59:17.040Z,"87 km W of Caconda, Angola",earthquake,9.68,1.707,0.049,139,reviewed,us,us
2024-06-05T06:19:41.587Z,-3.5702,100.7411,10,5,mb,78,64,2.345,1.15,us,us7000mqf7,2024-08-16T21:59:21.040Z,"171 km W of Bengkulu, Indonesia",earthquake,8.75,0.983,0.07,66,reviewed,us,us
2024-06-05T02:20:27.145Z,-3.6756,100.6221,19,5.5,mww,122,35,2.425,0.54,us,us7000mqdw,2024-08-16T21:59:21.040Z,"183 km W of Bengkulu, Indonesia",earthquake,7.46,1.695,0.075,17,reviewed,us,us
2024-06-05T02:16:01.006Z,-4.1233,143.0423,77.628,5.2,mb,103,36,2.83,0.79,us,us7000mqdv,2024-08-16T21:59:18.040Z,"26 km ENE of Ambunti, Papua New Guinea",earthquake,8.75,4.407,0.042,187,reviewed,us,us
2024-06-04T18:32:59.847Z,-37.329,-94.6408,10,5.5,mww,41,67,16.044,1,us,us7000mqbs,2024-08-16T21:59:26.040Z,"West Chile Rise",earthquake,13.67,1.779,0.05,39,reviewed,us,us
2024-06-04T14:59:19.616Z,-22.9323,-114.0795,10,5.4,mww,229,32,5.954,0.61,us,us7000mq99,2024-08-16T21:59:18.040Z,"Easter Island region",earthquake,10.09,1.712,0.083,14,reviewed,us,us
2024-06-04T10:00:03.919Z,-17.9343,-178.5016,603.306,5.5,mww,133,64,2.497,0.71,us,us7000mq7x,2024-08-16T21:59:18.040Z,"231 km E of Levuka, Fiji",earthquake,10.81,4.352,0.069,20,reviewed,us,us
2024-06-03T18:52:15.673Z,-18.1046,-173.0474,10,5.1,mww,71,52,3.113,1.26,us,us7000mq3s,2024-08-16T21:59:25.040Z,"115 km ENE of Neiafu, Tonga",earthquake,7.8,1.816,0.089,12,reviewed,us,us
2024-06-03T07:41:48.084Z,-30.2738,-177.8612,38.834,5,mb,46,77,1.01,1.17,us,us7000mpy9,2024-08-16T21:59:21.040Z,"Kermadec Islands, New Zealand",earthquake,9.96,5.72,0.072,61,reviewed,us,us
2024-06-03T07:35:28.161Z,-22.6263,171.7129,35,5.1,mb,77,76,3.942,0.69,us,us7000mpy3,2024-08-16T21:59:24.040Z,"southeast of the Loyalty Islands",earthquake,10.76,1.913,0.047,145,reviewed,us,us
2024-06-03T06:41:51.470Z,29.6352,-42.82,10,5.9,mww,172,52,16.502,0.39,us,us7000mpxd,2024-08-16T21:59:22.040Z,"northern Mid-Atlantic Ridge",earthquake,9.61,1.862,0.036,74,reviewed,us,us
2024-06-02T21:43:40.775Z,-2.9237,138.8345,48.904,5,mb,97,60,1.91,0.53,us,us7000mppx,2024-08-06T20:32:50.040Z,"203 km W of Abepura, Indonesia",earthquake,6.05,5.683,0.063,80,reviewed,us,us
2024-06-02T21:31:39.387Z,37.4476,137.2681,9,5.7,mww,319,37,1.171,0.53,us,us7000mppu,2024-10-08T23:30:45.559Z,"40 km NE of Anamizu, Japan",earthquake,4.91,1.689,0.044,50,reviewed,us,us
2024-06-02T18:40:31.328Z,-9.3077,156.4715,10,5.2,mww,70,33,3.433,0.73,us,us7000mpp7,2024-08-06T20:32:50.040Z,"139 km SSW of Gizo, Solomon Islands",earthquake,7.7,1.861,0.068,21,reviewed,us,us
2024-06-02T03:41:06.514Z,-29.2299,-176.8992,10,5.1,mww,47,121,0.893,1.24,us,us7000mpk7,2024-08-06T20:32:50.040Z,"Kermadec Islands region",earthquake,10.24,1.842,0.093,11,reviewed,us,us
2024-06-02T01:27:23.706Z,23.7136,121.6602,10,5,mb,64,83,0.462,0.73,us,us7000mpjr,2024-08-06T20:32:50.040Z,"29 km S of Hualien City, Taiwan",earthquake,3.36,1.878,0.053,115,reviewed,us,us
2024-06-01T11:01:43.411Z,-1.6626,134.5006,36.038,5,mb,38,72,2.573,0.34,us,us7000mpge,2024-08-06T20:32:49.040Z,"40 km ESE of Ransiki, Indonesia",earthquake,9.57,7.525,0.076,55,reviewed,us,us
2024-06-01T10:53:06.591Z,-21.3526,-68.6663,97.964,5.1,mww,59,40,0.826,0.89,us,us7000mpg7,2024-08-06T20:32:49.040Z,"45 km WSW of Ollagüe, Chile",earthquake,6.49,5.127,0.068,21,reviewed,us,us
2024-06-01T02:37:31.517Z,28.9087,131.0686,10,5.2,mb,87,50,2.646,0.71,us,us7000mpec,2024-08-06T20:32:49.040Z,"152 km ENE of Tatsugō, Japan",earthquake,3.28,1.816,0.029,410,reviewed,us,us
2024-06-01T00:46:38.484Z,34.1381,86.3128,20.71,5.9,mww,318,20,6.024,0.52,us,us7000mpe2,2024-08-06T20:32:49.040Z,"western Xizang",earthquake,8.66,3.329,0.08,15,reviewed,us,us
2024-05-31T23:11:37.232Z,-29.1112,-177.0322,30.496,5.2,mb,113,69,0.791,0.68,us,us7000mpdr,2024-08-06T20:32:49.040Z,"Kermadec Islands, New Zealand",earthquake,8.21,4.052,0.061,89,reviewed,us,us
2024-05-31T21:06:56.784Z,-29.2094,-176.903,10,5.1,mb,55,135,0.891,1.3,us,us7000mpcc,2024-08-06T20:32:49.040Z,"Kermadec Islands region",earthquake,9.99,1.83,0.099,33,reviewed,us,us
2024-05-31T17:10:59.107Z,24.0165,121.5423,25.304,5.2,mww,169,28,0.585,0.63,us,us7000mpaw,2025-10-08T00:13:03.568Z,"7 km NW of Hualien City, Taiwan",earthquake,3.55,3.541,0.086,13,reviewed,us,us
2024-05-31T15:54:40.923Z,-28.9579,-176.8653,16,6.2,mww,175,52,0.972,0.8,us,us7000mp9e,2024-10-09T02:53:15.828Z,"Kermadec Islands region",earthquake,6.75,1.721,0.041,56,reviewed,us,us
2024-05-31T15:46:09.810Z,-43.3059,41.7226,10,6.2,mww,208,16,7.849,0.68,us,us7000mp99,2024-08-06T20:32:48.040Z,"Prince Edward Islands region",earthquake,9.52,1.704,0.048,41,reviewed,us,us
2024-05-31T15:44:11.792Z,-23.318,171.5452,10,5,mb,92,86,3.842,0.66,us,us7000mp9a,2024-08-06T20:32:48.040Z,"southeast of the Loyalty Islands",earthquake,9.01,1.341,0.05,135,reviewed,us,us
2024-05-31T08:35:01.812Z,-59.5508,-26.274,35.823,5.6,mww,70,68,15.372,0.85,us,us7000mp5r,2024-08-06T20:32:48.040Z,"South Sandwich Islands region",earthquake,10.33,5.706,0.086,13,reviewed,us,us
2024-05-30T17:08:17.919Z,-2.7221,122.0453,10,5,mb,82,63,3.228,0.87,us,us7000mp1j,2024-08-06T20:32:48.040Z,"148 km NNW of Kendari, Indonesia",earthquake,6.29,1.857,0.057,99,reviewed,us,us
2024-05-29T23:40:04.865Z,-13.5645,166.4836,35,5,mb,108,44,7.258,0.56,us,us7000mnvu,2024-08-06T20:32:48.040Z,"120 km WNW of Sola, Vanuatu",earthquake,8.2,1.757,0.064,79,reviewed,us,us
2024-05-29T17:14:58.129Z,32.3127,137.564,392.698,5.5,mww,173,20,2.036,0.69,us,us7000mnu8,2024-08-06T20:32:47.040Z,"210 km SE of Kushimoto, Japan",earthquake,8.1,3.749,0.051,37,reviewed,us,us
2024-05-29T13:13:27.000Z,23.527,94.6623,97.552,5.4,mww,180,26,2.322,0.61,us,us7000mnrr,2024-08-06T20:32:47.040Z,"29 km ESE of Mawlaik, Myanmar",earthquake,7.5,5.247,0.057,30,reviewed,us,us
2024-05-28T22:02:37.989Z,-15.1301,-173.5833,10,5,mb,136,99,2.125,0.65,us,us7000mnmx,2024-08-06T20:32:47.040Z,"94 km NNE of Hihifo, Tonga",earthquake,7.94,1.864,0.052,117,reviewed,us,us
2024-05-28T11:52:40.252Z,2.8091,95.6066,21,5.7,mww,112,56,2.471,0.69,us,us6000n1gi,2024-08-06T20:32:46.040Z,"93 km WNW of Sinabang, Indonesia",earthquake,7.95,1.884,0.073,18,reviewed,us,us
2024-05-27T19:53:57.681Z,-10.2431,111.4012,10,5,mww,76,42,3.236,0.85,us,us6000n1bz,2024-08-06T20:32:46.040Z,"241 km SSW of Boyolangu, Indonesia",earthquake,5.39,1.836,0.073,18,reviewed,us,us
2024-05-27T03:07:11.247Z,28.232,100.6748,10,5.1,mww,81,40,8.116,0.75,us,us6000n177,2024-08-06T20:32:45.040Z,"44 km N of Yongning, China",earthquake,3.51,1.727,0.11,8,reviewed,us,us
2024-05-27T01:51:16.226Z,-7.0611,155.5707,52.998,5.2,mb,114,30,4.934,0.54,us,us6000n16u,2024-08-06T20:32:45.040Z,"82 km S of Panguna, Papua New Guinea",earthquake,8.66,4.879,0.04,210,reviewed,us,us
2024-05-27T00:47:30.659Z,52.3248,157.6272,125.315,5.2,mww,251,43,0.786,0.55,us,us6000n16q,2024-08-06T20:32:45.040Z,"82 km SSW of Paratunka, Russia",earthquake,9.06,4.099,0.11,8,reviewed,us,us
2024-05-26T21:47:47.612Z,-21.1889,-173.7078,10,5,mb,102,127,1.18,0.81,us,us6000n15w,2024-08-06T02:10:16.040Z,"130 km E of ‘Ohonua, Tonga",earthquake,9.18,1.805,0.067,72,reviewed,us,us
2024-05-26T20:47:12.057Z,-19.3431,-174.841,137,6.6,mww,190,21,2.026,0.93,us,us6000n158,2024-08-06T02:09:38.040Z,"70 km NW of Fangale’ounga, Tonga",earthquake,8.13,1.893,0.043,53,reviewed,us,us
2024-05-26T14:24:09.824Z,-24.1843,-69.2548,99.994,5.1,mwr,79,87,1.021,0.98,us,us6000n13x,2024-08-06T02:09:44.040Z,"130 km ESE of Antofagasta, Chile",earthquake,2.9,4.53,0.063,24,reviewed,us,us
2024-05-26T06:17:05.451Z,-54.7506,-130.4893,10,5.3,mww,41,109,31.509,0.73,us,us6000n11x,2024-08-06T02:10:15.040Z,"Pacific-Antarctic Ridge",earthquake,14.41,1.88,0.093,11,reviewed,us,us
2024-05-25T22:23:15.997Z,-17.1173,167.8706,22,6.3,mww,280,28,4.815,0.72,us,us6000n102,2024-10-09T04:49:04.635Z,"83 km NW of Port-Vila, Vanuatu",earthquake,8.23,1.836,0.039,64,reviewed,us,us
2024-05-25T08:08:58.450Z,56.1888,163.5596,29.395,5.1,mb,158,92,4.267,0.52,us,us6000n0x8,2024-08-06T02:10:01.040Z,"67 km E of Ust’-Kamchatsk Staryy, Russia",earthquake,8.51,5.225,0.043,172,reviewed,us,us
2024-05-25T07:37:17.629Z,1.1293,126.3869,11.972,5,mb,80,80,1.042,0.78,us,us6000n0x4,2024-08-06T02:10:07.040Z,"117 km WNW of Ternate, Indonesia",earthquake,4.18,4.416,0.069,66,reviewed,us,us
2024-05-25T02:49:43.242Z,30.1346,-42.6874,10,5.1,mww,104,53,18.946,0.86,us,us6000n0w4,2024-08-06T02:10:14.040Z,"northern Mid-Atlantic Ridge",earthquake,9.08,1.629,0.062,25,reviewed,us,us
2024-05-24T15:51:29.453Z,-1.7121,151.7671,10,5,mb,38,128,4.411,1.06,us,us6000n0s9,2024-08-06T02:10:14.040Z,"144 km NE of Kavieng, Papua New Guinea",earthquake,9.88,1.923,0.046,151,reviewed,us,us
2024-05-24T05:13:49.751Z,6.2666,-82.5111,10,5.1,mww,81,126,2.276,1.17,us,us6000n0mu,2024-08-06T02:10:13.040Z,"199 km SSE of Burica, Panama",earthquake,9.1,1.845,0.046,45,reviewed,us,us
2024-05-23T17:07:30.637Z,27.192,53.6491,8.617,5.1,mb,95,74,3.207,0.66,us,us6000n0iw,2024-08-06T02:10:23.040Z,"71 km SW of Gerāsh, Iran",earthquake,6.87,4.468,0.043,177,reviewed,us,us
2024-05-23T11:27:02.721Z,-37.1121,47.7015,10,5.6,mww,128,23,9.813,0.82,us,us6000n0ee,2024-08-06T02:10:11.040Z,"Southwest Indian Ridge",earthquake,7.04,1.486,0.08,15,reviewed,us,us
2024-05-23T10:49:59.715Z,5.4521,61.6896,10,5.5,mww,116,36,11.816,0.89,us,us6000n0e7,2024-08-06T02:10:11.040Z,"Carlsberg Ridge",earthquake,10.28,1.77,0.061,26,reviewed,us,us
2024-05-23T04:19:00.764Z,-6.2348,147.7405,90.235,5,mb,107,84,3.201,0.79,us,us6000n0da,2024-08-06T02:09:44.040Z,"37 km NNW of Finschhafen, Papua New Guinea",earthquake,9.56,5.969,0.061,85,reviewed,us,us
2024-05-22T15:44:58.156Z,-17.2765,-172.0009,10,5.1,mb,58,77,2.663,1.02,us,us6000n09y,2024-08-06T02:10:11.040Z,"241 km SE of Hihifo, Tonga",earthquake,7.8,1.857,0.079,52,reviewed,us,us
2024-05-22T08:00:40.725Z,23.7696,121.7699,10,5.2,mww,87,73,0.433,0.82,us,us6000n082,2024-08-06T02:10:10.040Z,"28 km SE of Hualien City, Taiwan",earthquake,2.22,1.818,0.068,21,reviewed,us,us
2024-05-22T05:49:12.684Z,0.1267,123.6754,127.916,5,mww,131,13,1.471,0.9,us,us6000n07e,2024-08-06T02:09:39.040Z,"81 km ESE of Gorontalo, Indonesia",earthquake,6.42,4.375,0.071,19,reviewed,us,us
2024-05-22T05:34:19.975Z,2.5123,-79.0178,10,5,mww,107,73,1.223,0.98,us,us6000n077,2024-08-06T02:10:10.040Z,"63 km W of Mosquera, Colombia",earthquake,5.55,1.353,0.073,18,reviewed,us,us
2024-05-21T11:09:53.344Z,-54.9581,-129.7333,10,5.3,mb,95,32,29.853,0.61,us,us6000n00r,2024-08-06T02:10:10.040Z,"Pacific-Antarctic Ridge",earthquake,11.36,1.848,0.057,105,reviewed,us,us
2024-05-21T09:50:43.066Z,-12.0892,167.2764,248.263,5.4,mww,154,22,7.667,0.57,us,us6000n00g,2024-08-06T02:09:33.040Z,"199 km N of Sola, Vanuatu",earthquake,8.95,0.968,0.058,29,reviewed,us,us
2024-05-21T08:31:56.954Z,-2.2033,138.2031,22.062,5.3,mww,104,17,2.517,0.82,us,us6000n004,2024-08-06T02:10:03.040Z,"261 km ESE of Biak, Indonesia",earthquake,6.84,3.724,0.083,14,reviewed,us,us
2024-05-21T08:21:10.007Z,-21.9443,-68.479,106.413,5,mww,113,32,1.041,0.85,us,us6000n003,2024-08-06T02:09:43.040Z,"72 km NE of Calama, Chile",earthquake,5.38,0.986,0.065,23,reviewed,us,us
2024-05-21T03:35:59.152Z,-6.3098,147.3092,57,5.7,mww,118,15,3.078,0.75,us,us6000mzyf,2024-08-06T02:09:49.040Z,"57 km NE of Lae, Papua New Guinea",earthquake,4.57,1.842,0.065,23,reviewed,us,us
2024-05-21T02:43:10.935Z,-3.7141,-79.6819,84.173,5.1,mww,117,44,2.35,0.67,us,us6000mzyb,2024-08-06T02:09:45.040Z,"3 km S of Piñas, Ecuador",earthquake,7.52,3.61,0.083,14,reviewed,us,us
2024-05-21T00:39:39.428Z,26.1908,141.52,59.788,5.4,mww,297,15,1.08,1.09,us,us6000mzxt,2024-08-06T02:09:48.040Z,"Bonin Islands, Japan region",earthquake,7.39,3.921,0.069,20,reviewed,us,us
2024-05-20T23:53:50.675Z,-14.9188,-70.2464,227.361,5.1,mww,263,85,2.756,0.86,us,us6000mzxl,2024-08-06T02:09:34.040Z,"5 km WSW of Azángaro, Peru",earthquake,9.45,4.522,0.068,21,reviewed,us,us
2024-05-20T19:42:15.945Z,-8.9412,112.6283,88.44,5,mww,74,43,1.577,0.6,us,us6000mzw3,2024-08-06T02:09:45.040Z,"81 km S of Dampit, Indonesia",earthquake,7.97,6.672,0.103,9,reviewed,us,us
2024-05-20T05:10:23.334Z,40.1736,76.9561,29.068,5.1,mww,176,70,1.34,0.68,us,us6000mzrr,2024-10-09T10:02:29.863Z,"113 km NE of Kashgar, China",earthquake,6.26,3.811,0.098,10,reviewed,us,us
2024-05-19T22:53:03.215Z,-57.7049,-25.2221,36.265,5,mb,82,67,7.187,0.63,us,us6000mzqp,2024-07-26T23:58:13.040Z,"South Sandwich Islands region",earthquake,10.51,4.779,0.071,63,reviewed,us,us
2024-05-19T18:30:04.343Z,-6.371,147.2559,64.474,5.3,mww,77,79,3.016,0.6,us,us6000mzps,2024-07-26T23:58:13.040Z,"48 km NE of Lae, Papua New Guinea",earthquake,9.08,5.937,0.069,20,reviewed,us,us
2024-05-19T11:21:16.140Z,52.2022,-170.8786,36.247,5,mwr,125,138,0.83,0.55,us,us6000mzmv,2024-12-15T11:31:19.198Z,"159 km WSW of Nikolski, Alaska",earthquake,6.91,5.349,0.057,30,reviewed,us,us
2024-05-19T09:39:41.881Z,17.58,-104.5705,10,5.2,mww,95,91,2.811,1.04,us,us6000mzmh,2024-07-26T23:58:13.040Z,"148 km SW of La Placita de Morelos, Mexico",earthquake,7.81,1.798,0.048,41,reviewed,us,us
2024-05-19T09:35:24.660Z,52.0681,-170.9122,28,6,mww,305,59,0.944,1.04,us,us6000mzme,2026-05-04T20:49:08.184Z,"169 km SW of Nikolski, Alaska",earthquake,4.73,1.859,0.038,68,reviewed,us,us
2024-05-19T02:31:21.777Z,85.2392,12.0151,10,5.5,mww,116,18,6.364,0.81,us,us6000mzkf,2024-07-26T23:58:12.040Z,"north of Svalbard",earthquake,9.31,1.807,0.046,45,reviewed,us,us
2024-05-18T23:57:41.081Z,-55.8986,-123.3012,10,5.9,mww,103,95,29.852,0.68,us,us6000mzjx,2024-07-26T23:58:12.040Z,"southern East Pacific Rise",earthquake,13.72,1.881,0.078,16,reviewed,us,us
2024-05-18T14:04:43.532Z,-3.8452,152.1304,4,5.7,mww,79,56,5.083,0.89,us,us6000mzgb,2024-07-26T23:58:12.040Z,"39 km N of Rabaul, Papua New Guinea",earthquake,7.48,1.492,0.059,28,reviewed,us,us
2024-05-18T06:26:09.996Z,3.838,122.9135,524.072,5.5,mww,172,44,3.445,0.75,us,us6000mze2,2024-07-26T23:58:11.040Z,"267 km SSE of Tabiauan, Philippines",earthquake,9.92,5.282,0.066,22,reviewed,us,us
2024-05-18T03:06:55.445Z,-14.5083,94.82,10,5.2,mb,78,40,3.026,0.91,us,us6000mzcu,2024-07-26T23:58:11.040Z,"South Indian Ocean",earthquake,9.76,1.774,0.069,70,reviewed,us,us
2024-05-18T01:41:50.785Z,-59.8411,-26.2402,47.108,5,mb,51,78,7.882,0.69,us,us6000mzcb,2024-07-26T23:58:11.040Z,"South Sandwich Islands region",earthquake,11.56,1.448,0.071,64,reviewed,us,us
2024-05-17T20:58:26.824Z,-29.1155,-178.5347,191,5.8,mww,216,20,0.545,0.75,us,us6000mzau,2024-10-09T06:42:40.114Z,"Kermadec Islands, New Zealand",earthquake,8.98,1.743,0.041,58,reviewed,us,us
2024-05-16T07:29:20.203Z,-20.6355,-178.6315,577.572,5,mb,103,38,3.249,0.74,us,us6000myx5,2024-07-26T23:58:10.040Z,"Fiji region",earthquake,11.65,8.152,0.059,92,reviewed,us,us
2024-05-16T06:31:36.942Z,-3.8178,151.52,10,5.4,mww,89,69,4.507,0.56,us,us6000mywx,2024-07-26T23:58:10.040Z,"82 km WNW of Rabaul, Papua New Guinea",earthquake,5.58,1.874,0.086,13,reviewed,us,us
2024-05-16T05:13:54.223Z,-14.3351,-76.14,35,5.2,mww,74,139,2.432,0.68,us,us6000mywl,2024-07-26T23:58:10.040Z,"49 km WSW of Santiago, Peru",earthquake,8.7,1.921,0.075,17,reviewed,us,us
2024-05-16T03:48:01.274Z,-7.1123,148.4382,10,5.2,mww,216,46,2.605,0.77,us,us6000mywa,2024-07-26T23:58:10.040Z,"89 km SE of Finschhafen, Papua New Guinea",earthquake,6.53,1.839,0.08,15,reviewed,us,us
2024-05-15T22:14:19.887Z,-26.3976,-11.3766,10,5.3,mb,224,22,26.162,0.58,us,us6000myub,2024-07-26T23:58:10.040Z,"southern Mid-Atlantic Ridge",earthquake,10.17,1.716,0.044,178,reviewed,us,us
2024-05-15T20:38:37.785Z,-36.7925,78.5648,10,5.2,mww,85,60,29.77,0.63,us,us6000mytv,2024-07-26T23:58:09.040Z,"Mid-Indian Ridge",earthquake,5.33,1.785,0.11,8,reviewed,us,us
2024-05-15T06:45:59.912Z,-18.2071,-174.3255,109.032,5,mww,68,74,4.259,1.26,us,us6000mypk,2024-07-26T23:58:09.040Z,"61 km NW of Neiafu, Tonga",earthquake,6.17,5.153,0.086,13,reviewed,us,us
2024-05-15T01:41:04.229Z,-28.1438,-177.2764,71.129,5.1,mb,80,67,1.237,0.78,us,us6000myn1,2024-07-26T23:58:09.040Z,"Kermadec Islands region",earthquake,10.76,4.524,0.036,248,reviewed,us,us
2024-05-15T00:30:11.410Z,19.2698,-67.4235,7,5.6,ml,32,191,0.8609,0.43,pr,pr2024136000,2026-04-30T20:51:07.402Z,"92 km NNW of San Antonio, Puerto Rico",earthquake,1.64,2.009,0.17,18,reviewed,pr,pr
2024-05-14T17:15:48.751Z,-5.6475,150.1558,121.182,5.6,mww,169,20,4.535,0.84,us,us6000myk7,2024-07-26T23:58:08.040Z,"10 km S of Kimbe, Papua New Guinea",earthquake,7.56,3.531,0.047,43,reviewed,us,us
2024-05-14T16:42:54.251Z,-54.8177,-129.4015,10,5.1,mb,126,29,32.688,0.82,us,us6000n02r,2024-07-26T23:58:08.040Z,"Pacific-Antarctic Ridge",earthquake,12.52,1.712,0.058,103,reviewed,us,us
2024-05-14T15:43:51.877Z,-54.8458,-129.5199,10,5.1,mb,169,34,29.742,0.8,us,us6000myjs,2024-07-26T23:58:08.040Z,"Pacific-Antarctic Ridge",earthquake,10.39,1.724,0.049,134,reviewed,us,us
2024-05-14T15:09:28.296Z,-54.7488,-129.3987,10,5.3,mb,153,36,31.079,0.87,us,us6000n02t,2024-07-26T23:58:08.040Z,"Pacific-Antarctic Ridge",earthquake,9.74,1.673,0.053,125,reviewed,us,us
2024-05-14T15:07:59.923Z,-54.8785,-129.1774,10,5.6,mww,288,27,31.218,0.59,us,us6000myih,2024-07-26T23:58:08.040Z,"Pacific-Antarctic Ridge",earthquake,10.11,1.681,0.098,10,reviewed,us,us
2024-05-14T08:11:10.486Z,-8.2223,115.9724,22.776,5.3,mww,93,18,1.818,0.97,us,us6000mygm,2024-07-26T23:58:08.040Z,"15 km NNW of Gili Trawangan, Indonesia",earthquake,5.51,3.831,0.078,16,reviewed,us,us
2024-05-13T12:32:35.961Z,-5.7461,148.6439,173.22,5.2,mww,75,83,3.893,0.95,us,us6000my9b,2024-07-26T23:58:07.040Z,"112 km WNW of Kandrian, Papua New Guinea",earthquake,8.98,5.58,0.071,19,reviewed,us,us
2024-05-13T09:18:49.451Z,-35.3881,-73.2882,10,5.2,mww,87,79,1.359,0.82,us,us6000my8g,2024-07-26T23:58:07.040Z,"79 km W of Constitución, Chile",earthquake,5.46,1.714,0.059,28,reviewed,us,us
2024-05-13T02:46:59.932Z,-3.9577,-103.7629,10,5.3,mww,66,146,13.853,0.43,us,us6000my7f,2024-07-26T23:58:07.040Z,"central East Pacific Rise",earthquake,13.43,1.868,0.065,23,reviewed,us,us
2024-05-13T00:28:13.427Z,0.9271,123.8264,274.091,5.3,mww,251,17,2.222,0.78,us,us6000my6q,2024-07-26T23:58:07.040Z,"85 km NW of Modisi, Indonesia",earthquake,7.02,4.227,0.078,16,reviewed,us,us
2024-05-13T00:24:49.483Z,-11.6074,165.2327,10,5.1,mww,154,18,5.626,0.49,us,us6000my6p,2024-07-26T23:58:07.040Z,"115 km SSW of Lata, Solomon Islands",earthquake,9.49,1.749,0.093,11,reviewed,us,us
2024-05-12T18:43:22.490Z,-31.4942,-178.4799,40,5.8,mww,91,48,2.277,0.77,us,us6000my4x,2024-10-09T06:14:17.343Z,"Kermadec Islands region",earthquake,8.79,1.917,0.044,50,reviewed,us,us
2024-05-12T11:39:12.718Z,14.4264,-92.4617,61.91,6.4,mww,267,30,0.515,1.05,us,us6000my20,2024-10-08T21:11:23.868Z,"28 km WSW of Brisas Barra de Suchiate, Mexico",earthquake,3.41,3.065,0.029,111,reviewed,us,us
2024-05-12T03:26:20.091Z,-30.039,-177.9539,50.745,5.4,mb,63,72,0.775,0.81,us,us6000mxzs,2024-10-09T08:24:16.882Z,"Kermadec Islands, New Zealand",earthquake,10.22,2.895,0.041,204,reviewed,us,us
2024-05-11T18:27:04.310Z,-15.107,168.0905,10,5.1,mww,196,29,6.514,0.6,us,us6000mxys,2024-07-20T22:20:07.040Z,"109 km ENE of Luganville, Vanuatu",earthquake,7.62,1.713,0.06,27,reviewed,us,us
2024-05-11T00:47:16.033Z,41.6969,144.3234,11.196,5,mb,119,130,0.927,0.58,us,us6000mxw5,2024-07-20T22:20:06.040Z,"107 km SE of Hiroo, Japan",earthquake,5.89,4.168,0.046,147,reviewed,us,us
2024-05-10T11:48:41.811Z,-5.1446,151.8374,42,5.6,mww,75,51,5.422,0.8,us,us6000mxpy,2024-07-20T22:20:06.040Z,"100 km SSW of Kokopo, Papua New Guinea",earthquake,6.51,1.9,0.066,22,reviewed,us,us
2024-05-10T07:45:18.196Z,24.1885,121.9049,11.296,5.8,mww,103,27,0.68,0.77,us,us6000mxpi,2024-10-09T09:33:12.897Z,"38 km NE of Hualien City, Taiwan",earthquake,4.6,3.421,0.054,33,reviewed,us,us
2024-05-09T03:08:47.801Z,-15.1826,168.0865,10,5,mb,79,56,6.449,0.71,us,us6000mxcp,2024-07-20T22:20:04.040Z,"106 km ENE of Luganville, Vanuatu",earthquake,5.97,1.829,0.073,60,reviewed,us,us
2024-05-08T11:51:39.375Z,-15.1049,168.1397,10,5.2,mww,50,125,6.542,0.57,us,us6000mx7t,2024-07-20T22:20:03.040Z,"114 km ENE of Luganville, Vanuatu",earthquake,10.58,1.879,0.098,10,reviewed,us,us
2024-05-08T11:06:20.114Z,-15.2961,168.1203,10,5.4,mb,63,65,6.373,0.83,us,us6000mx7c,2024-07-20T22:20:03.040Z,"105 km ENE of Luganville, Vanuatu",earthquake,9.22,1.866,0.081,52,reviewed,us,us
2024-05-08T10:00:58.595Z,-21.3768,-68.3443,106.573,5.2,mww,77,38,1.117,0.72,us,us6000mx68,2024-07-20T22:20:03.040Z,"19 km SSW of Ollagüe, Chile",earthquake,6.39,5.877,0.071,19,reviewed,us,us
2024-05-08T08:17:15.894Z,-15.1324,168.0214,19.175,6.1,mww,110,18,6.456,1.03,us,us6000mx5c,2024-10-09T02:25:02.692Z,"101 km ENE of Luganville, Vanuatu",earthquake,7.33,2.73,0.045,48,reviewed,us,us
2024-05-07T23:28:24.730Z,-41.3806,-86.576,10,5,mww,63,140,9.87,0.65,us,us6000mx3q,2024-07-20T22:20:02.040Z,"West Chile Rise",earthquake,11.39,1.898,0.069,20,reviewed,us,us
2024-05-07T14:34:58.484Z,-59.4499,-17.9081,10,5.6,mww,92,48,11.39,0.72,us,us6000mwyt,2024-07-20T22:20:02.040Z,"east of the South Sandwich Islands",earthquake,10.1,1.686,0.098,10,reviewed,us,us
2024-05-07T13:12:56.228Z,5.729,124.6392,50.41,5,mww,175,36,1.627,0.73,us,us6000mwy9,2024-07-20T22:20:02.040Z,"25 km SSW of Maan, Philippines",earthquake,3.1,4.684,0.086,13,reviewed,us,us
2024-05-07T08:03:03.382Z,11.3088,125.7334,68.686,5,mb,90,50,4.215,0.82,us,us6000mwwl,2024-07-20T22:20:01.040Z,"12 km E of Hernani, Philippines",earthquake,8.82,4.746,0.047,145,reviewed,us,us
2024-05-07T07:55:57.549Z,-57.5818,-26.0531,83.706,5.1,mb,57,53,6.729,0.78,us,us6000mwwk,2024-07-20T22:20:01.040Z,"South Sandwich Islands region",earthquake,11.62,5.359,0.072,63,reviewed,us,us
2024-05-06T11:11:57.375Z,68.0292,-177.6346,9.293,5.3,mww,150,25,4.57,1.08,us,us6000mwnp,2024-07-20T22:20:01.040Z,"201 km NNE of Egvekinot, Russia",earthquake,7.33,2.064,0.04,60,reviewed,us,us
2024-05-06T09:52:45.587Z,23.7307,121.5574,28.949,5.2,mww,124,35,0.413,0.97,us,us6000mwnh,2024-10-09T07:34:39.713Z,"27 km S of Hualien City, Taiwan",earthquake,3.48,3.197,0.089,12,reviewed,us,us
2024-05-06T09:45:30.649Z,23.7213,121.5958,23.605,5.6,mww,121,35,0.427,0.84,us,us6000mwnf,2024-10-09T05:42:06.472Z,"28 km S of Hualien City, Taiwan",earthquake,4.42,1.268,0.065,23,reviewed,us,us
2024-05-06T06:30:30.333Z,-20.839,-68.8906,106.109,5,mb,77,45,0.594,1.21,us,us6000mwmw,2024-07-20T22:20:00.040Z,"78 km WNW of Ollagüe, Chile",earthquake,5.77,5.695,0.047,146,reviewed,us,us
2024-05-06T00:58:40.717Z,-6.181,-106.6618,10,5,mww,24,68,26.546,1.32,us,us6000mya9,2024-07-20T22:20:00.040Z,"central East Pacific Rise",earthquake,8.86,1.87,0.093,11,reviewed,us,us
2024-05-05T20:37:11.921Z,-3.3053,130.9364,10,5.5,mww,94,33,1.365,0.63,us,us6000mwkd,2024-07-15T03:57:48.040Z,"157 km WSW of Fakfak, Indonesia",earthquake,6.1,1.825,0.063,24,reviewed,us,us
2024-05-05T18:33:11.021Z,-3.3167,130.9618,16,6.1,mww,101,28,1.344,0.6,us,us6000mwjd,2024-11-10T00:12:54.992Z,"154 km WSW of Fakfak, Indonesia",earthquake,5.17,1.722,0.039,63,reviewed,us,us
2024-05-05T17:12:55.540Z,-6.0021,-106.8918,10,5.4,mww,87,110,17.396,0.66,us,us6000mwij,2024-07-15T03:57:50.040Z,"central East Pacific Rise",earthquake,11.99,1.896,0.066,22,reviewed,us,us
2024-05-05T15:40:24.294Z,-5.8783,146.7752,123.323,5.1,mww,101,29,3.524,0.96,us,us6000mwhz,2024-07-15T03:57:51.040Z,"96 km NNW of Lae, Papua New Guinea",earthquake,6.09,5.042,0.075,17,reviewed,us,us
2024-05-05T14:34:18.913Z,-58.4609,-25.6943,87.087,5.2,mww,47,45,7.308,0.78,us,us6000mwhq,2024-07-15T03:57:51.040Z,"South Sandwich Islands region",earthquake,11.58,5.278,0.103,9,reviewed,us,us
2024-05-05T08:58:10.081Z,-5.7715,147.4516,130.507,5.3,mww,103,90,3.621,0.79,us,us6000mxsc,2024-07-15T03:57:52.040Z,"97 km NNW of Finschhafen, Papua New Guinea",earthquake,9.78,5.765,0.062,25,reviewed,us,us
2024-05-05T08:27:46.474Z,52.9219,-163.8153,10,5.2,mww,153,65,1.637,0.76,us,us6000mwfw,2026-04-20T21:16:39.366Z,"187 km SE of Akutan, Alaska",earthquake,4.02,1.852,0.04,61,reviewed,us,us
2024-05-05T07:13:40.018Z,-19.3137,-175.9129,10,5.7,mww,79,66,1.963,0.79,us,us6000mwfi,2024-07-15T03:57:54.040Z,"172 km WNW of Pangai, Tonga",earthquake,8.05,1.853,0.065,23,reviewed,us,us
2024-05-05T06:15:37.730Z,-29.411,-178.6893,209.376,5.2,mww,75,47,0.684,0.9,us,us6000mwfb,2024-07-15T03:57:55.040Z,"Kermadec Islands, New Zealand",earthquake,11.35,4.861,0.06,27,reviewed,us,us
2024-05-05T05:44:24.286Z,10.9361,141.3275,45.449,5.5,mww,105,70,4.351,0.65,us,us6000mwf5,2026-04-20T21:18:39.354Z,"156 km NE of Fais, Micronesia",earthquake,9.2,4.751,0.056,31,reviewed,us,us
2024-05-05T04:38:17.613Z,-13.4343,-71.604,10,5,mb,50,105,4.396,0.85,us,us6000mweu,2024-07-15T03:57:56.040Z,"11 km SE of Colquepata, Peru",earthquake,9.05,1.852,0.051,125,reviewed,us,us
2024-05-04T05:52:35.611Z,-1.1369,-14.245,10,5.4,mww,246,54,12.163,0.51,us,us6000mw9y,2024-07-15T03:58:04.040Z,"north of Ascension Island",earthquake,10.09,1.837,0.073,18,reviewed,us,us
2024-05-04T03:17:41.382Z,-14.611,167.2938,158.584,5.2,mww,84,41,7.464,0.76,us,us6000mw9b,2024-07-15T03:58:05.040Z,"53 km NNE of Port-Olry, Vanuatu",earthquake,9.71,5.339,0.065,23,reviewed,us,us
2024-05-03T22:47:38.829Z,-5.6237,154.2572,150.623,5.1,mww,99,35,6.796,0.51,us,us6000mw86,2024-07-15T03:58:07.040Z,"156 km WNW of Panguna, Papua New Guinea",earthquake,9.26,5.625,0.098,10,reviewed,us,us
2024-05-03T17:49:05.731Z,-55.5278,-26.8044,10,5.1,mww,130,33,5.724,0.58,us,us6000mw61,2024-07-15T03:58:09.040Z,"South Sandwich Islands region",earthquake,10.17,1.705,0.11,8,reviewed,us,us
2024-05-03T11:20:29.784Z,-55.8752,-27.7291,122.674,5.1,mb,49,57,5.279,0.55,us,us6000mvz9,2024-07-15T03:58:12.040Z,"South Sandwich Islands region",earthquake,11.39,1.425,0.095,36,reviewed,us,us
2024-05-03T10:16:23.573Z,10.8644,125.3349,10.208,5.7,mww,133,40,3.778,0.78,us,us6000mvya,2024-07-15T03:58:13.040Z,"27 km SSW of Balangiga, Philippines",earthquake,9.06,3.942,0.038,68,reviewed,us,us
2024-05-03T03:03:29.140Z,48.7806,-128.7293,10,5,mww,80,107,0.894,1.27,us,us6000mvw9,2024-07-15T03:58:17.040Z,"210 km WSW of Tofino, Canada",earthquake,5.66,1.475,0.031,99,reviewed,us,us
2024-05-02T23:37:02.232Z,-33.0859,-179.1077,10,5.1,mb,47,68,3.945,0.56,us,us6000mvv8,2024-07-15T03:58:18.040Z,"south of the Kermadec Islands",earthquake,4.67,1.779,0.085,45,reviewed,us,us
2024-05-02T08:02:27.145Z,-55.5137,-26.9201,10,5.2,mb,58,67,5.657,0.61,us,us6000mvnj,2024-07-15T03:58:26.040Z,"South Sandwich Islands region",earthquake,4.87,1.903,0.077,56,reviewed,us,us
2024-05-02T07:10:51.400Z,52.0509,-169.3645,18.33,5.4,mww,123,74,0.769,0.79,us,us6000mvmq,2026-04-17T21:16:41.791Z,"104 km SSW of Nikolski, Alaska",earthquake,3.39,4.428,0.058,29,reviewed,us,us
2024-05-02T07:06:25.519Z,51.9797,-169.3393,12.901,5.3,mww,104,134,0.842,0.72,us,us6000mvmm,2024-07-15T03:58:29.040Z,"111 km SSW of Nikolski, Alaska",earthquake,4.99,3.966,0.048,41,reviewed,us,us
2024-05-02T07:01:47.605Z,51.9779,-169.2887,10,5.1,mb,136,182,0.853,0.54,us,us6000mvms,2024-07-15T03:58:29.040Z,"110 km SSW of Nikolski, Alaska",earthquake,5.12,1.871,0.051,124,reviewed,us,us
2024-05-02T06:58:00.553Z,52.1554,-169.4615,13.892,5.5,mww,217,134,0.806,0.65,us,us6000mvmi,2026-04-17T21:18:41.657Z,"96 km SSW of Nikolski, Alaska",earthquake,7.68,3.678,0.04,59,reviewed,us,us
2024-05-02T06:36:34.184Z,-55.8566,-27.0254,27.298,5.2,mww,116,68,5.661,0.71,us,us6000mvmb,2024-07-15T03:58:30.040Z,"South Sandwich Islands region",earthquake,11.18,5.53,0.103,9,reviewed,us,us
2024-05-02T05:53:52.974Z,-55.6383,-27.089,34.778,5,mb,36,71,5.583,0.9,us,us6000mvm5,2024-07-15T03:58:30.040Z,"South Sandwich Islands region",earthquake,12.35,6.754,0.097,34,reviewed,us,us
2024-05-02T02:16:10.215Z,-13.5527,-72.4815,10,5.1,mb,166,99,4.529,0.69,us,us6000mvky,2024-08-13T07:55:10.415Z,"28 km WNW of Chinchaypujio, Peru",earthquake,6.12,1.835,0.046,151,reviewed,us,us
2024-05-01T23:45:25.544Z,-5.8025,151.0714,29,5.8,mww,222,20,1.763,0.62,us,us6000mvk5,2024-07-15T03:58:32.040Z,"107 km ESE of Kimbe, Papua New Guinea",earthquake,7.59,1.502,0.052,36,reviewed,us,us
2024-05-01T07:12:54.271Z,-62.2182,-56.2735,10,5,mb,64,78,4.326,1.16,us,us6000mvez,2024-07-15T03:58:38.040Z,"South Shetland Islands",earthquake,4.78,1.77,0.08,50,reviewed,us,us
2024-05-01T01:24:50.530Z,-21.4461,-68.9993,101.655,5,mww,104,32,0.415,0.57,us,us6000mvda,2024-07-15T03:58:41.040Z,"81 km WSW of Ollagüe, Chile",earthquake,4.78,3.326,0.059,28,reviewed,us,us
2024-04-30T17:51:10.531Z,13.7994,-58.4107,9.635,5.1,mww,152,41,1.293,0.58,us,us6000mva0,2024-07-15T03:58:43.040Z,"136 km NE of Crane, Barbados",earthquake,8,3.573,0.069,20,reviewed,us,us
2024-04-30T14:30:39.343Z,-55.7099,-27.0196,11,5.5,mww,255,16,5.635,0.57,us,us6000mv76,2024-07-15T03:58:45.040Z,"South Sandwich Islands region",earthquake,8.87,1.627,0.11,8,reviewed,us,us
2024-04-30T13:52:40.877Z,2.2997,126.767,20.048,5.3,mww,249,18,4.884,0.79,us,us6000mv6r,2024-07-15T03:58:45.040Z,"151 km WNW of Tobelo, Indonesia",earthquake,6.58,1.615,0.086,13,reviewed,us,us
2024-04-30T11:24:58.141Z,-24.9666,179.841,511.078,5.4,mww,135,59,4.702,0.54,us,us6000mv68,2024-07-15T03:58:46.040Z,"south of the Fiji Islands",earthquake,11.91,6.462,0.093,11,reviewed,us,us
2024-04-30T07:28:05.260Z,-20.1918,-173.4472,10,5.1,mb,69,54,1.911,1.39,us,us6000mv4n,2024-07-15T03:58:48.040Z,"103 km ESE of Pangai, Tonga",earthquake,7.5,1.777,0.061,86,reviewed,us,us
2024-04-29T23:42:14.279Z,16.2436,-93.383,131.492,5.1,mww,176,62,0.587,1.06,us,us6000mv2u,2024-07-15T03:58:50.040Z,"5 km WNW of Francisco Villa, Mexico",earthquake,5.91,4.333,0.045,47,reviewed,us,us
2024-04-29T13:33:38.920Z,-14.1367,170.6052,10,5.2,mww,61,50,8.011,0.55,us,us6000muw0,2024-07-15T03:58:56.040Z,"Vanuatu region",earthquake,9.54,1.816,0.098,10,reviewed,us,us
2024-04-28T12:55:53.000Z,-21.8399,-176.6362,172.014,5.2,mww,136,65,1.491,0.81,us,us6000mumi,2024-07-02T22:12:14.040Z,"156 km WSW of Houma, Tonga",earthquake,10.46,5.462,0.08,15,reviewed,us,us
2024-04-28T00:37:18.319Z,15.753,39.7214,10,5,mb,122,119,5.181,0.8,us,us6000muif,2024-07-02T22:12:17.040Z,"30 km ENE of Massawa, Eritrea",earthquake,9.59,1.898,0.055,104,reviewed,us,us
2024-04-27T16:29:50.643Z,-8.005,107.2798,59.701,6.1,mww,232,19,0.652,0.64,us,us6000muc0,2025-08-21T09:47:54.702Z,"91 km S of Banjar, Indonesia",earthquake,7.14,3.11,0.044,50,reviewed,us,us
2024-04-27T08:35:34.207Z,27.8209,139.6186,496,6.5,mww,217,24,2.392,0.63,us,us6000mu8k,2024-10-09T04:19:09.040Z,"Bonin Islands, Japan region",earthquake,9.42,1.953,0.035,77,reviewed,us,us
2024-04-27T08:04:24.902Z,-37.1466,78.1288,10,5.1,mww,62,36,0.787,0.55,us,us6000mu8g,2024-07-02T22:12:15.040Z,"Mid-Indian Ridge",earthquake,8.12,1.875,0.11,8,reviewed,us,us
2024-04-27T01:44:21.447Z,-36.9042,78.2152,10,5.3,mb,50,70,29.18,0.85,us,us6000mw5b,2024-07-02T22:12:13.040Z,"Mid-Indian Ridge",earthquake,12.73,1.876,0.088,44,reviewed,us,us
2024-04-27T01:43:45.495Z,-37.332,78.1007,10,5.3,mb,57,45,0.627,0.82,us,us6000mu6f,2024-07-02T22:12:13.040Z,"Mid-Indian Ridge",earthquake,7.2,1.17,0.062,90,reviewed,us,us
2024-04-26T23:23:13.281Z,-37.174,78.0321,10,5.3,mww,54,54,0.722,0.47,us,us6000mu5j,2024-07-02T22:12:13.040Z,"Mid-Indian Ridge",earthquake,7.95,1.843,0.093,11,reviewed,us,us
2024-04-26T22:23:36.979Z,-37.0467,78.1694,10,5.8,mww,82,52,0.888,0.55,us,us6000mu57,2024-07-02T22:12:10.040Z,"Mid-Indian Ridge",earthquake,3.65,1.834,0.069,20,reviewed,us,us
2024-04-26T18:49:29.534Z,24.2394,121.6724,40.475,5.2,mww,252,21,0.506,0.76,us,us6000mu45,2024-07-02T22:12:13.040Z,"29 km NNE of Hualien City, Taiwan",earthquake,3.43,3.036,0.063,24,reviewed,us,us
2024-04-26T18:21:23.639Z,24.1531,121.6724,37.767,5.7,mww,259,22,0.581,0.54,us,us6000mu3y,2024-10-09T09:25:18.674Z,"20 km NNE of Hualien City, Taiwan",earthquake,3.55,3.34,0.05,38,reviewed,us,us
2024-04-26T16:25:41.085Z,-10.0577,160.4903,35,5.1,mb,51,75,0.815,0.61,us,us6000mu3d,2025-03-04T07:33:28.442Z,"91 km SE of Honiara, Solomon Islands",earthquake,9.34,1.872,0.045,164,reviewed,us,us
2024-04-26T13:43:16.503Z,-10.4664,115.0966,10,5,mb,81,29,2.191,0.98,us,us6000mu0b,2024-07-02T22:12:17.040Z,"184 km S of Nusa Dua, Indonesia",earthquake,6.65,1.553,0.062,84,reviewed,us,us
2024-04-26T02:56:31.420Z,-55.2848,-29.0154,24.782,5,mb,46,72,4.441,0.87,us,us6000mtwd,2024-07-02T22:12:17.040Z,"South Sandwich Islands region",earthquake,11.02,3.53,0.09,39,reviewed,us,us
2024-04-25T09:09:03.076Z,14.5517,146.8815,10,5.1,mb,90,30,1.253,0.9,us,us6000mtmz,2026-04-10T21:16:46.072Z,"141 km ESE of Saipan, Northern Mariana Islands",earthquake,8.28,1.803,0.046,154,reviewed,us,us
2024-04-25T05:07:36.867Z,-31.3001,-179.3193,179.306,5.4,mww,142,78,2.364,0.52,us,us6000mtlr,2024-07-02T22:12:12.040Z,"Kermadec Islands region",earthquake,12.02,5.136,0.055,32,reviewed,us,us
2024-04-25T04:20:15.583Z,7.7252,127.1182,10,5,mww,120,92,1.66,1.07,us,us6000mtlh,2024-07-02T22:12:16.040Z,"62 km E of Kinablangan, Philippines",earthquake,6.87,1.841,0.089,12,reviewed,us,us
2024-04-24T18:12:16.908Z,24.0007,122.2704,27.095,5.3,mb,98,70,0.82,0.93,us,us6000mvti,2024-07-02T22:12:13.040Z,"67 km E of Hualien City, Taiwan",earthquake,6.36,2.538,0.065,79,reviewed,us,us
2024-04-24T18:11:56.126Z,23.9696,122.2944,35.376,5.1,mww,178,50,0.821,0.7,us,us6000mthz,2024-07-02T22:12:15.040Z,"70 km E of Hualien City, Taiwan",earthquake,1.75,4.403,0.066,22,reviewed,us,us
2024-04-24T11:40:07.440Z,36.4232,140.5874,54.976,5.1,mww,141,116,1.92,0.63,us,us6000mtg4,2025-09-13T16:38:50.304Z,"5 km SSE of Funaishikawa, Japan",earthquake,7.5,5.424,0.071,19,reviewed,us,us
2024-04-24T07:22:10.132Z,28.7426,142.5733,10,5.3,mww,140,28,1.676,0.84,us,us6000mtex,2024-07-02T22:12:12.040Z,"Bonin Islands, Japan region",earthquake,7.3,1.717,0.048,42,reviewed,us,us
2024-04-24T05:53:32.652Z,-18.8438,-175.6555,231.76,5.4,mww,107,40,2.353,0.95,us,us6000mten,2024-07-02T22:12:12.040Z,"172 km NW of Fangale’ounga, Tonga",earthquake,7.89,4.394,0.071,19,reviewed,us,us
2024-04-24T05:27:58.273Z,-29.9475,-177.9032,50.038,5.2,mb,78,63,0.683,0.82,us,us6000mtef,2024-07-02T22:12:14.040Z,"Kermadec Islands, New Zealand",earthquake,5.8,4.538,0.041,193,reviewed,us,us
2024-04-24T01:23:53.688Z,-22.7802,171.6734,8,5.4,mww,101,18,4.889,0.71,us,us6000mtc7,2024-07-02T22:12:12.040Z,"southeast of the Loyalty Islands",earthquake,5.26,1.699,0.062,25,reviewed,us,us
2024-04-24T01:20:42.573Z,7.5347,-82.372,10,5.4,mww,119,67,1.28,0.52,us,us6000mtc6,2024-07-08T12:20:34.228Z,"77 km SSW of Boca Chica, Panama",earthquake,6.26,1.672,0.037,70,reviewed,us,us
2024-04-23T15:40:05.052Z,38.1706,-30.8499,17.609,5.2,mww,290,21,18.17,0.5,us,us6000mt7i,2024-07-02T22:12:13.040Z,"136 km SSE of Lajes das Flores, Portugal",earthquake,9.77,3.416,0.073,18,reviewed,us,us
2024-04-23T13:05:39.445Z,50.1036,-28.9506,10,5,mww,313,16,14.34,0.56,us,us6000mt6v,2024-07-02T22:12:16.040Z,"northern Mid-Atlantic Ridge",earthquake,9.13,1.746,0.054,33,reviewed,us,us
2024-04-23T12:55:11.681Z,20.1109,121.3468,22.369,5.3,mww,72,39,2.705,0.74,us,us6000mt6s,2024-07-02T22:12:12.040Z,"75 km WSW of Basco, Philippines",earthquake,7.08,4.393,0.056,31,reviewed,us,us
2024-04-23T12:00:10.673Z,-12.756,166.3927,56.231,5,mb,62,54,7.132,0.76,us,us6000mt6i,2024-07-02T22:12:17.040Z,"176 km NW of Sola, Vanuatu",earthquake,7.5,5.643,0.065,76,reviewed,us,us
2024-04-23T07:59:13.265Z,-6.0821,147.2213,89.417,5,mww,97,33,3.302,1.11,us,us6000mt5f,2024-07-02T22:12:16.040Z,"75 km NNE of Lae, Papua New Guinea",earthquake,6.02,5.665,0.103,9,reviewed,us,us
2024-04-23T02:20:59.665Z,23.8243,121.6339,10,5.1,mww,93,63,0.529,0.71,us,us6000mt40,2024-07-02T22:12:15.040Z,"17 km S of Hualien City, Taiwan",earthquake,1.27,1.759,0.089,12,reviewed,us,us
2024-04-23T00:11:02.519Z,23.8813,121.6078,16.257,5,mb,89,70,0.564,0.49,us,us6000mt3i,2024-07-02T22:12:17.040Z,"10 km S of Hualien City, Taiwan",earthquake,3.91,4.102,0.072,62,reviewed,us,us
2024-04-23T00:04:05.246Z,23.7794,121.6664,12,5.8,mww,275,24,0.513,0.72,us,us6000mt3f,2024-10-09T09:43:10.185Z,"22 km SSE of Hualien City, Taiwan",earthquake,3.04,1.663,0.065,23,reviewed,us,us
2024-04-22T21:31:38.398Z,23.777,121.6532,8.991,5.4,mww,209,35,0.503,0.67,us,us6000mt22,2024-10-09T09:49:08.640Z,"22 km SSE of Hualien City, Taiwan",earthquake,5.76,3.477,0.073,18,reviewed,us,us
2024-04-22T21:24:31.124Z,23.6968,121.6096,8.497,5.1,mwr,130,56,0.417,0.53,us,us6000mt21,2024-07-02T22:12:15.040Z,"31 km S of Hualien City, Taiwan",earthquake,5.74,3.76,0.078,16,reviewed,us,us
2024-04-22T21:19:35.721Z,23.7371,121.6109,9.426,5.3,mww,183,44,0.448,0.48,us,us6000mt1x,2024-07-02T22:12:12.040Z,"26 km S of Hualien City, Taiwan",earthquake,4.56,3.87,0.063,24,reviewed,us,us
2024-04-22T21:04:21.907Z,23.6611,121.592,5.83,5.4,mww,223,35,0.38,0.63,us,us6000mt1q,2024-10-09T04:59:02.304Z,"35 km S of Hualien City, Taiwan",earthquake,5.92,3.197,0.061,26,reviewed,us,us
2024-04-22T20:49:57.856Z,23.6539,121.6164,17,5.5,mww,115,67,0.392,0.67,us,us6000mt1n,2024-10-09T08:29:19.633Z,"35 km S of Hualien City, Taiwan",earthquake,3.79,1.757,0.052,36,reviewed,us,us
2024-04-22T20:03:06.819Z,23.7626,121.6869,8.839,5.2,mb,78,81,0.513,0.48,us,us6000mt1g,2024-07-02T22:12:14.040Z,"25 km SSE of Hualien City, Taiwan",earthquake,3.26,1.93,0.043,180,reviewed,us,us
2024-04-22T19:19:53.318Z,23.7865,121.6574,8.683,5,mb,78,80,0.513,0.61,us,us6000mt18,2024-07-02T22:12:17.040Z,"21 km SSE of Hualien City, Taiwan",earthquake,3.27,4.229,0.045,155,reviewed,us,us
2024-04-22T18:32:48.439Z,23.8586,121.5662,10,6.1,mww,120,22,0.526,0.65,us,us6000mt0s,2024-07-02T22:12:10.040Z,"13 km SSW of Hualien City, Taiwan",earthquake,2.83,1.821,0.065,23,reviewed,us,us
2024-04-22T18:26:52.852Z,23.7141,121.6599,9,6.1,mww,119,35,0.462,0.76,us,us6000mt0r,2024-07-02T22:12:10.040Z,"29 km S of Hualien City, Taiwan",earthquake,2.91,1.823,0.059,28,reviewed,us,us
2024-04-22T14:20:09.372Z,23.716,121.618,8.222,5,mb,63,82,0.436,0.96,us,us7000mdv0,2024-07-02T22:12:18.040Z,"28 km S of Hualien City, Taiwan",earthquake,2.79,4.53,0.057,97,reviewed,us,us
2024-04-22T14:11:22.980Z,23.7259,121.5781,8,5.8,mww,121,44,0.42,0.74,us,us7000mduw,2024-10-09T12:01:11.975Z,"27 km S of Hualien City, Taiwan",earthquake,3.45,1.734,0.062,25,reviewed,us,us
2024-04-22T13:13:40.535Z,23.6479,121.554,10,5.1,mww,139,74,0.347,0.69,us,us7000mdup,2024-07-02T22:12:15.040Z,"36 km S of Hualien City, Taiwan",earthquake,4.83,1.774,0.071,19,reviewed,us,us
2024-04-22T12:22:49.933Z,11.0226,138.6943,10,5.4,mww,120,28,6.55,0.53,us,us7000mduf,2024-07-02T22:12:12.040Z,"178 km NNE of Colonia, Micronesia",earthquake,7.81,0.812,0.055,32,reviewed,us,us
2024-04-22T11:45:35.666Z,23.6672,121.573,10,5.1,mb,62,80,0.373,1,us,us7000mduc,2024-07-02T22:12:16.040Z,"34 km S of Hualien City, Taiwan",earthquake,3.34,1.806,0.051,144,reviewed,us,us
2024-04-22T11:44:00.447Z,23.7275,121.5713,21.887,5,mb,43,94,0.418,0.92,us,us6000muxx,2024-07-02T22:12:17.040Z,"27 km S of Hualien City, Taiwan",earthquake,4.6,4.898,0.063,80,reviewed,us,us
2024-04-22T11:40:13.386Z,10.9533,138.7035,10,5.2,mww,88,37,6.57,0.98,us,us7000mdu9,2024-07-02T22:12:14.040Z,"171 km NNE of Colonia, Micronesia",earthquake,8.9,1.791,0.071,19,reviewed,us,us
2024-04-22T11:34:37.074Z,23.6047,121.6214,10,5.2,mb,53,81,0.365,1.12,us,us6000muy1,2024-07-02T22:12:14.040Z,"41 km S of Hualien City, Taiwan",earthquake,4.95,1.842,0.058,99,reviewed,us,us
2024-04-22T11:25:56.268Z,23.6617,121.5571,10,5,mb,55,81,0.567,0.84,us,us6000muxz,2024-07-02T22:12:17.040Z,"35 km S of Hualien City, Taiwan",earthquake,6.55,1.846,0.052,117,reviewed,us,us
2024-04-22T11:13:11.313Z,23.7355,121.6162,10,5.1,mb,74,65,0.45,0.93,us,us7000mdtl,2024-07-02T22:12:16.040Z,"26 km S of Hualien City, Taiwan",earthquake,3.99,1.436,0.044,169,reviewed,us,us
2024-04-22T11:11:33.022Z,-8.8902,111.2844,35,5.3,mb,92,30,2.011,0.87,us,us7000mdtn,2024-07-02T22:12:13.040Z,"101 km SSW of Trenggalek, Indonesia",earthquake,7.27,1.763,0.06,93,reviewed,us,us
2024-04-22T11:10:48.733Z,-8.9573,111.2888,54.28,5.1,mb,76,37,2.872,0.97,us,us7000mdtk,2024-07-02T22:12:16.040Z,"107 km SSW of Trenggalek, Indonesia",earthquake,7.99,2.386,0.078,54,reviewed,us,us
2024-04-22T10:50:30.590Z,23.7053,121.6282,10,5.6,mww,97,35,0.435,0.87,us,us7000mdti,2024-10-09T07:40:26.744Z,"30 km S of Hualien City, Taiwan",earthquake,4.25,1.717,0.052,36,reviewed,us,us
2024-04-22T10:49:06.722Z,23.7229,121.6381,10,5,mb,53,73,0.454,1.27,us,us6000muy0,2024-10-09T09:08:42.625Z,"28 km S of Hualien City, Taiwan",earthquake,3.57,1.626,0.088,41,reviewed,us,us
2024-04-22T10:46:21.461Z,23.6225,121.6563,10,5.3,mwr,95,60,0.664,0.84,us,us7000mdtc,2024-07-02T22:12:13.040Z,"39 km S of Hualien City, Taiwan",earthquake,3.74,1.805,0.06,27,reviewed,us,us
2024-04-22T09:16:01.385Z,23.8125,121.4665,27.828,5.2,mb,66,79,0.47,1.01,us,us7000mdt0,2024-07-02T22:12:14.040Z,"23 km SW of Hualien City, Taiwan",earthquake,2.08,4.628,0.044,171,reviewed,us,us
2024-04-22T09:12:10.590Z,23.808,121.5579,10,5.1,mb,88,55,0.478,1.01,us,us7000mdt2,2024-07-02T22:12:16.040Z,"19 km SSW of Hualien City, Taiwan",earthquake,3.43,1.421,0.046,153,reviewed,us,us
2024-04-22T09:08:39.851Z,23.6939,121.5925,16.265,5.2,mww,106,56,0.404,0.82,us,us7000mdsw,2024-07-02T22:12:14.040Z,"31 km S of Hualien City, Taiwan",earthquake,3.99,2.123,0.058,29,reviewed,us,us
2024-04-21T19:05:14.633Z,18.2634,-105.6276,10,5.4,mww,85,174,2.017,0.78,us,us7000mdpx,2024-06-25T21:03:25.040Z,"142 km SSW of Emiliano Zapata, Mexico",earthquake,7.09,1.902,0.041,58,reviewed,us,us
2024-04-21T11:59:16.820Z,-31.6851,-178.7399,46.324,5.1,mb,71,78,2.517,0.98,us,us7000mdn0,2024-06-25T21:03:22.040Z,"Kermadec Islands region",earthquake,10.33,6.389,0.067,73,reviewed,us,us
2024-04-21T06:37:19.558Z,64.5409,-17.5954,10,5.3,mww,227,59,1.62,0.58,us,us7000mdlk,2024-06-25T21:03:20.040Z,"119 km WNW of Höfn, Iceland",earthquake,6.99,1.801,0.06,27,reviewed,us,us
2024-04-21T02:40:55.589Z,23.4701,121.631,28.583,5.1,mww,88,64,0.316,1.01,us,us7000mdkn,2024-06-25T21:03:19.040Z,"56 km S of Hualien City, Taiwan",earthquake,4.89,1.824,0.086,13,reviewed,us,us
2024-04-20T03:42:24.412Z,17.0523,145.3641,489.707,5,mb,123,38,1.847,0.83,us,us7000mde4,2026-04-05T21:16:46.632Z,"207 km NNW of Saipan, Northern Mariana Islands",earthquake,10.53,6.127,0.024,559,reviewed,us,us
2024-04-19T11:00:39.955Z,-1.1823,-24.4482,10,5.4,mww,74,42,12.325,0.83,us,us7000md43,2024-06-25T21:03:07.040Z,"central Mid-Atlantic Ridge",earthquake,10.2,1.854,0.068,21,reviewed,us,us
2024-04-19T09:18:00.874Z,-21.9186,170.8691,87,5.7,mww,193,38,3.245,0.54,us,us7000md3k,2024-06-25T21:03:06.040Z,"southeast of the Loyalty Islands",earthquake,9.49,1.931,0.047,43,reviewed,us,us
2024-04-19T02:23:16.270Z,-24.5403,-176.7015,10,5.2,mb,57,72,3.628,1.11,us,us7000md1y,2024-06-25T21:03:05.040Z,"south of the Fiji Islands",earthquake,9.87,1.772,0.049,140,reviewed,us,us
2024-04-18T17:40:02.062Z,33.5041,81.7676,10,5.1,mb,102,31,6.439,0.89,us,us7000mczb,2024-06-25T21:03:02.040Z,"western Xizang",earthquake,6.84,1.751,0.037,235,reviewed,us,us
2024-04-18T15:12:30.391Z,25.7087,-110.7948,10,5.6,mww,26,197,2.062,0.63,us,us7000mcxe,2024-06-25T21:03:01.040Z,"64 km ESE of Loreto, Mexico",earthquake,8.15,1.965,0.035,78,reviewed,us,us
2024-04-18T15:11:25.596Z,39.9894,35.9451,16,5.6,mww,73,43,1.138,0.6,us,us7000mcxc,2024-10-09T05:18:49.544Z,"11 km W of Sulusaray, Turkey",earthquake,4.99,1.773,0.038,65,reviewed,us,us
2024-04-18T09:29:11.969Z,22.7438,143.3267,62,5.4,mww,126,53,4.455,0.93,us,us7000mcul,2024-06-25T21:02:59.040Z,"Volcano Islands, Japan region",earthquake,8.27,1.874,0.055,32,reviewed,us,us
2024-04-18T08:26:13.393Z,-43.6941,-16.0988,10,5.2,mb,83,67,28.789,0.52,us,us7000mcua,2024-06-25T21:02:59.040Z,"southern Mid-Atlantic Ridge",earthquake,5.22,1.844,0.064,81,reviewed,us,us
2024-04-18T07:39:39.658Z,26.2783,-110.56,10,5.2,mww,217,120,1.826,0.78,us,us7000mcu3,2024-06-25T21:02:59.040Z,"84 km ENE of Loreto, Mexico",earthquake,8.54,1.883,0.042,55,reviewed,us,us
2024-04-18T06:06:04.909Z,50.2411,-129.9156,10,5.1,mww,61,162,1.208,0.49,us,us7000mctr,2024-06-26T21:26:02.040Z,"204 km WSW of Port McNeill, Canada",earthquake,6.5,1.909,0.035,79,reviewed,us,us
2024-04-17T21:31:47.788Z,-21.2737,-177.8682,387.775,5.4,mww,273,19,2.488,0.78,us,us7000mcru,2024-06-25T21:02:56.040Z,"266 km W of Houma, Tonga",earthquake,9.28,4.3,0.086,13,reviewed,us,us
2024-04-17T21:21:54.614Z,11.1271,-85.3325,154,5.5,mww,256,113,0.85,0.97,us,us7000mcrs,2024-06-25T21:02:56.040Z,"20 km ESE of Cárdenas, Nicaragua",earthquake,6.34,1.818,0.033,87,reviewed,us,us
2024-04-17T14:14:46.694Z,33.2503,132.3647,32,6.3,mww,386,29,1.351,0.81,us,us7000mcpi,2025-09-08T03:45:15.710Z,"18 km W of Uwajima, Japan",earthquake,4.97,1.826,0.037,69,reviewed,us,us
2024-04-17T08:04:42.182Z,-62.8511,148.4495,10,5,mb,68,40,9.984,0.97,us,us7000mcm3,2024-06-25T21:02:53.040Z,"Balleny Islands region",earthquake,7.53,1.734,0.092,38,reviewed,us,us
2024-04-17T01:45:14.861Z,26.1567,-110.4997,10,5,mww,73,67,1.427,0.76,us,us7000mckg,2024-06-25T21:02:52.040Z,"86 km E of Loreto, Mexico",earthquake,5.12,1.852,0.049,40,reviewed,us,us
2024-04-16T23:01:24.137Z,11.3815,92.9599,57.532,5,mww,168,34,6.712,0.69,us,us7000mcjj,2024-06-25T21:02:52.040Z,"39 km SE of Port Blair, India",earthquake,8.29,5.486,0.093,11,reviewed,us,us
2024-04-16T16:06:15.536Z,9.6873,126.2537,51.666,5,mb,217,20,2.685,0.85,us,us7000mcg7,2024-06-25T21:02:50.040Z,"17 km ESE of Union, Philippines",earthquake,8.37,4.498,0.036,248,reviewed,us,us
2024-04-16T14:58:55.527Z,12.9353,145.4323,9.219,5.4,mww,269,24,0.851,0.73,us,us7000mcej,2026-04-01T21:16:46.910Z,"83 km ESE of Inarajan Village, Guam",earthquake,6.85,2.865,0.066,22,reviewed,us,us
2024-04-16T07:56:40.597Z,-14.8116,168.0105,10,5,mww,78,55,6.721,0.81,us,us7000mccx,2024-06-25T21:02:47.040Z,"104 km ENE of Port-Olry, Vanuatu",earthquake,10.08,1.759,0.093,11,reviewed,us,us
2024-04-15T22:38:56.828Z,29.4397,131.7622,7.556,5.9,mww,293,30,2.352,0.49,us,us7000mcb1,2024-10-09T09:14:13.409Z,"147 km SE of Koshima, Japan",earthquake,6.25,2.675,0.045,48,reviewed,us,us
2024-04-15T10:43:28.500Z,-5.2266,151.892,71.991,5.4,mww,105,32,5.513,0.99,us,us7000mc5q,2024-06-25T21:02:43.040Z,"106 km SSW of Kokopo, Papua New Guinea",earthquake,8.03,4.695,0.078,16,reviewed,us,us
2024-04-14T20:56:28.201Z,-5.8565,151.0953,49,6.5,mww,107,42,5.257,0.81,us,us7000mc2t,2024-06-17T02:15:36.040Z,"111 km ESE of Kimbe, Papua New Guinea",earthquake,7.55,1.938,0.073,18,reviewed,us,us
2024-04-14T05:28:47.416Z,7.6417,-37.1742,10,5.3,mww,133,84,13.439,0.56,us,us7000mc01,2024-06-17T02:15:31.040Z,"central Mid-Atlantic Ridge",earthquake,10.69,1.881,0.063,24,reviewed,us,us
2024-04-13T16:40:55.412Z,2.1044,126.6086,39.341,5,mww,220,25,1.525,0.71,us,us7000mbx7,2024-06-17T02:15:25.040Z,"161 km WNW of Tobelo, Indonesia",earthquake,5.57,4.287,0.093,11,reviewed,us,us
2024-04-13T15:17:18.773Z,-49.031,121.3854,10,5,mww,102,46,16.384,0.64,us,us7000mbwy,2024-06-17T02:15:24.040Z,"western Indian-Antarctic Ridge",earthquake,9.75,1.73,0.083,14,reviewed,us,us
2024-04-13T10:47:02.842Z,-15.0413,-173.0667,10,5.4,mww,99,42,1.678,0.94,us,us7000mbw6,2024-06-17T02:15:23.040Z,"127 km NE of Hihifo, Tonga",earthquake,7.01,1.777,0.093,11,reviewed,us,us
2024-04-13T06:53:44.360Z,-42.1381,88.8361,10,5,mb,41,116,24.236,0.71,us,us7000mbuy,2024-06-17T02:15:21.040Z,"southeast Indian Ridge",earthquake,13.06,1.898,0.093,37,reviewed,us,us
2024-04-13T06:26:35.031Z,2.226,126.6873,38.856,5.2,mww,131,67,1.596,0.65,us,us7000mbux,2024-06-17T02:15:21.040Z,"157 km WNW of Tobelo, Indonesia",earthquake,7.23,1.49,0.086,13,reviewed,us,us
2024-04-13T05:44:39.593Z,33.5479,81.8672,10,5.5,mww,209,25,6.438,0.59,us,us7000mbuv,2024-06-17T02:15:21.040Z,"western Xizang",earthquake,7.97,1.846,0.066,22,reviewed,us,us
2024-04-12T15:59:15.269Z,-10.2257,161.0159,20,5.8,mww,84,42,1.311,0.77,us,us7000mbqp,2024-06-17T02:15:16.040Z,"102 km WNW of Kirakira, Solomon Islands",earthquake,7.31,1.822,0.045,47,reviewed,us,us
2024-04-12T09:00:17.560Z,28.279,129.2805,53.889,5,mww,209,97,1.693,0.55,us,us7000mbm5,2024-06-17T02:15:15.040Z,"5 km ESE of Uken, Japan",earthquake,6.17,5.292,0.073,18,reviewed,us,us
2024-04-11T17:34:06.488Z,3.6958,126.7665,45.378,5,mb,71,112,2.966,0.78,us,us7000mbh3,2024-06-17T02:15:11.040Z,"237 km SE of Sarangani, Philippines",earthquake,3.14,7.054,0.05,128,reviewed,us,us
2024-04-11T03:33:57.207Z,7.6449,126.1637,10,5.2,mww,95,78,0.814,1.09,us,us7000mbbc,2024-06-17T02:15:08.040Z,"5 km NE of Bantacan, Philippines",earthquake,6.65,1.537,0.069,20,reviewed,us,us
2024-04-11T00:47:07.145Z,-38.6965,78.1286,10,5,mb,61,79,1.001,0.86,us,us7000md4x,2024-06-17T02:15:07.040Z,"Mid-Indian Ridge",earthquake,8.58,1.822,0.082,47,reviewed,us,us
2024-04-10T16:20:17.869Z,11.8705,125.841,9.55,5.2,mww,169,102,4.777,0.61,us,us7000mb7s,2024-06-17T02:15:05.040Z,"42 km E of Sulat, Philippines",earthquake,9.27,4.154,0.066,22,reviewed,us,us
2024-04-10T15:33:42.660Z,-17.2602,-68.4861,203.694,5,mww,259,79,1.025,0.9,us,us7000mb79,2024-06-17T02:15:04.040Z,"60 km W of Patacamaya, Bolivia",earthquake,7.4,5.117,0.08,15,reviewed,us,us
2024-04-10T14:56:17.074Z,41.9596,82.6648,8,5.4,mww,278,25,2.696,0.44,us,us7000mb76,2024-10-09T06:26:51.897Z,"34 km NW of Kuqa, China",earthquake,7.65,1.816,0.061,26,reviewed,us,us
2024-04-10T10:57:39.261Z,41.8952,82.4218,10,5,mb,131,96,2.504,0.54,us,us7000mb69,2024-06-17T02:15:04.040Z,"46 km WNW of Kuqa, China",earthquake,8.18,1.883,0.053,112,reviewed,us,us
2024-04-10T07:57:42.427Z,-38.8374,47.1158,10,5.1,mb,47,38,8.353,0.63,us,us7000mb5u,2024-06-17T02:15:03.040Z,"Southwest Indian Ridge",earthquake,6.23,1.859,0.093,38,reviewed,us,us
2024-04-09T14:07:05.932Z,28.049,100.2389,30.53,5,mb,159,29,8.157,0.65,us,us7000mazk,2024-06-17T02:14:58.040Z,"48 km WNW of Yongning, China",earthquake,7.61,4.234,0.044,170,reviewed,us,us
2024-04-09T09:47:59.810Z,2.6982,127.0624,22,6.4,mww,267,23,1.937,0.48,us,us7000maxr,2024-10-09T06:30:56.317Z,"150 km NW of Tobelo, Indonesia",earthquake,6.59,1.763,0.041,58,reviewed,us,us
2024-04-09T00:04:05.827Z,-1.585,134.4849,10,5.5,mb,78,90,14.808,0.39,us,us7000mc4q,2024-06-17T02:14:54.040Z,"35 km ESE of Ransiki, Indonesia",earthquake,10.87,1.818,0.072,67,reviewed,us,us
2024-04-09T00:02:52.078Z,-1.6951,134.4237,6.66,5.9,mww,177,22,2.49,0.48,us,us7000maw0,2024-06-17T02:14:54.040Z,"34 km SE of Ransiki, Indonesia",earthquake,5.49,2.809,0.055,32,reviewed,us,us
2024-04-08T20:58:02.763Z,-16.4488,-172.869,38.64,5.2,mww,68,46,2.735,0.81,us,us7000mav6,2024-06-17T02:14:53.040Z,"113 km ESE of Hihifo, Tonga",earthquake,8.75,6.065,0.08,15,reviewed,us,us
2024-04-08T03:10:17.316Z,-30.7975,-178.4494,109.823,5.1,mb,62,43,1.598,0.92,us,us7000maq4,2024-06-17T02:14:49.040Z,"Kermadec Islands, New Zealand",earthquake,12.55,4.819,0.042,187,reviewed,us,us
2024-04-08T01:25:29.592Z,31.6565,131.3933,50.529,5.1,mww,117,24,0.816,0.63,us,us7000mapp,2024-06-17T02:14:48.040Z,"6 km NNE of Nichinan, Japan",earthquake,4.89,3.717,0.058,29,reviewed,us,us
2024-04-07T20:47:58.649Z,41.8492,82.1566,10,5,mb,79,76,2.3,0.59,us,us7000manu,2024-06-12T21:51:56.040Z,"65 km WNW of Kuqa, China",earthquake,7.02,1.801,0.038,227,reviewed,us,us
2024-04-07T17:49:32.447Z,13.8143,-88.9836,193.139,5,mb,78,87,0.11,0.78,us,us7000man5,2024-06-12T21:51:56.040Z,"2 km S of Tenancingo, El Salvador",earthquake,8.54,5.097,0.026,477,reviewed,us,us
2024-04-07T17:46:18.442Z,-6.5495,103.9286,38.777,5,mww,94,34,2.38,0.77,us,us7000man4,2024-06-12T21:51:56.040Z,"192 km SW of Bandar Lampung, Indonesia",earthquake,6.91,5.794,0.089,12,reviewed,us,us
2024-04-07T14:57:16.495Z,-8.9592,118.6205,10,5,mb,45,86,4.444,0.86,us,us7000mamb,2024-06-12T21:51:56.040Z,"49 km SSE of Dompu, Indonesia",earthquake,9.27,1.851,0.088,41,reviewed,us,us
2024-04-07T08:46:17.940Z,41.8956,82.2688,10,5.1,mb,247,44,2.394,0.6,us,us7000makt,2024-06-12T21:51:56.040Z,"58 km WNW of Kuqa, China",earthquake,5.86,1.738,0.039,212,reviewed,us,us
2024-04-07T07:25:06.984Z,-6.3877,149.2718,47.071,5.1,mb,99,57,3.655,0.49,us,us7000make,2024-06-12T21:51:56.040Z,"36 km WSW of Kandrian, Papua New Guinea",earthquake,10.42,5.862,0.06,90,reviewed,us,us
2024-04-07T05:23:42.813Z,-59.4196,-17.7451,10,5.4,mww,65,56,11.459,0.72,us,us7000majx,2024-06-12T21:51:56.040Z,"east of the South Sandwich Islands",earthquake,11.87,1.821,0.11,8,reviewed,us,us
2024-04-07T02:38:38.496Z,-21.9779,170.2167,19.63,5,mww,43,90,2.642,0.87,us,us7000maj2,2024-06-12T21:51:56.040Z,"246 km E of Tadine, New Caledonia",earthquake,9.44,4.451,0.069,20,reviewed,us,us
2024-04-06T12:25:42.820Z,-4.0281,142.903,63.264,5,mb,89,80,2.662,0.66,us,us7000mag1,2024-06-12T21:51:55.040Z,"22 km NNE of Ambunti, Papua New Guinea",earthquake,9.52,6.672,0.056,101,reviewed,us,us
2024-04-06T10:47:12.076Z,23.86,121.6946,29.453,5.2,mww,66,72,0.591,0.79,us,us7000mafi,2024-06-12T21:51:55.040Z,"15 km SE of Hualien City, Taiwan",earthquake,3.59,3.595,0.057,30,reviewed,us,us
2024-04-06T08:24:30.650Z,-3.277,138.2881,65.268,5,mb,69,76,2.528,0.45,us,us7000maep,2024-06-12T21:51:55.040Z,"251 km N of Agats, Indonesia",earthquake,9.51,7.367,0.07,65,reviewed,us,us
2024-04-06T06:31:14.740Z,-3.9245,-102.9724,10,5.1,mww,81,159,13.079,0.52,us,us7000madp,2024-06-12T21:51:55.040Z,"central East Pacific Rise",earthquake,8.38,1.871,0.08,15,reviewed,us,us
2024-04-06T02:29:22.577Z,27.1432,103.4715,10,5,mww,106,33,6.141,0.84,us,us7000mack,2024-06-12T21:51:55.040Z,"30 km SW of Zhaotong, China",earthquake,6.3,1.603,0.066,22,reviewed,us,us
2024-04-06T01:37:49.290Z,23.6327,122.0266,10,5,mb,76,87,0.711,0.85,us,us7000mace,2024-06-12T21:51:55.040Z,"57 km SE of Hualien City, Taiwan",earthquake,4.27,1.831,0.047,146,reviewed,us,us
2024-04-06T00:12:17.749Z,40.8775,143.2258,26.386,5.4,mww,144,48,1.138,0.46,us,us7000mac0,2024-06-12T21:51:55.040Z,"141 km S of Honchō, Japan",earthquake,7.12,1.944,0.071,19,reviewed,us,us
2024-04-05T20:32:13.197Z,-18.147,-174.4561,114.688,5.6,mww,233,24,3.088,0.82,us,us7000maah,2024-06-12T21:51:54.040Z,"74 km NW of Neiafu, Tonga",earthquake,7.95,3.616,0.056,31,reviewed,us,us
2024-04-05T12:45:38.655Z,26.4924,96.9139,69.136,5.7,mb,157,22,5.571,0.71,us,us7000ma59,2024-06-12T21:51:54.040Z,"33 km NNE of Sarupathar, India",earthquake,8.38,6.269,0.031,379,reviewed,us,us
2024-04-05T11:03:16.357Z,19.1103,145.3659,222,6.8,mww,199,31,3.869,0.85,us,us7000ma2w,2026-03-21T21:18:34.752Z,"Maug Islands region, Northern Mariana Islands",earthquake,8.22,1.918,0.027,136,reviewed,us,us
2024-04-05T09:01:55.258Z,15.2716,-93.6043,77.926,5,mww,50,136,1.733,0.96,us,us7000ma26,2024-06-12T21:51:54.040Z,"48 km WSW of El Palmarcito, Mexico",earthquake,7.45,5.601,0.041,57,reviewed,us,us
2024-04-05T04:50:51.121Z,24.0787,121.684,20.304,5,mww,81,58,0.652,0.72,us,us7000ma1f,2024-06-12T21:51:54.040Z,"13 km NE of Hualien City, Taiwan",earthquake,3.67,4.031,0.093,11,reviewed,us,us
2024-04-05T02:30:02.555Z,14.9227,-44.9831,10,5,mb,75,44,12.323,0.62,us,us7000ma0r,2024-06-12T21:51:54.040Z,"northern Mid-Atlantic Ridge",earthquake,4.46,1.823,0.037,229,reviewed,us,us
2024-04-04T23:46:40.169Z,7.9582,-38.0882,10,5.1,mb,105,45,19.203,0.53,us,us7000m9zx,2024-06-12T21:51:54.040Z,"central Mid-Atlantic Ridge",earthquake,8.88,1.558,0.041,191,reviewed,us,us
2024-04-04T23:37:28.670Z,7.9741,-38.1448,10,5.3,mww,81,30,13.891,0.55,us,us7000m9zr,2024-06-12T21:51:54.040Z,"central Mid-Atlantic Ridge",earthquake,10.77,1.812,0.086,13,reviewed,us,us
2024-04-04T23:18:23.674Z,8.039,-38.114,10,5,mb,40,79,23.812,0.4,us,us7000m9zn,2024-06-12T21:51:54.040Z,"central Mid-Atlantic Ridge",earthquake,11.02,1.856,0.074,58,reviewed,us,us
2024-04-04T20:31:49.325Z,41.9769,142.4449,63.264,5,mww,99,91,0.532,0.64,us,us7000m9z0,2024-06-12T21:51:54.040Z,"34 km SW of Urakawa, Japan",earthquake,5.79,5.91,0.069,20,reviewed,us,us
2024-04-04T16:04:32.601Z,33.1698,76.816,32.436,5,mww,88,53,3.005,0.78,us,us7000m9w5,2024-06-12T21:51:54.040Z,"33 km S of Padam, India",earthquake,4.56,4.205,0.078,16,reviewed,us,us
2024-04-04T07:38:05.187Z,12.8955,-88.8866,54.6,5.1,mww,196,136,0.791,0.63,us,us7000m9u3,2024-06-12T21:51:53.040Z,"56 km SW of Puerto El Triunfo, El Salvador",earthquake,6.24,5.047,0.055,32,reviewed,us,us
2024-04-04T03:16:30.313Z,37.7104,141.856,29,6.1,mww,304,59,2.7,0.64,us,us7000m9sq,2025-09-13T16:29:10.227Z,"77 km E of Minami-Sōma, Japan",earthquake,6.43,1.705,0.046,45,reviewed,us,us
2024-04-04T00:39:38.283Z,38.4599,90.8993,10,5.1,mww,253,28,8.737,0.68,us,us7000m9rx,2024-06-12T21:51:53.040Z,"194 km ESE of Bingtuan Sanshiliu Tuan, China",earthquake,6.65,1.766,0.059,28,reviewed,us,us
2024-04-04T00:19:52.287Z,-32.8864,-178.5121,10,5,mb,44,132,3.648,0.76,us,us7000m9rq,2024-06-12T21:51:53.040Z,"south of the Kermadec Islands",earthquake,13.71,1.846,0.113,25,reviewed,us,us
2024-04-03T13:51:56.776Z,-36.9529,-72.9395,35.977,5.2,mww,111,48,0.287,1.16,us,us7000m9lk,2024-06-12T21:51:53.040Z,"8 km ESE of Chiguayante, Chile",earthquake,6.06,5.204,0.086,13,reviewed,us,us
2024-04-03T09:02:16.573Z,-5.8654,112.3387,10,5.1,mww,62,54,2.223,0.69,us,us7000m9ke,2024-06-12T21:51:53.040Z,"111 km N of Paciran, Indonesia",earthquake,5.52,1.864,0.086,13,reviewed,us,us
2024-04-03T04:51:22.460Z,8.5051,126.6773,67.064,5.1,mb,73,66,1.794,0.45,us,us7000m9j3,2024-06-12T21:51:52.040Z,"40 km ENE of Hinatuan, Philippines",earthquake,8.28,5.518,0.044,169,reviewed,us,us
2024-04-03T03:32:22.685Z,-10.382,-75.4725,9.277,5,mb,71,100,2.086,0.62,us,us7000m9ie,2024-06-12T21:51:52.040Z,"22 km NNW of Oxapampa, Peru",earthquake,7.28,3.594,0.038,217,reviewed,us,us
2024-04-03T03:01:07.487Z,-31.825,77.4355,10,5,mb,64,32,5.958,0.67,us,us7000m9ia,2024-06-12T21:51:52.040Z,"Mid-Indian Ridge",earthquake,10.85,1.751,0.073,59,reviewed,us,us
2024-04-03T02:28:16.568Z,24.1664,121.818,13.194,5.1,mwr,107,65,0.643,0.64,us,us7000m9ht,2024-06-12T21:51:52.040Z,"30 km NE of Hualien City, Taiwan",earthquake,3.49,3.479,0.075,17,reviewed,us,us
2024-04-03T02:23:27.076Z,24.2305,121.6344,35.749,5,mb,58,77,0.497,0.81,us,us7000mbf5,2024-06-12T21:51:57.040Z,"28 km N of Hualien City, Taiwan",earthquake,3.19,5.59,0.059,90,reviewed,us,us
2024-04-03T02:14:36.488Z,24.1954,121.9338,41.798,5.7,mwr,131,24,0.694,0.78,us,us7000m9hp,2024-06-12T21:51:52.040Z,"41 km NE of Hualien City, Taiwan",earthquake,4.24,4.338,0.06,27,reviewed,us,us
2024-04-03T02:02:05.440Z,0.9959,-85.2876,10,5.1,mb,109,70,5.266,0.62,us,us7000m9hl,2024-06-12T21:51:52.040Z,"off the coast of Ecuador",earthquake,7.8,1.547,0.037,233,reviewed,us,us
2024-04-03T01:53:57.455Z,23.8817,121.5533,22.545,5.1,mb,64,69,0.541,0.66,us,us7000m9hk,2024-06-12T21:51:52.040Z,"11 km SSW of Hualien City, Taiwan",earthquake,2.36,4.292,0.042,185,reviewed,us,us
2024-04-03T01:49:38.775Z,23.8897,121.8988,10,5.1,mb,68,63,0.741,0.61,us,us7000m9hh,2024-06-12T21:51:52.040Z,"31 km ESE of Hualien City, Taiwan",earthquake,2.79,1.798,0.044,171,reviewed,us,us
2024-04-03T01:39:47.928Z,23.7873,121.7835,26.363,5.7,mwr,63,67,0.595,0.62,us,us7000mbfv,2024-06-12T21:51:58.040Z,"27 km SE of Hualien City, Taiwan",earthquake,4.57,3.15,0.083,14,reviewed,us,us
2024-04-03T01:39:35.045Z,23.7905,121.7975,16.869,5.3,mb,99,41,0.606,0.69,us,us7000m9h9,2024-06-12T21:51:52.040Z,"28 km SE of Hualien City, Taiwan",earthquake,3.88,3.209,0.033,308,reviewed,us,us
2024-04-03T01:19:31.837Z,23.873,121.6499,6.723,5.1,mb,79,73,0.577,0.71,us,us7000mbey,2024-06-12T21:51:57.040Z,"12 km SSE of Hualien City, Taiwan",earthquake,3.35,4.426,0.075,57,reviewed,us,us
2024-04-03T01:17:41.291Z,23.9694,121.6633,26.865,5,mb,75,77,0.665,0.77,us,us7000m9h7,2024-06-12T21:51:52.040Z,"6 km E of Hualien City, Taiwan",earthquake,3.29,4.055,0.044,165,reviewed,us,us
2024-04-03T01:09:37.061Z,24.174,121.766,10,5.2,mb,197,63,0.608,0.63,us,us7000m9h5,2024-06-12T21:51:52.040Z,"27 km NE of Hualien City, Taiwan",earthquake,3.07,1.769,0.048,143,reviewed,us,us
2024-04-03T01:01:12.630Z,24.077,121.5601,20.884,5,mb,35,77,0.625,0.73,us,us7000mbeu,2024-06-12T21:51:57.040Z,"11 km NNW of Hualien City, Taiwan",earthquake,3.37,5.238,0.163,12,reviewed,us,us
2024-04-03T00:50:46.898Z,23.7725,121.5952,27.179,5.2,mb,92,71,0.467,0.8,us,us7000m9gx,2024-06-12T21:51:52.040Z,"22 km S of Hualien City, Taiwan",earthquake,8.19,4.131,0.071,67,reviewed,us,us
2024-04-03T00:46:44.732Z,24.1702,121.7273,14.297,5.6,mww,135,27,0.591,0.72,us,us7000m9gp,2024-06-12T21:51:52.040Z,"24 km NNE of Hualien City, Taiwan",earthquake,4.4,3.437,0.11,8,reviewed,us,us
2024-04-03T00:43:55.100Z,23.9995,121.5898,10.789,5.3,mb,109,52,0.619,0.7,us,us7000m9gm,2024-06-12T21:51:51.040Z,"2 km NNW of Hualien City, Taiwan",earthquake,3.77,4.569,0.063,84,reviewed,us,us
2024-04-03T00:35:36.982Z,24.1511,121.6993,15.864,5.6,mb,115,49,0.594,0.69,us,us7000m9gh,2024-06-12T21:51:51.040Z,"21 km NNE of Hualien City, Taiwan",earthquake,3.29,3.182,0.062,93,reviewed,us,us
2024-04-03T00:31:12.301Z,23.9926,121.7893,23.2,5,mb,35,90,0.749,0.91,us,us7000mbfg,2024-06-12T21:51:57.040Z,"18 km E of Hualien City, Taiwan",earthquake,4.45,6.024,0.137,17,reviewed,us,us
2024-04-03T00:17:37.240Z,24.0049,121.7509,38.611,5.2,mb,58,67,0.738,0.8,us,us7000mbfm,2024-06-12T21:51:57.040Z,"15 km ENE of Hualien City, Taiwan",earthquake,4,7.242,0.099,34,reviewed,us,us
2024-04-03T00:17:16.083Z,24.0059,121.8453,35,5.1,mb,25,69,0.787,0.85,us,us7000mbhx,2024-06-12T21:51:59.040Z,"24 km E of Hualien City, Taiwan",earthquake,2.65,1.944,0.172,11,reviewed,us,us
2024-04-03T00:11:25.266Z,24.1021,121.6812,13.931,6.4,mww,183,50,0.63,0.77,us,us7000m9gc,2024-06-12T21:51:51.040Z,"15 km NNE of Hualien City, Taiwan",earthquake,3.79,3.485,0.062,25,reviewed,us,us
2024-04-03T00:09:31.012Z,24.1741,121.7374,32.25,5,mb,24,66,0.593,0.72,us,us7000mbhd,2024-06-12T21:51:58.040Z,"25 km NNE of Hualien City, Taiwan",earthquake,3.16,5.587,0.189,9,reviewed,us,us
2024-04-03T00:05:01.965Z,15.8214,146.8668,10,5.3,mb,43,97,1.188,0.91,us,us7000mbhn,2024-06-12T21:51:58.040Z,"137 km ENE of Saipan, Northern Mariana Islands",earthquake,8.85,1.843,0.106,30,reviewed,us,us
2024-04-02T23:58:12.173Z,23.8356,121.5976,40,7.4,mww,322,17,0.337,0.93,us,us7000m9g4,2026-06-25T10:54:32.203Z,"15 km S of Hualien City, Taiwan",earthquake,4.73,1.877,0.027,133,reviewed,us,us
2024-04-02T22:16:44.681Z,15.8934,146.8532,10,5.2,mww,241,40,1.213,0.83,us,us7000m9fv,2024-06-12T21:51:51.040Z,"139 km ENE of Saipan, Northern Mariana Islands",earthquake,9.09,1.774,0.061,26,reviewed,us,us
2024-04-02T09:54:08.569Z,15.8146,146.8779,10,6.2,mww,247,37,1.195,0.43,us,us7000m9bq,2026-03-18T21:16:41.850Z,"137 km ENE of Saipan, Northern Mariana Islands",earthquake,5.68,1.806,0.044,49,reviewed,us,us
2024-04-01T19:24:36.670Z,40.1435,141.6984,73,5.9,mww,147,29,0.806,0.98,us,us7000m98g,2025-09-26T18:58:42.809Z,"7 km SW of Kuji, Japan",earthquake,4.39,1.879,0.045,47,reviewed,us,us
2024-04-01T14:45:16.039Z,8.246,-103.2397,10,5.3,mww,120,104,10.318,0.65,us,us7000m976,2024-06-12T21:51:49.040Z,"northern East Pacific Rise",earthquake,11.17,1.85,0.056,31,reviewed,us,us
2024-04-01T01:39:05.248Z,-6.256,155.0964,163.637,5.1,mww,100,61,5.752,0.5,us,us7000m94s,2024-06-12T21:51:48.040Z,"43 km W of Panguna, Papua New Guinea",earthquake,10.2,5.032,0.11,8,reviewed,us,us
2024-03-31T18:20:23.373Z,-22.7357,171.5923,10,5,mww,46,76,3.831,0.82,us,us7000m93l,2024-06-01T21:55:50.040Z,"southeast of the Loyalty Islands",earthquake,12.73,1.899,0.093,11,reviewed,us,us
2024-03-31T17:01:51.297Z,-62.7208,156.0408,10,5.9,mww,47,100,8.384,0.55,us,us7000m936,2024-06-01T21:55:50.040Z,"Balleny Islands region",earthquake,11.01,1.884,0.065,23,reviewed,us,us
2024-03-31T03:01:44.594Z,-19.847,-176.0058,10,5.5,mww,52,52,1.516,1,us,us7000m90u,2024-06-01T21:55:50.040Z,"163 km NNW of Houma, Tonga",earthquake,8.44,1.582,0.069,20,reviewed,us,us
2024-03-31T01:30:28.183Z,-36.2214,-100.031,10,5.1,mww,44,114,23.106,1.01,us,us7000ma7r,2024-06-01T21:55:52.040Z,"southeast of Easter Island",earthquake,14.93,1.862,0.086,13,reviewed,us,us
2024-03-31T00:25:15.149Z,39.0066,70.8647,10,5,mb,168,76,0.865,0.7,us,us7000m90b,2024-06-01T21:55:50.040Z,"42 km E of Rasht, Tajikistan",earthquake,5.25,1.824,0.046,147,reviewed,us,us
2024-03-30T22:55:52.655Z,-6.3333,154.7807,77.27,5.1,mww,138,57,5.976,0.48,us,us7000m900,2024-06-01T21:55:50.040Z,"77 km W of Panguna, Papua New Guinea",earthquake,8.37,3.106,0.117,7,reviewed,us,us
2024-03-30T17:35:49.670Z,-19.7019,-175.9239,10,5.2,mww,156,26,1.609,0.62,us,us7000m8z0,2024-06-01T21:55:49.040Z,"164 km W of Pangai, Tonga",earthquake,6.72,1.755,0.11,8,reviewed,us,us
2024-03-30T16:44:25.049Z,-19.7708,-176.0022,10.249,5.3,mww,102,67,1.58,0.82,us,us7000m8yl,2024-06-01T21:55:49.040Z,"171 km NNW of Houma, Tonga",earthquake,7.18,3.467,0.063,24,reviewed,us,us
2024-03-30T16:28:57.456Z,52.1143,178.3963,109,5.8,mww,326,25,0.163,0.87,us,us7000m8yd,2026-03-15T21:16:37.286Z,"Rat Islands, Aleutian Islands, Alaska",earthquake,6.14,1.727,0.035,77,reviewed,us,us
2024-03-30T09:48:17.120Z,-4.0264,-103.9175,10,5.1,mww,44,147,22.092,0.89,us,us7000m8ww,2024-06-01T21:55:49.040Z,"central East Pacific Rise",earthquake,13.89,1.891,0.066,22,reviewed,us,us
2024-03-29T17:58:36.489Z,12.7994,-44.8917,10,5.2,mww,188,36,10.814,0.49,us,us7000m8sn,2024-06-01T21:55:49.040Z,"northern Mid-Atlantic Ridge",earthquake,9.56,1.825,0.078,16,reviewed,us,us
2024-03-29T16:19:37.942Z,12.771,-44.8963,10,5,mb,32,79,10.791,0.72,us,us7000m8s7,2024-06-01T21:55:49.040Z,"northern Mid-Atlantic Ridge",earthquake,9.45,1.705,0.061,88,reviewed,us,us
2024-03-29T14:40:56.146Z,-27.9628,-178.0987,10,5.4,mww,85,78,1.286,1.04,us,us7000m8rg,2024-06-01T21:55:49.040Z,"Kermadec Islands region",earthquake,7.71,1.756,0.048,41,reviewed,us,us
2024-03-29T09:57:05.507Z,-4.562,149.5876,570.902,5.6,mww,127,34,3.343,0.54,us,us7000m8qr,2024-06-01T21:55:49.040Z,"125 km NNW of Kimbe, Papua New Guinea",earthquake,5.44,5.368,0.08,15,reviewed,us,us
2024-03-29T07:12:48.063Z,37.3224,21.2557,26.873,5.8,mww,209,32,0.553,1.16,us,us7000m8q9,2024-06-01T21:55:49.040Z,"34 km WNW of Filiatrá, Greece",earthquake,5.89,3.694,0.043,52,reviewed,us,us
2024-03-29T06:29:33.834Z,-16.8483,168.015,10,5,mb,41,69,5.104,0.73,us,us7000m8pz,2024-06-01T21:55:48.040Z,"103 km NNW of Port-Vila, Vanuatu",earthquake,9.26,1.882,0.098,33,reviewed,us,us
2024-03-29T04:58:59.642Z,17.0572,147.2408,41.584,5,mb,72,84,2.282,0.64,us,us7000m8pq,2024-06-01T21:55:48.040Z,"258 km NE of Saipan, Northern Mariana Islands",earthquake,10.27,5.533,0.039,212,reviewed,us,us
2024-03-29T02:02:42.608Z,17.013,147.3137,25.174,5,mww,103,31,2.292,0.74,us,us7000m8p1,2024-12-13T02:12:52.973Z,"259 km NE of Saipan, Northern Mariana Islands",earthquake,9.8,4.158,0.083,14,reviewed,us,us
2024-03-28T10:55:10.409Z,36.247,71.1603,108.477,5,mb,123,24,2.393,0.76,us,us7000m8ib,2024-06-01T21:55:48.040Z,"58 km SW of Ashkāsham, Afghanistan",earthquake,3.31,5.368,0.038,215,reviewed,us,us
2024-03-28T08:01:54.946Z,-9.1955,110.1543,59.247,5,mb,53,62,2.151,0.77,us,us7000m8hh,2024-06-01T21:55:48.040Z,"138 km S of Bambanglipuro, Indonesia",earthquake,7.77,2.775,0.081,48,reviewed,us,us
2024-03-28T04:05:15.500Z,-7.9054,-74.4016,152.869,5.2,mww,178,70,4.032,0.66,us,us7000m8gh,2024-06-01T21:55:48.040Z,"55 km NNE of Pucallpa, Peru",earthquake,9.02,6.632,0.057,30,reviewed,us,us
2024-03-27T22:49:50.490Z,-24.3685,-179.7362,475.748,5,mb,110,104,5.118,0.76,us,us7000m8f0,2024-06-01T21:55:47.040Z,"south of the Fiji Islands",earthquake,11.03,5.954,0.061,84,reviewed,us,us
2024-03-27T14:16:13.291Z,-8.7403,-72.7126,10,5,mb,164,54,5.188,0.66,us,us7000m8au,2024-06-01T21:55:47.040Z,"23 km NNE of Marechal Thaumaturgo, Brazil",earthquake,8.95,1.862,0.034,290,reviewed,us,us
2024-03-27T13:49:17.821Z,-20.754,173.8203,10,5.3,mww,100,39,4.994,0.49,us,us7000m8an,2024-06-01T21:55:47.040Z,"Vanuatu region",earthquake,7.93,1.843,0.051,37,reviewed,us,us
2024-03-27T03:23:02.962Z,42.3102,-126.7243,10,5.6,mww,130,116,1.762,0.55,us,us7000m875,2026-03-12T21:16:42.082Z,"189 km WSW of Port Orford, Oregon",earthquake,2.83,1.796,0.034,81,reviewed,us,us
2024-03-27T01:28:17.689Z,-21.0715,173.7373,10,6.4,mww,81,43,5.247,0.79,us,us7000m86i,2024-06-01T21:55:47.040Z,"Vanuatu region",earthquake,9.36,1.74,0.043,53,reviewed,us,us
2024-03-26T17:49:35.453Z,-5.3315,145.8772,69.756,5.1,mww,134,48,4.242,0.7,us,us7000m845,2024-06-17T20:59:48.506Z,"15 km SE of Madang, Papua New Guinea",earthquake,8.04,4.982,0.073,18,reviewed,us,us
2024-03-26T13:14:08.949Z,-1.5815,-15.3842,10,5.4,mww,267,28,6.269,0.47,us,us7000m82w,2024-06-01T21:55:47.040Z,"north of Ascension Island",earthquake,9.35,1.782,0.093,11,reviewed,us,us
2024-03-26T09:37:15.185Z,-20.6273,-174.1986,14.482,5.3,mww,63,135,1.084,0.93,us,us7000m826,2024-06-01T21:55:47.040Z,"91 km S of Pangai, Tonga",earthquake,12.31,4.661,0.065,23,reviewed,us,us
2024-03-25T17:00:02.616Z,-59.0543,158.6349,10,5.5,mww,33,114,4.571,0.75,us,us7000m7xz,2024-06-01T21:55:46.040Z,"Macquarie Island region",earthquake,13.38,1.916,0.071,19,reviewed,us,us
2024-03-25T05:22:17.065Z,16.5556,-46.462,10,5.5,mww,301,54,12.889,0.56,us,us6000ml19,2024-06-01T21:55:46.040Z,"northern Mid-Atlantic Ridge",earthquake,9.49,1.85,0.06,27,reviewed,us,us
2024-03-25T02:36:41.521Z,52.4275,163.5655,10,5.2,mww,136,55,3.619,0.43,us,us6000ml0l,2024-06-01T21:55:46.040Z,"off the east coast of the Kamchatka Peninsula, Russia",earthquake,7.77,1.784,0.068,21,reviewed,us,us
2024-03-25T02:21:44.441Z,12.0769,143.9432,10,5.2,mb,80,37,1.753,0.66,us,us6000ml0j,2024-12-30T02:31:59.188Z,"153 km SSW of Merizo Village, Guam",earthquake,8.08,1.519,0.042,186,reviewed,us,us
2024-03-24T19:50:11.425Z,-19.4577,-70.1006,79.08,5,mwr,62,125,0.809,0.92,us,us6000mkzs,2024-05-27T14:19:23.040Z,"33 km SSE of Cuya, Chile",earthquake,2.58,4.997,0.086,13,reviewed,us,us
2024-03-24T11:53:57.200Z,-1.7427,133.2473,42.523,5.1,mb,83,26,2.162,0.8,us,us6000mkyp,2024-05-27T14:19:23.040Z,"50 km NW of Bintuni, Indonesia",earthquake,7.8,5.218,0.051,123,reviewed,us,us
2024-03-24T06:22:24.947Z,8.7566,126.3895,59.621,5.2,mb,138,47,1.858,0.8,us,us6000mkxk,2024-05-27T14:19:23.040Z,"11 km ESE of Marihatag, Philippines",earthquake,8.29,4.446,0.035,264,reviewed,us,us
2024-03-24T03:26:40.249Z,-4.0667,143.116,35,5.2,mb,64,104,2.86,0.75,us,us6000mkwv,2024-05-27T14:19:23.040Z,"37 km ENE of Ambunti, Papua New Guinea",earthquake,10.22,1.84,0.046,153,reviewed,us,us
2024-03-24T03:04:07.847Z,-9.4207,122.1832,62.174,5.7,mww,126,52,2.082,0.98,us,us6000mkvx,2024-05-27T14:19:23.040Z,"85 km SE of Ende, Indonesia",earthquake,8.03,4.007,0.103,9,reviewed,us,us
2024-03-24T00:30:54.143Z,-9.7782,154.8212,10,5.1,mb,53,61,5.066,0.76,us,us6000mkvd,2024-05-27T14:19:23.040Z,"289 km SW of Gizo, Solomon Islands",earthquake,11.7,1.885,0.09,40,reviewed,us,us
2024-03-23T22:49:58.468Z,-4.0835,143.1375,35,5.1,mb,110,22,2.887,0.59,us,us6000mkuz,2024-05-27T14:19:23.040Z,"38 km ENE of Ambunti, Papua New Guinea",earthquake,4.54,1.837,0.044,165,reviewed,us,us
2024-03-23T20:40:29.906Z,-4.1113,143.311,35,5,mb,56,31,3.049,0.37,us,us6000mku5,2024-05-27T14:19:23.040Z,"55 km ENE of Ambunti, Papua New Guinea",earthquake,10.72,1.876,0.058,94,reviewed,us,us
2024-03-23T20:22:04.348Z,-4.1292,143.134,41.464,6.9,mww,147,32,2.909,0.76,us,us6000mksx,2024-10-09T09:07:01.269Z,"36 km ENE of Ambunti, Papua New Guinea",earthquake,8.06,2.476,0.047,44,reviewed,us,us
2024-03-23T13:20:28.536Z,-4.5597,102.7307,62.692,5.3,mww,107,28,0.299,0.91,us,us6000mkqg,2024-05-27T14:19:22.040Z,"82 km SW of Pagar Alam, Indonesia",earthquake,8.04,3.824,0.078,16,reviewed,us,us
2024-03-22T08:52:58.999Z,-5.8754,112.3646,9.471,6.4,mww,208,39,2.239,0.62,us,us6000mkfz,2025-08-01T14:22:58.804Z,"110 km N of Paciran, Indonesia",earthquake,5.96,3.096,0.038,65,reviewed,us,us
2024-03-22T05:31:12.251Z,-5.909,112.3829,10,5.2,mww,68,55,2.238,0.61,us,us6000mkf6,2024-05-27T14:19:21.040Z,"107 km N of Paciran, Indonesia",earthquake,6.94,1.861,0.086,13,reviewed,us,us
2024-03-22T04:22:45.531Z,-5.8155,112.3187,10,5.6,mww,89,27,2.233,1.12,us,us6000mkej,2026-02-21T22:26:19.186Z,"117 km N of Paciran, Indonesia",earthquake,6.94,1.745,0.069,20,reviewed,us,us
2024-03-22T03:47:04.011Z,39.3279,71.8628,3.161,5.2,mb,78,44,0.157,0.7,us,us6000mkeg,2024-05-27T14:19:21.040Z,"30 km ENE of Karakenja, Tajikistan",earthquake,6.79,4.64,0.037,247,reviewed,us,us
2024-03-21T02:47:21.923Z,-59.0115,-25.6366,43.89,5.2,mb,75,81,15.7,0.75,us,us6000mk65,2024-05-27T14:19:20.040Z,"South Sandwich Islands region",earthquake,8.13,5.372,0.068,70,reviewed,us,us
2024-03-21T00:19:13.120Z,-2.008,137.4266,12.374,5.1,mww,112,36,3.312,0.65,us,us6000mk4w,2024-05-27T14:19:20.040Z,"175 km ESE of Biak, Indonesia",earthquake,5.02,3.111,0.08,15,reviewed,us,us
2024-03-21T00:08:02.844Z,35.9739,139.748,45.002,5.2,mww,268,51,1.367,0.6,us,us6000mk4v,2025-09-13T16:11:16.444Z,"1 km S of Kasukabe, Japan",earthquake,5.08,4.172,0.068,21,reviewed,us,us
2024-03-20T19:50:55.757Z,-31.4035,179.7294,441.673,5.3,mww,115,42,2.947,0.76,us,us6000mk3m,2024-05-27T14:19:20.040Z,"Kermadec Islands region",earthquake,11.01,5.044,0.089,12,reviewed,us,us
2024-03-20T08:24:57.931Z,-2.0189,100.4628,67.702,5,mb,92,38,3.406,0.85,us,us6000mjy1,2024-05-27T14:19:20.040Z,"97 km E of Tuapejat, Indonesia",earthquake,7.34,4.856,0.055,104,reviewed,us,us
2024-03-20T05:48:18.048Z,-56.2515,-27.259,89,5.6,mww,108,32,5.633,1.04,us,us6000mjx0,2024-05-27T14:19:19.040Z,"South Sandwich Islands region",earthquake,9.49,1.831,0.078,16,reviewed,us,us
2024-03-19T21:27:01.034Z,29.7493,65.3531,6,5.3,mww,162,73,7.784,1.02,us,us6000mjux,2024-05-27T14:19:19.040Z,"68 km WNW of Nushki, Pakistan",earthquake,7.93,1.82,0.098,10,reviewed,us,us
2024-03-19T18:07:02.532Z,-56.4959,-143.3884,10,5.5,mww,24,64,32.845,0.76,us,us6000mk0i,2024-05-27T14:19:20.040Z,"Pacific-Antarctic Ridge",earthquake,8.71,1.837,0.117,7,reviewed,us,us
2024-03-19T14:39:08.812Z,-10.8006,161.8513,61.638,5,mb,102,67,2.312,0.61,us,us6000mjuc,2024-05-27T14:19:19.040Z,"39 km S of Kirakira, Solomon Islands",earthquake,9.38,2.208,0.063,84,reviewed,us,us
2024-03-19T02:25:31.684Z,-31.2982,-179.131,9.961,5.5,mww,53,48,2.284,0.56,us,us6000mjpw,2024-05-27T14:19:19.040Z,"Kermadec Islands region",earthquake,11.63,3.368,0.06,27,reviewed,us,us
2024-03-19T00:35:18.851Z,29.6902,65.3791,8,5.5,mww,279,22,5.769,0.55,us,us6000mjpj,2025-02-15T17:59:58.381Z,"64 km WNW of Nushki, Pakistan",earthquake,7.64,1.75,0.068,21,reviewed,us,us
2024-03-18T11:04:41.113Z,24.2346,142.7619,35,5.3,mww,119,25,2.896,1.09,us,us6000mjkb,2024-05-27T14:19:18.040Z,"Volcano Islands, Japan region",earthquake,4.83,1.792,0.056,31,reviewed,us,us
2024-03-18T00:18:03.554Z,-6.2159,146.9556,86.441,5.1,mb,96,67,3.175,0.57,us,us6000mjij,2024-05-27T14:19:18.040Z,"56 km N of Lae, Papua New Guinea",earthquake,10.31,6.045,0.062,83,reviewed,us,us
2024-03-17T11:10:16.687Z,-3.3388,148.6471,10,5.3,mww,79,54,3.49,0.62,us,us6000mjfc,2024-05-18T21:23:35.040Z,"210 km SE of Lorengau, Papua New Guinea",earthquake,8.25,1.768,0.056,31,reviewed,us,us
2024-03-17T06:03:55.541Z,12.6124,48.0066,10,5.2,mww,135,42,5.16,0.61,us,us6000mjed,2024-05-18T21:23:31.040Z,"162 km N of Las Khorey, Somalia",earthquake,4.83,1.817,0.08,15,reviewed,us,us
2024-03-17T00:44:02.920Z,12.3856,-87.6546,48,5.6,mww,180,91,0.692,1.08,us,us6000mjct,2024-05-18T21:23:27.040Z,"45 km SSW of Jiquilillo, Nicaragua",earthquake,7.04,1.924,0.05,38,reviewed,us,us
2024-03-16T21:17:04.821Z,37.1332,141.4549,48.55,5.3,mww,150,73,2.67,0.49,us,us6000mjbp,2025-09-13T15:55:10.088Z,"44 km ESE of Tomioka, Japan",earthquake,6.87,4.208,0.068,21,reviewed,us,us
2024-03-16T03:32:02.419Z,-5.0223,151.2304,10,5.3,mww,58,64,1.06,0.89,us,us6000mj83,2024-05-18T21:23:17.040Z,"134 km ENE of Kimbe, Papua New Guinea",earthquake,6.02,1.754,0.078,16,reviewed,us,us
2024-03-16T00:14:51.989Z,-58.935,158.3538,10,5.9,mww,57,52,4.46,0.5,us,us6000mj77,2024-05-18T21:23:15.040Z,"Macquarie Island region",earthquake,11.01,1.827,0.06,27,reviewed,us,us
2024-03-15T11:04:00.560Z,28.432,130.0753,15.778,5,mww,229,108,2.255,0.95,us,us6000mj1p,2024-05-18T21:23:04.040Z,"46 km E of Tatsugō, Japan",earthquake,2.66,3.54,0.089,12,reviewed,us,us
2024-03-15T10:32:50.046Z,28.4192,130.1034,20,5.6,mww,238,78,2.264,0.51,us,us6000mj1l,2024-05-18T21:23:04.040Z,"49 km E of Tatsugō, Japan",earthquake,6.13,1.807,0.046,46,reviewed,us,us
2024-03-14T21:29:12.936Z,29.6206,-42.6288,10,5.4,mww,102,68,16.372,0.52,us,us6000miya,2024-05-18T21:22:58.040Z,"northern Mid-Atlantic Ridge",earthquake,9.88,1.76,0.054,33,reviewed,us,us
2024-03-14T21:15:10.651Z,29.9929,-42.8437,10,5,mb,42,71,16.323,0.4,us,us6000mjzk,2024-05-18T21:24:03.040Z,"northern Mid-Atlantic Ridge",earthquake,11.73,1.847,0.106,28,reviewed,us,us
2024-03-14T21:10:24.786Z,29.7971,-42.6608,10,6.2,mww,189,54,16.297,0.59,us,us6000miy6,2024-05-18T21:22:58.040Z,"northern Mid-Atlantic Ridge",earthquake,9.43,1.776,0.037,71,reviewed,us,us
2024-03-14T20:00:06.954Z,29.7656,-42.7949,10,5.2,mww,241,57,16.412,0.64,us,us6000mixv,2024-05-18T21:22:57.040Z,"northern Mid-Atlantic Ridge",earthquake,9.92,1.84,0.06,27,reviewed,us,us
2024-03-14T15:14:35.701Z,37.083,141.1231,44,5.6,mww,122,71,2.4,0.78,us,us6000miuf,2025-09-13T15:42:22.364Z,"21 km E of Iwaki, Japan",earthquake,1.82,1.896,0.066,22,reviewed,us,us
2024-03-14T03:06:47.754Z,42.954,18.6883,16.067,5.4,mww,196,29,0.673,0.88,us,us6000mirj,2024-05-18T21:22:47.040Z,"22 km ENE of Bileća, Bosnia and Herzegovina",earthquake,4.3,3.246,0.035,77,reviewed,us,us
2024-03-13T23:46:21.266Z,-48.5615,105.3591,10,5,mww,28,83,21.129,0.78,us,us6000mjtb,2024-05-18T21:23:59.040Z,"southeast Indian Ridge",earthquake,14.06,1.831,0.11,8,reviewed,us,us
2024-03-13T22:10:34.219Z,-19.7124,-71.2587,20.044,5,mww,60,142,1.591,0.86,us,us6000miqd,2024-05-18T21:22:45.040Z,"128 km WNW of Puerto, Chile",earthquake,7.68,1.982,0.086,13,reviewed,us,us
2024-03-13T20:06:34.414Z,-49.6592,125.8833,10,5.5,mww,77,40,16.252,0.91,us,us6000mipe,2024-05-18T21:22:44.040Z,"western Indian-Antarctic Ridge",earthquake,9.73,1.755,0.068,21,reviewed,us,us
2024-03-13T19:06:06.206Z,-0.1274,125.2292,42.886,5,mb,101,44,2.316,1.11,us,us6000minz,2024-05-18T21:22:43.040Z,"109 km SE of Modisi, Indonesia",earthquake,8.1,5.066,0.054,112,reviewed,us,us
2024-03-13T18:56:14.833Z,-0.1457,125.2455,39,5.7,mww,150,28,2.309,0.97,us,us6000minw,2024-05-18T21:22:43.040Z,"111 km SE of Modisi, Indonesia",earthquake,6.95,1.838,0.065,23,reviewed,us,us
2024-03-13T16:39:21.786Z,-6.5577,129.8569,169.876,5,mb,101,32,2.022,0.71,us,us6000mimk,2024-05-18T21:22:42.040Z,"Banda Sea",earthquake,7.92,6.242,0.059,91,reviewed,us,us
2024-03-13T15:13:22.779Z,-5.831,150.6843,44,6,mww,142,29,4.981,0.96,us,us6000milg,2024-05-18T21:22:41.040Z,"68 km ESE of Kimbe, Papua New Guinea",earthquake,8.19,1.917,0.041,56,reviewed,us,us
2024-03-13T09:30:04.955Z,-18.5627,-69.3029,108.901,5.3,mww,130,76,1.004,0.77,us,us6000mijr,2024-05-18T21:22:38.040Z,"84 km N of Camiña, Chile",earthquake,6.76,5.307,0.06,27,reviewed,us,us
2024-03-12T10:41:03.502Z,-8.0757,68.3169,10,5,mww,78,56,4.141,0.65,us,us7000m4ub,2024-05-18T21:24:41.040Z,"Chagos Archipelago region",earthquake,8.89,1.841,0.086,13,reviewed,us,us
2024-03-12T03:42:32.387Z,-33.8366,-72.5373,13.89,5.1,mww,71,60,0.79,0.74,us,us7000m4sw,2024-05-18T21:24:37.040Z,"90 km WSW of San Antonio, Chile",earthquake,4.5,1.646,0.071,19,reviewed,us,us
2024-03-12T03:10:29.000Z,-15.1365,-172.9716,10,5,mb,60,104,1.678,0.54,us,us7000m4ss,2024-05-18T21:24:36.040Z,"126 km NE of Hihifo, Tonga",earthquake,8.9,1.843,0.075,56,reviewed,us,us
2024-03-11T03:47:16.887Z,10.6428,-86.4369,16.18,5,mww,66,84,1.114,0.51,us,us7000m4m2,2024-05-18T21:24:26.040Z,"75 km WNW of Tamarindo, Costa Rica",earthquake,5.51,3.803,0.066,22,reviewed,us,us
2024-03-10T20:33:55.388Z,-52.2729,139.9642,10,5,mww,37,79,10.596,0.82,us,us7000m4kv,2024-05-15T17:35:00.040Z,"west of Macquarie Island",earthquake,11.06,1.867,0.089,12,reviewed,us,us
2024-03-10T12:35:08.680Z,-6.3183,151.6202,50.855,5,mb,88,31,5.378,0.64,us,us7000m4ja,2024-05-15T17:35:00.040Z,"184 km ESE of Kimbe, Papua New Guinea",earthquake,9.08,4.3,0.044,168,reviewed,us,us
2024-03-10T07:41:05.710Z,-18.8498,-172.7477,10,5,mb,116,84,2.679,0.86,us,us7000m4id,2024-05-15T17:35:01.040Z,"132 km E of Neiafu, Tonga",earthquake,9.23,1.836,0.056,101,reviewed,us,us
2024-03-10T03:05:02.993Z,-7.2929,129.1918,88.58,5,mb,72,39,2.842,0.62,us,us7000m4hd,2024-05-15T17:35:01.040Z,"277 km ENE of Lospalos, Timor Leste",earthquake,8.8,5.299,0.056,103,reviewed,us,us
2024-03-09T12:01:09.046Z,-17.99,-178.4182,592.972,5.4,mww,185,33,3.37,0.76,us,us7000m4e2,2024-05-15T17:35:01.040Z,"239 km E of Levuka, Fiji",earthquake,9.63,5.746,0.117,7,reviewed,us,us
2024-03-08T17:21:55.604Z,-22.1275,-179.5708,596.425,5.3,mww,248,22,4.899,0.79,us,us7000m486,2024-05-15T17:35:02.040Z,"south of the Fiji Islands",earthquake,9.73,4.916,0.11,8,reviewed,us,us
2024-03-08T09:11:45.110Z,5.8168,126.9407,115,6,mww,182,52,1.838,0.59,us,us7000m439,2024-05-15T17:35:02.040Z,"103 km SE of Pondaguitan, Philippines",earthquake,8.01,1.894,0.033,88,reviewed,us,us
2024-03-08T03:52:52.642Z,-1.6235,126.561,10,5,mb,88,48,2.512,0.7,us,us7000m42h,2024-05-15T17:35:03.040Z,"80 km NE of Sanana, Indonesia",earthquake,7.26,1.8,0.055,105,reviewed,us,us
2024-03-07T10:09:15.384Z,33.3794,92.8542,10,5,mb,77,31,3.95,0.64,us,us7000m3ut,2024-05-15T17:35:03.040Z,"223 km NNE of Nagqu, China",earthquake,8.06,1.804,0.068,70,reviewed,us,us
2024-03-07T10:06:30.797Z,33.5389,92.9927,10,5.6,mww,179,26,4.142,0.57,us,us7000m3ur,2024-05-15T17:35:03.040Z,"244 km NNE of Nagqu, China",earthquake,7.24,1.832,0.089,12,reviewed,us,us
2024-03-07T08:20:10.597Z,9.7718,-86.3228,9,5.6,mww,265,143,1.445,0.61,us,us7000m3ud,2024-10-12T18:01:27.679Z,"78 km SW of Tamarindo, Costa Rica",earthquake,6.3,1.882,0.029,113,reviewed,us,us
2024-03-06T23:56:55.792Z,-4.8258,134.1471,10,5.2,mb,106,43,2.678,0.56,us,us7000m3t3,2024-05-15T17:35:04.040Z,"178 km ENE of Tual, Indonesia",earthquake,7.61,1.811,0.059,95,reviewed,us,us
2024-03-06T21:39:28.512Z,7.8963,127.1014,13.012,5,mb,158,86,1.718,0.71,us,us7000m3sh,2024-05-15T17:35:04.040Z,"64 km ENE of Kinablangan, Philippines",earthquake,7.21,3.505,0.05,126,reviewed,us,us
2024-03-06T20:19:43.489Z,7.9178,126.9181,42.632,5,mww,113,64,1.572,0.98,us,us7000m3rt,2024-05-15T17:35:04.040Z,"47 km ENE of Kinablangan, Philippines",earthquake,4.99,4.845,0.089,12,reviewed,us,us
2024-03-06T19:27:02.733Z,-10.8089,165.5313,46.294,5,mb,79,97,5.664,0.65,us,us7000m3re,2024-05-15T17:35:04.040Z,"30 km WSW of Lata, Solomon Islands",earthquake,9.62,5.7,0.047,143,reviewed,us,us
2024-03-06T17:17:26.991Z,-14.8958,-173.1921,10,5.1,mb,123,38,1.682,0.69,us,us7000m3qr,2024-05-15T17:35:04.040Z,"133 km NNE of Hihifo, Tonga",earthquake,7.87,1.726,0.034,276,reviewed,us,us
2024-03-06T15:27:48.223Z,-17.2455,-172.4015,10,5,mb,42,67,2.975,0.96,us,us6000migh,2024-05-15T17:35:04.040Z,"206 km SE of Hihifo, Tonga",earthquake,7.75,1.872,0.109,27,reviewed,us,us
2024-03-05T21:10:05.518Z,-23.6534,179.1709,542.094,5.1,mb,128,56,5.762,0.99,us,us7000m3kb,2024-05-15T17:35:05.040Z,"south of the Fiji Islands",earthquake,10.98,6.158,0.056,104,reviewed,us,us
2024-03-05T19:52:52.612Z,-59.1953,158.7607,10,6.1,mww,77,41,4.71,1.18,us,us6000mgyj,2024-05-15T17:35:05.040Z,"Macquarie Island region",earthquake,11.98,1.775,0.05,38,reviewed,us,us
2024-03-05T13:59:21.001Z,-55.5655,-124.2267,10,5.1,mww,18,81,34.614,1.09,us,us7000m47e,2024-05-15T17:35:05.040Z,"southern East Pacific Rise",earthquake,12.11,1.758,0.139,5,reviewed,us,us
2024-03-05T10:04:57.187Z,-20.16,-173.9483,30.433,5.3,mww,90,31,1.546,0.59,us,us6000mguh,2024-05-15T17:35:06.040Z,"57 km SE of Pangai, Tonga",earthquake,9.81,4.43,0.06,27,reviewed,us,us
2024-03-05T04:20:14.814Z,27.0556,59.3526,38.577,5.1,mww,102,66,3.527,0.43,us,us6000mgt8,2024-05-15T17:35:06.040Z,"60 km NNW of Fannūj, Iran",earthquake,8.31,4.781,0.093,11,reviewed,us,us
2024-03-05T02:07:32.232Z,33.4841,93.0234,10,5.4,mww,114,26,8.749,0.46,us,us6000mgsv,2024-05-15T17:35:06.040Z,"240 km NNE of Nagqu, China",earthquake,7.64,1.801,0.075,17,reviewed,us,us
2024-03-04T13:01:16.372Z,-17.821,-172.3887,10,5,mb,44,84,2.649,0.66,us,us7000m465,2024-05-15T17:35:07.040Z,"192 km ENE of Neiafu, Tonga",earthquake,10.69,1.611,0.086,43,reviewed,us,us
2024-03-04T02:48:21.113Z,-5.8279,102.179,10,5.2,mwb,79,102,1.65,0.81,us,us6000mgkc,2024-05-15T17:35:07.040Z,"224 km S of Bengkulu, Indonesia",earthquake,7.33,1.802,0.055,32,reviewed,us,us
2024-03-03T18:08:32.755Z,-28.7289,61.6042,10,5,mb,76,78,9.077,0.67,us,us6000mghy,2024-05-10T21:25:59.040Z,"Southwest Indian Ridge",earthquake,9.75,1.869,0.061,86,reviewed,us,us
2024-03-03T16:16:53.995Z,-58.8881,159.1441,23.187,6.8,mww,49,58,4.403,0.57,us,us6000mghc,2024-05-10T21:25:58.040Z,"Macquarie Island region",earthquake,10.52,3.009,0.037,72,reviewed,us,us
2024-03-03T15:56:32.656Z,-29.5411,-112.0415,10,5,mb,31,86,3.302,0.76,us,us6000mgha,2024-05-10T21:25:58.040Z,"Easter Island region",earthquake,4.49,1.858,0.081,49,reviewed,us,us
2024-03-03T15:07:43.246Z,-5.0063,103.0276,63.387,5.1,mb,63,91,0.645,0.54,us,us6000mgh3,2024-05-10T21:25:58.040Z,"111 km SSW of Pagar Alam, Indonesia",earthquake,8.15,5.338,0.055,108,reviewed,us,us
2024-03-03T02:01:06.220Z,-32.4116,-178.0679,10,5,mb,29,118,3.142,0.63,us,us6000mgdt,2024-05-10T21:25:58.040Z,"south of the Kermadec Islands",earthquake,5.18,1.888,0.146,17,reviewed,us,us
2024-03-02T23:14:46.152Z,-32.299,-178.1275,10,5.2,mww,43,90,3.032,1.18,us,us6000mgdc,2024-05-10T21:25:58.040Z,"south of the Kermadec Islands",earthquake,9.79,1.843,0.073,18,reviewed,us,us
2024-03-02T12:38:29.921Z,-55.7171,-25.5983,10,5,mb,32,82,6.429,0.61,us,us6000mgb3,2024-05-10T21:25:58.040Z,"South Sandwich Islands region",earthquake,7.5,1.926,0.101,32,reviewed,us,us
2024-03-02T00:26:40.579Z,-20.5625,-178.3442,546.098,5.8,mww,129,32,2.998,0.53,us,us6000mg8a,2024-05-10T21:25:57.040Z,"Fiji region",earthquake,9.82,3.248,0.066,22,reviewed,us,us
2024-03-01T17:29:44.950Z,11.5105,57.6508,8.034,5.9,mww,255,18,13.433,0.93,us,us6000mg58,2024-05-10T21:25:57.040Z,"Owen Fracture Zone region",earthquake,8.31,2.95,0.059,28,reviewed,us,us
2024-03-01T09:29:02.868Z,8.8616,126.74,42.374,5.4,mww,194,42,2.119,0.62,us,us6000mg1k,2024-05-10T21:25:56.040Z,"47 km E of Aras-asan, Philippines",earthquake,8.42,5.274,0.083,14,reviewed,us,us
2024-03-01T07:06:36.257Z,-4.7608,139.56,10,5.2,mb,76,76,2.506,0.62,us,us6000mg0v,2024-05-10T21:25:56.040Z,"180 km ENE of Agats, Indonesia",earthquake,8.51,1.862,0.069,69,reviewed,us,us
2024-02-29T20:43:16.110Z,35.371,140.632,23.083,5.1,mww,105,114,2.287,0.62,us,us6000mfxd,2025-09-20T18:31:47.054Z,"22 km E of Ichinomiya, Japan",earthquake,6.52,4.238,0.066,22,reviewed,us,us
2024-02-29T12:16:07.429Z,-9.2616,158.8249,10,5,mb,73,30,1.122,0.93,us,us6000mfta,2024-05-10T21:25:56.040Z,"109 km WNW of Malango, Solomon Islands",earthquake,6.43,1.221,0.063,81,reviewed,us,us
2024-02-29T10:28:55.288Z,41.3681,-127.1671,10,5.2,mww,141,78,2.307,0.82,us,us6000mft0,2026-02-13T17:00:39.424Z,"251 km W of Crescent City, California",earthquake,7.63,1.818,0.052,35,reviewed,us,us
2024-02-29T09:22:19.798Z,51.0421,-177.3209,26.936,5,mww,200,75,0.722,0.83,us,us6000mfsl,2024-12-12T09:32:33.780Z,"104 km SSW of Adak, Alaska",earthquake,5.04,3.867,0.069,20,reviewed,us,us
2024-02-29T06:24:31.391Z,85.3528,91.2168,10,5.2,mww,193,58,11.255,0.44,us,us6000mfs3,2024-05-10T21:25:55.040Z,"north of Severnaya Zemlya",earthquake,8.72,1.87,0.052,36,reviewed,us,us
2024-02-29T00:23:58.202Z,8.8593,126.7364,18,5.4,mww,193,64,2.115,0.65,us,us6000mfqj,2024-05-10T21:25:55.040Z,"46 km E of Aras-asan, Philippines",earthquake,8.62,1.738,0.065,23,reviewed,us,us
2024-02-29T00:10:12.174Z,8.8465,126.8221,14.569,5.1,mww,191,42,2.152,0.94,us,us6000mfqh,2024-05-10T21:25:55.040Z,"56 km E of Aras-asan, Philippines",earthquake,8.13,3.153,0.098,10,reviewed,us,us
2024-02-28T15:50:21.854Z,52.0016,179.5832,119.968,5.5,mww,144,27,0.005,0.83,us,us6000mflq,2026-02-13T17:02:39.335Z,"260 km W of Adak, Alaska",earthquake,6.27,4.114,0.043,51,reviewed,us,us
2024-02-28T05:56:11.907Z,-59.1208,158.9796,10,5.4,mww,85,42,4.635,0.91,us,us6000mfkb,2024-05-10T21:25:55.040Z,"Macquarie Island region",earthquake,9.95,1.722,0.071,19,reviewed,us,us
2024-02-27T11:29:31.749Z,-10.8045,161.8602,33.245,5.2,mb,79,83,2.321,0.61,us,us7000m1tz,2024-05-10T21:26:01.040Z,"39 km S of Kirakira, Solomon Islands",earthquake,8.57,4.368,0.062,85,reviewed,us,us
2024-02-26T21:35:38.435Z,12.9067,-87.2746,184.618,5,mb,171,59,0.324,0.78,us,us7000m1qy,2024-05-10T21:26:01.040Z,"12 km WNW of Puerto Morazán, Nicaragua",earthquake,7.13,4.554,0.05,128,reviewed,us,us
2024-02-26T17:15:32.804Z,11.5019,57.6533,10,5,mww,83,69,13.441,0.6,us,us7000m1ng,2024-05-10T21:26:00.040Z,"Owen Fracture Zone region",earthquake,9.81,1.868,0.093,11,reviewed,us,us
2024-02-25T15:04:57.491Z,-7.3755,105.9647,45.156,5.2,mb,70,40,1.674,0.77,us,us7000m1i9,2024-05-02T15:50:14.040Z,"77 km WSW of Pelabuhanratu, Indonesia",earthquake,8.01,5.217,0.058,99,reviewed,us,us
2024-02-25T13:07:04.300Z,-7.3405,105.9282,34,5.6,mww,133,54,1.712,0.72,us,us7000m1h8,2024-05-02T15:50:14.040Z,"79 km WSW of Pelabuhanratu, Indonesia",earthquake,7.95,1.798,0.056,31,reviewed,us,us
2024-02-25T04:15:00.431Z,41.2117,78.4315,10,5.4,mww,133,30,0.592,0.7,us,us7000m1fq,2024-05-02T15:50:14.040Z,"130 km SSE of Kyzyl-Suu, Kyrgyzstan",earthquake,6.04,1.782,0.059,28,reviewed,us,us
2024-02-24T23:29:42.139Z,-6.2385,143.1464,10,5,mb,105,49,4.429,0.65,us,us7000m1et,2024-05-02T15:50:14.040Z,"48 km SSE of Tari, Papua New Guinea",earthquake,4.36,1.848,0.062,83,reviewed,us,us
2024-02-24T21:57:41.904Z,12.5384,-87.2505,82.022,5.3,mww,85,62,0.274,0.61,us,us7000m1ea,2024-05-02T15:50:14.040Z,"9 km W of El Realejo, Nicaragua",earthquake,7.14,3.789,0.043,52,reviewed,us,us
2024-02-24T21:47:43.243Z,-14.947,167.0715,55.066,5,mb,68,75,6.172,0.52,us,us7000m1e8,2024-05-02T15:50:14.040Z,"10 km N of Port-Olry, Vanuatu",earthquake,4.39,6.17,0.053,112,reviewed,us,us
2024-02-24T10:17:39.491Z,39.5694,143.5279,10,5,mww,84,120,2.246,0.79,us,us7000m1b6,2024-05-02T15:50:14.040Z,"136 km E of Yamada, Japan",earthquake,4.79,1.846,0.069,20,reviewed,us,us
2024-02-24T07:34:33.177Z,27.6842,56.1356,16.972,5,mb,115,53,2.728,0.49,us,us7000m1al,2024-05-02T15:50:14.040Z,"56 km NNW of Bandar Abbas, Iran",earthquake,4.58,3.935,0.052,117,reviewed,us,us
2024-02-24T00:51:21.349Z,3.9671,128.6605,10,5.2,mb,80,71,3.427,0.5,us,us7000m199,2024-05-02T15:50:13.040Z,"257 km NNE of Tobelo, Indonesia",earthquake,7.24,1.729,0.046,159,reviewed,us,us
2024-02-23T23:10:43.909Z,32.1658,137.4984,404.065,5.3,mww,195,23,2.171,0.69,us,us7000m18g,2024-05-02T15:50:13.040Z,"216 km SE of Kushimoto, Japan",earthquake,6.19,4.103,0.083,14,reviewed,us,us
2024-02-23T22:58:56.073Z,41.0638,78.5847,10,5,mww,132,36,0.496,0.49,us,us7000m18e,2024-05-02T15:50:13.040Z,"131 km W of Aykol, China",earthquake,5,1.648,0.089,12,reviewed,us,us
2024-02-23T07:46:26.679Z,-0.6873,98.4764,19.996,5.3,mww,119,60,2.173,0.78,us,us7000m114,2024-05-02T15:50:13.040Z,"158 km SSE of Teluk Dalam, Indonesia",earthquake,7.97,4.149,0.093,11,reviewed,us,us
2024-02-23T07:32:34.410Z,-19.2914,-174.7496,114.676,5.3,mww,127,66,1.917,0.67,us,us7000m10z,2024-05-02T15:50:13.040Z,"67 km NW of Fangale’ounga, Tonga",earthquake,10.96,5.443,0.073,18,reviewed,us,us
2024-02-23T01:51:13.973Z,-35.0892,-110.7745,10,6.3,mww,98,38,7.986,0.86,us,us7000m0zq,2024-05-02T15:50:12.040Z,"southern East Pacific Rise",earthquake,9.49,1.767,0.057,30,reviewed,us,us
2024-02-22T19:25:42.694Z,47.4681,153.8822,44.275,5.1,mb,98,123,6.152,0.75,us,us7000m0we,2024-05-02T15:50:12.040Z,"Kuril Islands",earthquake,9.31,3.588,0.027,431,reviewed,us,us
2024-02-22T04:16:20.266Z,-4.7435,151.6569,165.742,5.2,mww,131,53,0.746,0.83,us,us7000m0pv,2024-05-02T15:50:12.040Z,"81 km WSW of Kokopo, Papua New Guinea",earthquake,9.67,4.292,0.062,25,reviewed,us,us
2024-02-21T23:55:21.520Z,-25.4547,-176.2707,10,5.1,mb,64,123,4.053,0.8,us,us7000m0p8,2024-05-02T15:50:12.040Z,"south of the Fiji Islands",earthquake,10.7,1.799,0.089,41,reviewed,us,us
2024-02-21T22:46:57.363Z,-6.2111,113.9306,606.447,5.1,mb,250,16,2.255,0.58,us,us7000m0n3,2024-05-02T15:50:12.040Z,"88 km N of Sumenep, Indonesia",earthquake,8.35,4.417,0.043,177,reviewed,us,us
2024-02-21T19:03:36.356Z,-59.6443,-29.7688,10,5,mww,51,83,6.507,0.68,us,us7000m0m3,2024-05-02T15:50:12.040Z,"South Sandwich Islands region",earthquake,10.19,1.787,0.103,9,reviewed,us,us
2024-02-21T14:07:35.712Z,-20.8809,-176.8685,290.557,5.4,mww,183,37,1.582,0.55,us,us7000m0jz,2024-05-02T15:50:12.040Z,"165 km WNW of Houma, Tonga",earthquake,10.5,5.1,0.078,16,reviewed,us,us
2024-02-21T12:11:31.245Z,-0.8908,146.0892,10,5.5,mww,104,51,5.62,0.46,us,us7000m0jb,2024-05-02T15:50:12.040Z,"182 km NW of Lorengau, Papua New Guinea",earthquake,8.72,1.85,0.066,22,reviewed,us,us
2024-02-21T04:31:44.982Z,-22.5595,-178.4314,364.714,5.1,mb,92,67,3.302,0.69,us,us7000m0hp,2024-05-02T15:50:12.040Z,"south of the Fiji Islands",earthquake,11.78,5.02,0.027,461,reviewed,us,us
2024-02-20T14:57:30.744Z,23.7516,123.2782,21.152,5,mww,181,70,0.753,0.69,us,us7000m0cb,2024-05-02T15:50:12.040Z,"84 km SSE of Yonakuni, Japan",earthquake,4.77,3.787,0.061,26,reviewed,us,us
2024-02-20T10:58:10.471Z,42.8637,94.2192,10,5.1,mb,110,64,8.049,0.38,us,us7000m0bs,2024-05-02T15:50:12.040Z,"58 km E of Hami, China",earthquake,7.62,1.792,0.047,148,reviewed,us,us
2024-02-19T23:26:19.685Z,-0.1997,-88.5336,10,5,mww,203,57,1.882,0.72,us,us7000m096,2024-05-02T15:50:11.040Z,"142 km ENE of Puerto Baquerizo Moreno, Ecuador",earthquake,6.88,1.7,0.056,31,reviewed,us,us
2024-02-19T18:01:50.296Z,-57.1294,-25.2958,20.92,5.1,mww,69,44,6.937,0.81,us,us7000m083,2024-05-02T15:50:11.040Z,"South Sandwich Islands region",earthquake,9.73,4.667,0.098,10,reviewed,us,us
2024-02-19T16:23:23.470Z,-9.3562,-78.7144,76.295,5,mb,130,96,2.229,0.72,us,us7000m06g,2024-05-02T15:50:11.040Z,"33 km SSW of Chimbote, Peru",earthquake,9.03,5.333,0.032,318,reviewed,us,us
2024-02-19T15:08:54.864Z,-7.2116,129.2819,144.671,5,mww,85,33,2.742,0.71,us,us7000m063,2024-05-02T15:50:11.040Z,"290 km ENE of Lospalos, Timor Leste",earthquake,8.3,1.443,0.089,12,reviewed,us,us
2024-02-19T08:51:15.592Z,-6.4714,-76.1941,104.647,5.1,mww,201,62,2.282,0.47,us,us7000m053,2024-05-02T15:50:11.040Z,"12 km NNW of Chazuta, Peru",earthquake,6.7,3.824,0.065,23,reviewed,us,us
2024-02-19T08:47:40.771Z,-4.7908,153.2468,61.258,5,mb,110,43,1.233,0.39,us,us7000m051,2024-05-02T15:50:11.040Z,"119 km ESE of Kokopo, Papua New Guinea",earthquake,8.41,6.222,0.046,151,reviewed,us,us
2024-02-18T08:57:52.613Z,-56.299,-142.1852,10,5.1,mb,29,141,25.148,0.62,us,us7000m04j,2024-04-24T14:42:05.040Z,"Pacific-Antarctic Ridge",earthquake,14.17,1.857,0.11,27,reviewed,us,us
2024-02-18T07:29:20.068Z,-16.0835,-174.6161,222.062,5.6,mww,130,44,3.816,0.77,us,us7000lzz2,2024-04-24T14:42:05.040Z,"88 km W of Hihifo, Tonga",earthquake,7.25,3.702,0.062,25,reviewed,us,us
2024-02-18T06:06:54.422Z,-15.3176,-175.3142,10,5.5,mww,105,53,2.894,0.63,us,us7000lzyu,2024-04-24T14:42:05.040Z,"177 km WNW of Hihifo, Tonga",earthquake,6.96,1.429,0.098,10,reviewed,us,us
2024-02-18T04:32:22.519Z,-20.7662,-173.6078,10,5.1,mb,26,85,1.545,1.25,us,us7000lzyl,2024-04-24T14:42:05.040Z,"131 km SE of Pangai, Tonga",earthquake,8.07,1.813,0.131,19,reviewed,us,us
2024-02-16T20:47:29.448Z,-17.9616,168.5481,153.049,5.2,mww,235,35,4.542,0.67,us,us7000lzqy,2024-04-24T14:42:04.040Z,"35 km SE of Port-Vila, Vanuatu",earthquake,7.36,3.128,0.053,34,reviewed,us,us
2024-02-15T23:59:35.778Z,-29.166,-71.8496,9.519,5,mww,50,114,0.92,0.63,us,us7000lzib,2024-04-24T14:42:03.040Z,"100 km NNW of Coquimbo, Chile",earthquake,4.74,3.359,0.073,18,reviewed,us,us
2024-02-15T20:53:36.996Z,-11.4869,-77.3579,67.251,5.2,mww,91,136,0.709,0.54,us,us7000lzhj,2024-04-24T14:42:03.040Z,"13 km NW of Chancay, Peru",earthquake,9.6,5.46,0.098,10,reviewed,us,us
2024-02-15T07:12:23.985Z,-45.9253,95.7696,10,5,mb,44,45,17.532,0.68,us,us7000lzck,2024-04-24T14:42:03.040Z,"southeast Indian Ridge",earthquake,10.17,1.819,0.087,42,reviewed,us,us
2024-02-15T06:38:55.302Z,26.1836,-110.6858,10,5.1,mww,95,138,1.793,0.87,us,us7000lzcc,2024-04-24T14:42:03.040Z,"68 km ENE of Loreto, Mexico",earthquake,7.29,1.929,0.043,51,reviewed,us,us
2024-02-15T01:20:17.498Z,-17.955,-172.397,10,5.1,mww,35,66,2.595,1.27,us,us7000lzam,2024-04-24T14:42:02.040Z,"184 km ENE of Neiafu, Tonga",earthquake,3.75,1.854,0.103,9,reviewed,us,us
2024-02-15T00:10:25.667Z,55.3292,164.4456,10,5.1,mww,149,69,4.115,0.5,us,us7000lza4,2024-04-24T14:42:02.040Z,"158 km SE of Ust’-Kamchatsk Staryy, Russia",earthquake,8.89,1.348,0.071,19,reviewed,us,us
2024-02-14T23:26:55.142Z,-54.9436,-129.8474,10,5.2,mww,58,43,33.688,0.52,us,us7000lz9s,2024-04-24T14:42:02.040Z,"Pacific-Antarctic Ridge",earthquake,13.34,1.768,0.098,10,reviewed,us,us
2024-02-14T18:58:34.115Z,-16.6583,172.8779,8,5.6,mww,166,27,5.063,0.63,us,us7000lz8a,2024-04-24T14:42:02.040Z,"Vanuatu region",earthquake,8.28,1.728,0.04,60,reviewed,us,us
2024-02-14T11:40:22.125Z,11.0047,138.5725,14,6,mww,143,56,6.667,0.68,us,us7000lz5f,2024-04-24T14:42:02.040Z,"171 km NNE of Colonia, Micronesia",earthquake,9.99,1.869,0.04,59,reviewed,us,us
2024-02-14T06:53:58.474Z,31.8124,138.0778,372.322,5.2,mww,125,40,1.943,0.7,us,us7000lz3s,2024-04-24T14:42:02.040Z,"283 km SE of Kushimoto, Japan",earthquake,6.53,4.317,0.089,12,reviewed,us,us
2024-02-14T04:42:28.005Z,-58.3009,-24.8638,12.946,5.2,mww,93,52,7.615,0.62,us,us7000lz2w,2024-04-24T14:42:02.040Z,"South Sandwich Islands region",earthquake,10.93,3.148,0.139,5,reviewed,us,us
2024-02-14T04:30:56.615Z,-58.2846,-25.0267,23,5.7,mww,111,33,7.531,0.71,us,us7000lz2v,2024-04-24T14:42:02.040Z,"South Sandwich Islands region",earthquake,9.03,1.74,0.068,21,reviewed,us,us
2024-02-14T01:31:41.819Z,-28.8913,-71.4208,28,5.8,mww,141,72,0.642,0.56,us,us7000lz23,2024-04-24T14:42:02.040Z,"73 km WSW of Vallenar, Chile",earthquake,3.92,1.769,0.046,46,reviewed,us,us
2024-02-13T19:13:14.443Z,-4.7817,152.6539,62.664,5.1,mb,109,71,0.764,0.78,us,us7000lyzm,2024-04-24T14:42:02.040Z,"64 km SE of Kokopo, Papua New Guinea",earthquake,7.67,3.026,0.043,176,reviewed,us,us
2024-02-13T14:30:02.278Z,-7.2056,-12.5968,13.152,5,mb,95,40,1.891,0.69,us,us7000lywv,2024-04-24T14:42:01.040Z,"215 km ENE of Georgetown, Saint Helena",earthquake,8.46,3.928,0.063,84,reviewed,us,us
2024-02-12T11:19:34.858Z,22.0086,142.7919,236,6.1,mww,168,23,5.095,0.89,us,us7000lym6,2026-01-27T16:58:43.673Z,"Volcano Islands, Japan region",earthquake,5.68,1.86,0.034,81,reviewed,us,us
2024-02-12T06:10:46.512Z,-19.3412,169.1387,120.486,5,mww,132,104,3.619,0.54,us,us7000lyjy,2024-04-24T14:42:00.040Z,"26 km NW of Isangel, Vanuatu",earthquake,9.23,5.566,0.078,16,reviewed,us,us
2024-02-12T04:11:09.428Z,5.4755,-32.8611,10,5.4,mww,87,19,11.63,0.61,us,us7000lyjh,2024-04-24T14:42:00.040Z,"central Mid-Atlantic Ridge",earthquake,10.29,1.771,0.071,19,reviewed,us,us
2024-02-12T03:43:09.946Z,5.6079,-32.8755,10,5.2,mww,68,24,11.754,0.67,us,us7000lyjc,2024-04-24T14:42:00.040Z,"central Mid-Atlantic Ridge",earthquake,10.6,1.785,0.061,26,reviewed,us,us
2024-02-12T02:03:06.309Z,9.7195,126.7002,35,5.3,mww,93,103,2.857,0.7,us,us7000lyiz,2024-04-24T14:42:00.040Z,"64 km E of Union, Philippines",earthquake,3.6,1.813,0.075,17,reviewed,us,us
2024-02-11T21:14:43.394Z,-28.2449,-71.2847,33.936,5.4,mww,307,56,0.19,0.73,us,us7000lyi6,2024-04-20T19:35:45.040Z,"63 km NW of Vallenar, Chile",earthquake,5.32,3.022,0.052,36,reviewed,us,us
2024-02-10T05:21:35.429Z,8.6931,125.6903,50.159,5.4,mb,189,72,1.617,0.61,us,us7000ly7s,2024-04-20T19:35:01.040Z,"1 km NNW of Salvacion, Philippines",earthquake,9.08,3.318,0.044,177,reviewed,us,us
2024-02-10T03:22:06.930Z,8.6822,125.568,32,5.8,mww,103,43,1.602,0.83,us,us7000ly6w,2024-09-04T09:53:25.115Z,"8 km W of Esperanza, Philippines",earthquake,8.66,1.825,0.043,52,reviewed,us,us
2024-02-09T22:17:04.649Z,-18.0931,-73.4949,19.533,5,mb,83,125,3.009,0.65,us,us7000ly4u,2024-04-20T19:34:54.040Z,"182 km SSW of Camaná, Peru",earthquake,8.1,4.221,0.031,325,reviewed,us,us
2024-02-09T20:06:31.660Z,19.186833333333,-155.49316666667,36.97,5.88,ml,62,73,0.04288,0.11,hv,hv74103036,2026-08-15T22:49:42.744Z,"2 km SW of Pāhala, Hawaii",earthquake,0.38,0.51,0.31216609430118,40,reviewed,hv,hv
2024-02-09T10:57:48.482Z,-29.9268,-177.2323,13,6.1,mww,210,26,0.893,0.74,us,us7000lxyv,2024-04-20T19:34:37.040Z,"Kermadec Islands, New Zealand",earthquake,6.62,1.373,0.041,56,reviewed,us,us
2024-02-08T22:35:59.158Z,26.0178,-110.773,5.867,5,mww,74,147,1.846,0.98,us,us7000lxvl,2024-04-20T19:34:22.040Z,"57 km E of Loreto, Mexico",earthquake,6.51,4.043,0.061,26,reviewed,us,us
2024-02-08T21:29:14.887Z,1.6386,-30.5947,10,5,mb,54,47,9.115,0.56,us,us7000lxv1,2024-04-20T19:34:20.040Z,"central Mid-Atlantic Ridge",earthquake,7.52,1.849,0.052,117,reviewed,us,us
2024-02-08T20:01:44.491Z,26.1803,-110.7543,10,5.1,mww,97,141,1.748,0.72,us,us7000lxuk,2024-04-20T19:34:18.040Z,"62 km ENE of Loreto, Mexico",earthquake,5.95,1.854,0.042,55,reviewed,us,us
2024-02-07T19:33:36.620Z,-3.3229,130.8029,10,5.2,mww,111,35,1.491,0.6,us,us7000lxlh,2024-04-20T19:33:55.040Z,"171 km WSW of Fakfak, Indonesia",earthquake,3.2,1.718,0.073,18,reviewed,us,us
2024-02-07T04:05:03.974Z,18.505,120.9687,44,5.4,mww,129,65,5.256,0.66,us,us7000lxgr,2024-04-20T19:33:41.040Z,"16 km SW of Claveria, Philippines",earthquake,9.2,1.221,0.051,37,reviewed,us,us
2024-02-07T02:57:04.102Z,8.7759,126.7802,80.855,5,mb,85,38,2.071,0.8,us,us7000lxgd,2024-04-20T19:33:39.040Z,"53 km ESE of Aras-asan, Philippines",earthquake,6.31,5.125,0.048,140,reviewed,us,us
2024-02-07T02:44:57.369Z,8.8778,126.7356,65.508,5,mb,88,114,2.13,0.65,us,us7000lxgc,2024-04-20T19:33:38.040Z,"46 km E of Aras-asan, Philippines",earthquake,9.13,5.639,0.05,131,reviewed,us,us
2024-02-07T02:42:02.148Z,-10.6085,165.983,206.692,5,mb,103,22,6.057,0.85,us,us7000lxga,2024-04-20T19:33:38.040Z,"24 km ENE of Lata, Solomon Islands",earthquake,8.75,4.334,0.029,388,reviewed,us,us
2024-02-07T02:04:53.438Z,13.1591,-89.5919,65.871,5,mb,82,152,0.511,0.64,us,us7000lxg3,2024-04-20T19:33:37.040Z,"46 km SW of La Libertad, El Salvador",earthquake,6.93,4.801,0.023,618,reviewed,us,us
2024-02-06T14:37:56.409Z,8.9318,126.2817,52.252,5.1,mww,212,53,1.977,0.68,us,us7000lxbl,2024-04-20T19:33:28.040Z,"0 km W of Bacolod, Philippines",earthquake,8.18,4.358,0.068,21,reviewed,us,us
2024-02-06T13:53:19.290Z,13.1349,-89.5713,66.084,5.1,mww,308,47,0.53,0.9,us,us7000lxb4,2024-04-20T19:33:27.040Z,"47 km SW of La Libertad, El Salvador",earthquake,6.06,3.312,0.056,31,reviewed,us,us
2024-02-06T09:01:20.398Z,-41.1551,-87.777,10,5,mww,51,200,11.158,0.59,us,us7000lxa3,2024-04-20T19:33:22.040Z,"West Chile Rise",earthquake,14.38,1.98,0.073,18,reviewed,us,us
2024-02-05T19:04:08.975Z,22.2033,143.3742,184.339,5.1,mww,109,69,4.989,0.65,us,us7000lx5e,2026-01-21T20:54:46.282Z,"Volcano Islands, Japan region",earthquake,7.94,3.262,0.063,24,reviewed,us,us
2024-02-05T14:39:37.204Z,55.4525,-35.1925,10,5,mww,122,42,7.851,0.62,us,us7000lx34,2024-04-20T19:33:04.040Z,"Reykjanes Ridge",earthquake,8.79,1.789,0.047,44,reviewed,us,us
2024-02-05T13:53:33.584Z,55.4319,-35.2226,10,5.3,mww,116,30,7.856,0.74,us,us7000lx33,2024-04-20T19:33:03.040Z,"Reykjanes Ridge",earthquake,8.79,1.834,0.042,55,reviewed,us,us
2024-02-05T13:53:14.479Z,55.4453,-35.1272,10,5.4,mww,136,38,7.88,0.64,us,us7000lx2q,2024-04-20T19:33:02.040Z,"Reykjanes Ridge",earthquake,8.84,1.792,0.041,57,reviewed,us,us
2024-02-05T08:30:50.309Z,30.7824,131.4467,38.302,5,mb,83,97,1.119,0.45,us,us7000lx1f,2024-04-20T19:32:56.040Z,"43 km E of Nishinoomote, Japan",earthquake,6.71,6.714,0.068,68,reviewed,us,us
2024-02-05T07:29:28.646Z,-22.9445,170.3281,10,5,mb,21,147,2.68,0.43,us,us7000ly0a,2024-04-20T19:32:54.040Z,"292 km E of Vao, New Caledonia",earthquake,9.26,1.92,0.146,16,reviewed,us,us
2024-02-05T07:26:31.613Z,-23.0605,170.2181,10,5.3,mww,92,82,2.595,0.61,us,us7000lx12,2024-04-20T19:32:53.040Z,"282 km E of Vao, New Caledonia",earthquake,8.48,1.861,0.049,40,reviewed,us,us
2024-02-05T00:52:22.869Z,-2.152,100.4749,51.246,5,mww,214,26,3.308,0.59,us,us7000lx01,2024-04-20T19:32:47.040Z,"99 km E of Tuapejat, Indonesia",earthquake,7.19,4.572,0.098,10,reviewed,us,us
2024-02-04T09:50:42.910Z,12.3957,143.5141,39,5.4,mww,154,26,1.775,0.77,us,us7000lwwh,2026-01-19T20:54:46.842Z,"158 km SW of Merizo Village, Guam",earthquake,4.94,1.835,0.069,20,reviewed,us,us
2024-02-04T04:46:18.514Z,-17.9073,-174.3723,83.417,5.1,mb,77,54,3.339,0.65,us,us7000lwv9,2024-04-13T19:37:15.040Z,"92 km NNW of Neiafu, Tonga",earthquake,11.97,5.073,0.033,308,reviewed,us,us
2024-02-03T23:30:53.186Z,-8.0652,-79.9905,35.029,5.2,mww,185,109,4.488,0.65,us,us7000lwu4,2024-04-13T19:37:06.040Z,"83 km W of Santiago de Cao, Peru",earthquake,9.5,5.673,0.078,16,reviewed,us,us
2024-02-03T13:50:37.015Z,-17.8111,-174.3547,84.075,5.1,mb,44,78,3.436,0.67,us,us7000lwqp,2024-04-13T19:36:28.040Z,"100 km NNW of Neiafu, Tonga",earthquake,12.19,6.795,0.058,97,reviewed,us,us
2024-02-03T13:45:37.202Z,-12.5135,167.0612,232.365,5.1,mww,76,46,7.623,0.62,us,us7000lwqn,2024-04-13T19:36:27.040Z,"159 km NNW of Sola, Vanuatu",earthquake,7.15,4.906,0.078,16,reviewed,us,us
2024-02-03T08:25:09.304Z,2.3788,126.9728,35.893,5,mww,107,105,1.644,0.75,us,us7000lwpf,2024-04-13T19:36:12.040Z,"135 km WNW of Tobelo, Indonesia",earthquake,7.44,6.346,0.089,12,reviewed,us,us
2024-02-03T05:24:28.269Z,35.53433333,-96.76383333,3,5.06,mww,64,98,0,0.25,ok,ok2024cish,2026-01-18T20:54:42.778Z,"8 km NW of Prague, Oklahoma",earthquake,,0.7,,30,reviewed,ok,us
2024-02-03T04:40:58.418Z,36.9825,97.0732,10,5,mb,90,36,5.434,0.91,us,us7000lwm5,2024-04-13T19:35:49.040Z,"235 km SSW of Yanglong, China",earthquake,7.69,1.831,0.046,152,reviewed,us,us
2024-02-01T21:35:39.226Z,8.1667,126.9026,62.522,5.1,mb,92,76,1.706,0.67,us,us7000lw1m,2024-04-13T19:33:56.040Z,"51 km E of Barcelona, Philippines",earthquake,3.95,6.145,0.047,148,reviewed,us,us
2024-02-01T18:14:40.757Z,-15.1654,-173.0787,10,5,mb,44,41,1.771,0.74,us,us7000lvzt,2024-04-13T19:33:40.040Z,"116 km NE of Hihifo, Tonga",earthquake,8.23,1.856,0.063,79,reviewed,us,us
2024-02-01T07:45:38.911Z,11.8469,142.7984,10,5,mb,91,71,2.66,0.64,us,us7000lvqi,2026-01-16T20:54:44.890Z,"256 km SW of Merizo Village, Guam",earthquake,10.07,1.886,0.063,82,reviewed,us,us
2024-01-31T10:49:35.461Z,-22.8357,-177.1449,176,5.8,mww,165,32,2.448,0.78,us,us7000lv7d,2024-04-13T19:29:12.040Z,"264 km SW of Houma, Tonga",earthquake,10,1.93,0.068,21,reviewed,us,us
2024-01-30T18:05:27.752Z,1.8874,126.4795,41.461,5,mb,112,54,1.419,0.71,us,us7000lv28,2024-04-13T19:28:26.040Z,"157 km NW of Ternate, Indonesia",earthquake,2.83,5.803,0.049,133,reviewed,us,us
2024-01-30T13:10:13.605Z,-56.001,-27.6187,102.026,5.1,mb,85,64,5.37,0.56,us,us7000luz7,2024-04-13T19:28:02.040Z,"South Sandwich Islands region",earthquake,9.35,3.693,0.084,49,reviewed,us,us
2024-01-29T22:27:41.948Z,41.1985,78.6388,10,5.7,mww,326,24,0.821,0.56,us,us7000luuy,2024-04-13T19:27:07.040Z,"128 km WNW of Aykol, China",earthquake,4.94,1.734,0.056,31,reviewed,us,us
2024-01-29T07:37:21.407Z,8.4722,127.445,10,5.1,mww,113,43,2.315,0.47,us,us7000lunx,2024-04-13T19:26:17.040Z,"116 km ENE of Barcelona, Philippines",earthquake,8.23,1.823,0.078,16,reviewed,us,us
2024-01-28T18:11:23.160Z,23.6212,121.3245,7.2,5.1,mww,89,82,0.229,0.61,us,us7000lul3,2024-03-30T22:34:50.040Z,"48 km SW of Hualien City, Taiwan",earthquake,3.53,3.541,0.071,19,reviewed,us,us
2024-01-28T09:38:56.538Z,-8.236,-71.4005,621.081,6.5,mww,237,40,6.526,0.86,us,us7000lui3,2024-03-30T22:34:43.040Z,"70 km W of Tarauacá, Brazil",earthquake,7.28,2.996,0.062,25,reviewed,us,us
2024-01-27T23:59:29.184Z,35.5331,139.9558,70.051,5.1,mb,172,66,1.737,0.57,us,us7000lufj,2025-09-03T14:48:26.829Z,"11 km W of Ichihara, Japan",earthquake,7.02,4.892,0.047,146,reviewed,us,us
2024-01-27T18:29:49.816Z,4.5353,125.7835,163.893,5,mb,112,56,2.526,0.72,us,us7000ludp,2024-03-30T22:34:31.040Z,"102 km SSE of Sarangani, Philippines",earthquake,7.25,5.04,0.057,105,reviewed,us,us
2024-01-27T16:13:56.297Z,-17.801,-172.8025,10,5.4,mww,127,48,3.01,0.88,us,us7000lud6,2024-04-09T19:18:53.040Z,"156 km NE of Neiafu, Tonga",earthquake,7.44,1.709,0.059,28,reviewed,us,us
2024-01-27T09:33:17.652Z,-11.6263,113.3843,10,5.4,mww,135,49,3.226,0.45,us,us7000lubv,2024-03-30T22:34:26.040Z,"south of Java, Indonesia",earthquake,7.57,1.805,0.069,20,reviewed,us,us
2024-01-27T05:52:48.419Z,14.0636,-90.6159,90,6.1,mww,134,57,0.479,0.84,us,us7000luai,2024-09-15T05:04:21.428Z,"15 km W of Taxisco, Guatemala",earthquake,7.28,1.935,0.033,87,reviewed,us,us
2024-01-27T05:19:19.465Z,37.9756,27.1182,11.291,5.1,mww,148,23,0.68,0.56,us,us7000luac,2024-03-30T22:34:24.040Z,"4 km S of Özdere, Turkey",earthquake,4.14,3.824,0.057,30,reviewed,us,us
2024-01-27T02:15:26.991Z,-5.4377,147.0197,227.678,5.4,mww,96,28,3.944,0.71,us,us7000lu9q,2024-03-30T22:34:23.040Z,"138 km E of Madang, Papua New Guinea",earthquake,8.62,5.09,0.078,16,reviewed,us,us
2024-01-27T01:36:45.009Z,11.7896,142.2431,43.944,5.1,mww,65,51,3.124,0.76,us,us7000lu98,2026-01-11T20:54:45.845Z,"292 km NE of Fais, Micronesia",earthquake,9.42,6.316,0.093,11,reviewed,us,us
2024-01-26T12:46:16.087Z,29.1244,141.5556,45.09,5.4,mww,191,29,2.096,0.58,us,us7000lu1f,2024-04-09T19:18:53.040Z,"Izu Islands, Japan region",earthquake,6.61,3.718,0.052,35,reviewed,us,us
2024-01-26T01:57:20.474Z,-5.9203,147.1839,94.358,5.1,mb,101,37,3.462,1.21,us,us7000ltvm,2024-03-30T22:33:41.040Z,"91 km NNE of Lae, Papua New Guinea",earthquake,8.67,4.901,0.042,183,reviewed,us,us
2024-01-25T23:01:02.114Z,-1.1487,-13.9615,10,5.5,mww,89,39,6.751,0.46,us,us7000ltus,2024-03-30T22:33:39.040Z,"north of Ascension Island",earthquake,5.98,1.785,0.062,25,reviewed,us,us
2024-01-25T20:01:27.370Z,41.2627,78.8624,10,5.3,mww,150,55,0.274,0.54,us,us7000ltth,2024-03-30T22:33:35.040Z,"112 km WNW of Aykol, China",earthquake,4.83,1.804,0.089,12,reviewed,us,us
2024-01-25T18:58:12.789Z,-21.807,-68.443,121.034,5,mww,90,32,0.742,0.83,us,us7000ltt2,2024-03-30T22:33:34.040Z,"67 km SSW of Ollagüe, Chile",earthquake,3.56,5.381,0.08,15,reviewed,us,us
2024-01-25T18:25:12.409Z,-6.0135,150.8948,21.238,5,mb,81,59,2.208,0.67,us,us7000ltsx,2024-03-30T22:33:34.040Z,"98 km ESE of Kimbe, Papua New Guinea",earthquake,8.14,4.002,0.058,94,reviewed,us,us
2024-01-25T17:00:43.411Z,11.7346,43.3724,10,5.4,mww,105,58,0.554,0.44,us,us7000lts5,2024-05-22T01:13:32.805Z,"27 km SSE of Obock, Djibouti",earthquake,7.22,1.879,0.071,19,reviewed,us,us
2024-01-25T13:04:06.941Z,38.1238,38.4224,16.204,5,mww,79,29,0.751,0.69,us,us7000ltqd,2024-03-30T22:33:30.040Z,"19 km WNW of Sincik, Turkey",earthquake,4.23,3.53,0.062,25,reviewed,us,us
2024-01-25T12:24:12.531Z,-8.2065,121.1669,21.643,5.6,mww,85,54,3.41,0.99,us,us7000ltpz,2024-03-30T22:33:30.040Z,"89 km NW of Ende, Indonesia",earthquake,6.69,2.555,0.06,27,reviewed,us,us
2024-01-24T22:21:48.970Z,41.1193,78.6392,7.536,5.1,mww,232,45,0.443,0.49,us,us7000ltl0,2024-03-30T22:33:22.040Z,"127 km W of Aykol, China",earthquake,5.54,3.458,0.098,10,reviewed,us,us
2024-01-24T14:39:19.224Z,-4.0857,141.2074,67.683,5,mb,99,49,1.639,0.47,us,us7000lth2,2024-03-30T22:33:13.040Z,"155 km S of Vanimo, Papua New Guinea",earthquake,8.28,6.821,0.051,123,reviewed,us,us
2024-01-24T14:18:37.018Z,-40.2643,176.388,10,5.1,mww,43,109,0.429,0.73,us,us7000ltgv,2025-01-28T11:10:12.667Z,"25 km ESE of Dannevirke, New Zealand",earthquake,5.2,1.863,0.068,21,reviewed,us,us
2024-01-24T13:49:23.071Z,-9.0048,107.2367,22.147,5,mb,74,62,1.586,0.58,us,us7000ltgs,2024-03-30T22:33:12.040Z,"201 km S of Banjar, Indonesia",earthquake,6.34,4.677,0.071,63,reviewed,us,us
2024-01-24T10:28:58.754Z,-32.4874,-179.0024,45.386,5.1,mb,45,79,3.347,0.92,us,us7000ltg1,2024-03-30T22:33:09.040Z,"south of the Kermadec Islands",earthquake,12.15,7.304,0.089,41,reviewed,us,us
2024-01-24T08:05:10.409Z,-22.1872,-68.6463,113.11,5.3,mww,99,38,0.875,1.3,us,us7000ltf3,2024-03-30T22:33:06.040Z,"41 km NE of Calama, Chile",earthquake,5.16,4.571,0.05,38,reviewed,us,us
2024-01-24T06:27:18.261Z,-22.8787,-174.9812,10,5,mb,56,124,1.713,1.23,us,us7000ltec,2024-03-30T22:33:05.040Z,"170 km S of ‘Ohonua, Tonga",earthquake,8.63,1.812,0.06,89,reviewed,us,us
2024-01-24T01:48:31.029Z,26.1,-111.0477,10,5,mww,60,161,1.617,0.82,us,us7000ltcx,2024-04-09T19:18:53.040Z,"31 km ENE of Loreto, Mexico",earthquake,8.14,1.863,0.052,36,reviewed,us,us
2024-01-24T01:29:46.480Z,-6.2013,130.11,136.091,5.3,mww,118,36,1.68,0.62,us,us7000ltcl,2024-03-30T22:32:58.040Z,"299 km WSW of Tual, Indonesia",earthquake,9.48,4.298,0.073,18,reviewed,us,us
2024-01-23T21:33:49.499Z,42.4583,145.0728,33.702,5.1,mww,198,120,1.49,0.73,us,us7000ltaz,2024-03-30T22:32:55.040Z,"66 km SSE of Akkeshi, Japan",earthquake,5.17,4.018,0.098,10,reviewed,us,us
2024-01-23T20:38:13.026Z,41.1299,78.5932,10,5.2,mww,115,75,0.476,0.65,us,us7000ltaj,2024-03-30T22:32:54.040Z,"131 km W of Aykol, China",earthquake,6.31,1.778,0.068,21,reviewed,us,us
2024-01-23T15:26:29.426Z,-17.9343,168.1974,10.435,5.1,mb,81,59,4.434,0.72,us,us7000lu51,2024-03-30T22:34:13.040Z,"25 km SSW of Port-Vila, Vanuatu",earthquake,8.59,3.978,0.071,71,reviewed,us,us
2024-01-23T15:22:26.387Z,25.2791,141.3262,144.706,5,mww,286,23,1.967,0.7,us,us7000lt7f,2024-03-30T22:32:50.040Z,"Volcano Islands, Japan region",earthquake,5.76,4.183,0.11,8,reviewed,us,us
2024-01-23T14:33:45.022Z,-17.9827,168.0499,31,6.3,mww,248,38,4.339,0.71,us,us7000lt73,2024-06-18T21:50:31.741Z,"39 km SW of Port-Vila, Vanuatu",earthquake,7.83,1.092,0.052,36,reviewed,us,us
2024-01-23T04:02:41.437Z,-36.0606,-100.7768,10,5.4,mww,79,53,11.506,0.54,us,us7000lt48,2024-04-09T19:18:53.040Z,"southeast of Easter Island",earthquake,11.88,1.761,0.089,12,reviewed,us,us
2024-01-23T01:18:40.538Z,41.2353,78.7576,3.426,5.3,mww,100,47,0.348,0.61,us,us7000lt2y,2024-04-09T19:18:52.040Z,"119 km WNW of Aykol, China",earthquake,5.46,2.76,0.098,10,reviewed,us,us
2024-01-22T23:19:25.792Z,41.1968,78.7302,7.148,5.1,mwr,233,23,0.367,0.48,us,us7000lt29,2024-03-30T22:32:34.040Z,"121 km WNW of Aykol, China",earthquake,5.77,3.086,0.075,17,reviewed,us,us
2024-01-22T22:30:11.367Z,-30.1991,-72.1731,10,5.4,mww,136,111,0.857,0.85,us,us7000lt1x,2024-03-30T22:32:32.040Z,"84 km WSW of Coquimbo, Chile",earthquake,2.97,1.734,0.089,12,reviewed,us,us
2024-01-22T21:43:05.717Z,41.2285,78.7236,10,5.2,mb,186,60,0.373,0.42,us,us7000lt1d,2024-03-30T22:32:30.040Z,"122 km WNW of Aykol, China",earthquake,3.67,1.504,0.045,166,reviewed,us,us
2024-01-22T19:36:47.834Z,41.2085,78.6438,10,5.5,mb,133,59,0.432,0.65,us,us7000lt0j,2024-03-30T22:32:28.040Z,"128 km WNW of Aykol, China",earthquake,6.16,1.83,0.029,410,reviewed,us,us
2024-01-22T18:42:33.209Z,41.3408,78.7444,10,5.4,mb,99,75,0.382,0.63,us,us7000lt02,2024-03-30T22:32:26.040Z,"124 km WNW of Aykol, China",earthquake,4.7,1.836,0.05,137,reviewed,us,us
2024-01-22T18:32:41.383Z,41.1517,78.5204,10,5,mb,110,59,0.528,0.74,us,us7000lszy,2024-03-30T22:32:25.040Z,"137 km W of Aykol, China",earthquake,3.34,1.833,0.063,79,reviewed,us,us
2024-01-22T18:17:07.591Z,41.2209,78.5081,10,5.3,mb,63,114,0.535,0.56,us,us7000lu3e,2024-03-30T22:34:01.040Z,"131 km SSE of Kyzyl-Suu, Kyrgyzstan",earthquake,6.69,1.706,0.085,46,reviewed,us,us
2024-01-22T18:14:16.160Z,41.2703,78.6211,10,5.8,mb,142,59,0.454,0.53,us,us7000lt1i,2024-03-30T22:32:31.040Z,"129 km SSE of Kyzyl-Suu, Kyrgyzstan",earthquake,6.42,1.848,0.055,119,reviewed,us,us
2024-01-22T18:09:04.340Z,41.2555,78.6538,13,7,mww,121,29,0.428,0.64,us,us7000lsze,2025-11-29T17:59:35.418Z,"128 km WNW of Aykol, China",earthquake,4.68,1.811,0.054,33,reviewed,us,us
2024-01-22T17:27:25.350Z,3.821,63.3376,10,5.4,mww,85,66,10.231,0.53,us,us7000lsz5,2024-03-30T22:32:24.040Z,"Carlsberg Ridge",earthquake,10.04,1.855,0.063,24,reviewed,us,us
2024-01-22T14:20:31.728Z,-22.0034,-177.0023,211.776,5.3,mww,133,31,1.868,1.05,us,us6000m5ev,2024-03-30T22:32:22.040Z,"198 km WSW of Houma, Tonga",earthquake,10.7,4.327,0.068,21,reviewed,us,us
2024-01-21T17:19:48.289Z,6.7852,-73.0286,154.112,5,mww,95,29,0.889,0.8,us,us6000m59q,2024-12-01T19:39:49.237Z,"6 km WNW of Cepitá, Colombia",earthquake,7.3,5.527,0.083,14,reviewed,us,us
2024-01-21T02:36:01.362Z,-23.349,-66.6516,202.477,5.3,mww,108,33,1.46,0.99,us,us6000m56d,2024-03-29T17:37:55.040Z,"100 km W of El Aguilar, Argentina",earthquake,7.45,4.487,0.045,48,reviewed,us,us
2024-01-20T22:09:39.708Z,-39.93,46.1966,10,6.2,mww,102,18,7.701,0.62,us,us6000m53t,2024-03-29T17:37:55.040Z,"Southwest Indian Ridge",earthquake,8.37,1.776,0.075,17,reviewed,us,us
2024-01-20T21:31:05.092Z,-7.2879,-71.464,607,6.6,mww,185,36,7.065,0.69,us,us6000m52p,2025-02-10T17:01:03.186Z,"123 km NW of Tarauacá, Brazil",earthquake,9.42,1.919,0.073,18,reviewed,us,us
2024-01-20T15:48:40.121Z,18.5192,145.6341,184,6.1,mww,302,10,3.263,1.01,us,us6000m50e,2026-01-04T20:54:36.536Z,"Pagan region, Northern Mariana Islands",earthquake,6.38,1.758,0.034,82,reviewed,us,us
2024-01-20T05:20:14.543Z,-23.3851,170.7536,10,5.3,mb,38,129,4.3,0.8,us,us6000m4xl,2024-03-29T17:37:54.040Z,"southeast of the Loyalty Islands",earthquake,11.43,1.904,0.104,31,reviewed,us,us
2024-01-20T04:54:04.253Z,-59.906,-26.2848,35,5,mb,57,55,7.908,1.07,us,us6000m4xb,2024-03-29T17:37:54.040Z,"South Sandwich Islands region",earthquake,11.38,1.876,0.07,65,reviewed,us,us
2024-01-20T01:36:11.203Z,9.4409,94.0987,10,5,mb,59,69,5.049,1,us,us6000m4vw,2024-03-29T17:37:54.040Z,"287 km SSE of Port Blair, India",earthquake,4.14,1.832,0.077,56,reviewed,us,us
2024-01-19T21:34:35.071Z,64.4909,-146.9641,10.5,5.3,mww,,,,0.73,ak,ak024vrx24o,2026-01-04T20:56:36.264Z,"4 km SW of Salcha, Alaska",earthquake,,0.1,,,reviewed,ak,ak
2024-01-19T11:26:03.598Z,4.7429,-75.8481,65.067,5.6,mww,196,37,1.473,0.73,us,us6000m4n2,2026-08-28T21:29:52.065Z,"7 km E of Cartago, Colombia",earthquake,7.03,4.294,0.047,43,reviewed,us,us
2024-01-19T09:40:59.707Z,-24.7895,-67.7423,114.76,5.1,mww,116,41,1.718,1.04,us,us6000m4mv,2024-03-29T17:37:53.040Z,"144 km NNW of Antofagasta de la Sierra, Argentina",earthquake,6.83,4.257,0.05,39,reviewed,us,us
2024-01-19T04:57:13.544Z,-13.5862,166.8644,32,5.5,mww,90,26,7.351,1.13,us,us6000m4lx,2024-03-29T17:37:53.040Z,"80 km WNW of Sola, Vanuatu",earthquake,8.16,1.803,0.066,22,reviewed,us,us
2024-01-18T22:12:21.755Z,-18.9103,-175.4225,209,6.4,mww,121,22,1.372,0.7,us,us6000m4js,2024-03-29T17:37:53.040Z,"148 km NW of Fangale’ounga, Tonga",earthquake,9.77,1.878,0.038,66,reviewed,us,us
2024-01-18T16:13:35.293Z,-15.2384,-172.8992,10,5,mb,35,44,1.708,0.76,us,us6000m4fu,2024-03-29T17:37:53.040Z,"124 km NE of Hihifo, Tonga",earthquake,6.91,1.612,0.069,67,reviewed,us,us
2024-01-18T12:46:11.570Z,-55.3553,-28.506,8,5.6,mww,98,18,4.74,0.71,us,us6000m4ej,2024-03-29T17:37:53.040Z,"South Sandwich Islands region",earthquake,9.49,1.679,0.068,21,reviewed,us,us
2024-01-18T05:12:15.019Z,-59.652,-26.2875,56.894,5.3,mb,87,59,15.286,0.64,us,us6000m4d4,2024-03-29T17:37:52.040Z,"South Sandwich Islands region",earthquake,11.71,5.18,0.062,86,reviewed,us,us
2024-01-18T04:50:01.458Z,-21.6325,-176.3137,155,5.8,mww,214,36,1.132,0.61,us,us6000m4c9,2024-03-29T17:37:52.040Z,"116 km WSW of Houma, Tonga",earthquake,4.66,1.875,0.083,14,reviewed,us,us
2024-01-17T22:10:52.085Z,-22.914,-175.1371,10,5,mb,52,115,1.737,0.57,us,us6000m4aw,2024-03-29T17:37:52.040Z,"175 km S of ‘Ohonua, Tonga",earthquake,10.84,1.81,0.09,39,reviewed,us,us
2024-01-17T21:34:10.671Z,-28.9612,-93.9187,10,5,mb,97,90,13.716,0.72,us,us6000m4af,2024-03-29T17:37:52.040Z,"southeast central Pacific Ocean",earthquake,12.86,1.803,0.06,88,reviewed,us,us
2024-01-17T13:00:49.087Z,17.1875,145.9299,146.317,5,mb,59,99,1.94,0.39,us,us6000m46a,2026-01-01T20:54:41.363Z,"219 km N of Saipan, Northern Mariana Islands",earthquake,10.94,7.475,0.082,47,reviewed,us,us
2024-01-17T12:32:01.191Z,8.558,126.5225,39,5.6,mww,161,79,1.749,0.92,us,us6000m45x,2024-03-29T17:37:52.040Z,"29 km NE of Hinatuan, Philippines",earthquake,8.91,1.939,0.048,41,reviewed,us,us
2024-01-15T21:56:59.176Z,-30.682,-178.0763,32.759,5.2,mb,90,59,1.422,0.68,us,us6000m3uc,2024-03-29T17:37:51.040Z,"Kermadec Islands, New Zealand",earthquake,9.13,3.594,0.072,64,reviewed,us,us
2024-01-15T17:30:26.555Z,-53.8774,3.0625,10,5.1,mb,70,52,18.045,0.54,us,us6000m3t9,2024-03-29T17:37:51.040Z,"Bouvet Island region",earthquake,11.46,1.865,0.071,67,reviewed,us,us
2024-01-15T16:43:07.427Z,-18.7157,168.754,150.788,5.1,mww,99,51,3.98,0.72,us,us6000m3t5,2024-03-29T17:37:51.040Z,"106 km NNW of Isangel, Vanuatu",earthquake,8.51,4.479,0.073,18,reviewed,us,us
2024-01-15T14:04:35.409Z,4.3428,125.7007,88.75,5,mb,57,78,2.712,0.99,us,us6000m3sf,2024-03-29T17:37:51.040Z,"120 km SSE of Sarangani, Philippines",earthquake,8.02,5.606,0.084,45,reviewed,us,us
2024-01-15T12:52:26.490Z,54.7762,109.7358,10,5.2,mww,137,22,4.796,0.76,us,us6000m3sa,2024-03-29T17:37:51.040Z,"62 km NW of Kurumkan, Russia",earthquake,6.49,1.785,0.059,28,reviewed,us,us
2024-01-15T05:17:38.249Z,-22.8576,-68.1246,99.92,5,mww,244,71,1.344,0.58,us,us6000m3pm,2024-03-29T17:37:51.040Z,"9 km NE of San Pedro de Atacama, Chile",earthquake,6.67,6.396,0.06,27,reviewed,us,us
2024-01-15T00:50:53.163Z,-22.9137,-175.1313,10,5,mb,39,123,1.737,0.67,us,us6000m3ns,2024-03-29T17:37:51.040Z,"175 km S of ‘Ohonua, Tonga",earthquake,5.47,1.828,0.121,22,reviewed,us,us
2024-01-14T01:08:13.509Z,-21.1059,-68.4615,122.296,5.1,mww,88,40,0.96,0.95,us,us6000m3kd,2024-03-16T18:59:10.040Z,"25 km WNW of Ollagüe, Chile",earthquake,5.31,4.32,0.056,31,reviewed,us,us
2024-01-13T09:08:21.345Z,-4.5098,153.6413,49.052,5.2,mb,94,80,1.507,0.54,us,us6000m3hb,2024-03-16T19:00:34.040Z,"153 km E of Kokopo, Papua New Guinea",earthquake,8.75,6.417,0.046,155,reviewed,us,us
2024-01-12T22:32:14.165Z,-22.7238,-175.4777,10,5.4,mww,54,55,1.567,0.55,us,us6000m3e5,2024-03-16T19:00:31.040Z,"162 km SSW of ‘Ohonua, Tonga",earthquake,3.64,1.817,0.093,11,reviewed,us,us
2024-01-12T13:00:48.614Z,-16.9464,-72.6584,65.305,5.3,mww,113,99,2.624,0.95,us,us6000m39t,2024-03-16T19:00:29.040Z,"35 km SW of Quilca, Peru",earthquake,8.06,4.151,0.049,40,reviewed,us,us
2024-01-12T07:46:21.171Z,56.4383,-135.7137,11.1,5.9,mww,,,,0.93,ak,ak024jyw3sk,2025-12-27T20:54:39.081Z,"69 km WNW of Port Alexander, Alaska",earthquake,,0.8,,,reviewed,ak,ak
2024-01-12T03:51:05.886Z,34.8918,22.8905,28.748,5,mb,102,63,1.687,1.12,us,us6000m38i,2024-03-16T19:00:25.040Z,"81 km WSW of Palaióchora, Greece",earthquake,7.13,4.623,0.04,205,reviewed,us,us
2024-01-12T03:07:39.718Z,18.9592,144.8122,10,5,mb,51,105,3.821,0.64,us,us6000m38b,2024-12-13T03:17:44.715Z,"Pagan region, Northern Mariana Islands",earthquake,10.61,1.846,0.077,57,reviewed,us,us
2024-01-12T02:05:04.693Z,4.8837,126.43,44.076,5,mb,57,112,2.331,0.78,us,us6000m387,2024-03-16T19:00:23.040Z,"121 km ESE of Sarangani, Philippines",earthquake,8.08,5.817,0.081,52,reviewed,us,us
2024-01-11T09:20:26.337Z,36.4979,70.6013,204,6.4,mww,140,17,3.122,1.02,us,us6000m31m,2024-03-16T19:00:18.040Z,"45 km SSW of Jurm, Afghanistan",earthquake,6.09,1.879,0.039,62,reviewed,us,us
2024-01-11T04:54:31.447Z,-26.4576,-141.2625,10,5.2,mb,147,83,36.935,0.61,us,us6000m30y,2024-03-16T19:00:17.040Z,"South Pacific Ocean",earthquake,13.38,1.817,0.05,131,reviewed,us,us
2024-01-10T23:54:46.124Z,-5.9215,-76.7022,120.742,5,mb,167,69,2.069,0.53,us,us6000m2zs,2024-03-16T19:00:16.040Z,"32 km ENE of Moyobamba, Peru",earthquake,8.61,5.069,0.047,145,reviewed,us,us
2024-01-10T22:44:39.195Z,17.4642,147.6218,10,5,mb,100,128,2.825,0.45,us,us6000m2z8,2025-12-26T20:54:37.203Z,"Mariana Islands region",earthquake,10.89,1.878,0.063,80,reviewed,us,us
2024-01-10T02:29:02.702Z,-49.2149,-8.1614,10,5,mb,39,90,18.187,0.57,us,us6000m2vd,2024-03-16T19:00:12.040Z,"southern Mid-Atlantic Ridge",earthquake,8.05,1.806,0.108,27,reviewed,us,us
2024-01-09T16:47:25.900Z,-21.8843,-67.2296,175.245,5.4,mww,221,32,1.379,0.69,us,us6000m2sb,2024-03-16T18:59:45.040Z,"128 km SE of Ollagüe, Chile",earthquake,5.64,2.083,0.052,36,reviewed,us,us
2024-01-09T08:59:10.141Z,37.8629,137.7814,10,5.9,mww,147,24,0.416,0.88,us,us6000m2ny,2024-03-16T19:00:09.040Z,"53 km WSW of Sado, Japan",earthquake,6.73,1.692,0.047,43,reviewed,us,us
2024-01-09T07:53:21.240Z,-20.8063,-173.6067,10,5.6,mww,79,46,1.535,1.35,us,us6000m2nr,2024-03-16T19:00:08.040Z,"134 km SE of Pangai, Tonga",earthquake,7.96,1.775,0.059,28,reviewed,us,us
2024-01-09T04:45:06.777Z,0.0777,96.5636,10,5.1,mb,73,42,1.583,0.68,us,us6000m2n7,2024-03-16T19:00:08.040Z,"148 km WSW of Teluk Dalam, Indonesia",earthquake,9.06,1.77,0.06,90,reviewed,us,us
2024-01-09T02:54:57.043Z,-14.0404,167.2986,199.672,5.2,mww,116,40,7.084,0.59,us,us6000m2mr,2024-03-16T19:00:06.040Z,"32 km WSW of Sola, Vanuatu",earthquake,7.94,3.555,0.098,10,reviewed,us,us
2024-01-08T20:48:42.361Z,4.9225,126.1575,62.574,6.7,mww,138,22,2.209,0.76,us,us6000m2jp,2024-03-16T19:00:03.040Z,"93 km SE of Sarangani, Philippines",earthquake,7.15,3.404,0.06,27,reviewed,us,us
2024-01-08T09:51:30.178Z,-2.284,99.6708,17.148,5.2,mb,88,116,3.874,1.06,us,us6000m2fs,2024-03-16T19:00:00.040Z,"29 km SSE of Tuapejat, Indonesia",earthquake,8.65,3.923,0.059,95,reviewed,us,us
2024-01-08T07:39:50.400Z,20.1982,145.3365,10,5,mb,91,97,4.949,0.44,us,us6000m2fk,2024-03-16T18:59:59.040Z,"Maug Islands region, Northern Mariana Islands",earthquake,9.88,1.854,0.052,117,reviewed,us,us
2024-01-07T21:41:05.926Z,-19.936,-173.6129,10,5.1,mww,150,44,1.332,0.75,us,us6000m2di,2024-03-09T21:40:03.040Z,"77 km ESE of Fangale’ounga, Tonga",earthquake,7.46,1.756,0.098,10,reviewed,us,us
2024-01-07T20:00:07.311Z,-62.3294,165.3253,10,5.5,mww,34,120,8.533,0.5,us,us6000m2d7,2024-03-09T21:40:02.040Z,"Balleny Islands region",earthquake,11.98,1.893,0.066,22,reviewed,us,us
2024-01-07T18:06:11.273Z,-62.2113,165.5051,10,5.6,mww,31,122,8.465,0.43,us,us6000m2cv,2024-03-09T21:40:00.040Z,"Balleny Islands region",earthquake,12.45,1.905,0.078,16,reviewed,us,us
2024-01-07T08:35:32.422Z,-18.2465,-69.1267,142.52,5.3,mww,137,58,0.735,0.54,us,us6000m2bf,2024-03-09T21:39:55.040Z,"84 km WSW of Curahuara de Carangas, Bolivia",earthquake,6.45,4.434,0.05,39,reviewed,us,us
2024-01-07T06:58:16.209Z,11.9785,143.2291,10,5,mb,68,70,2.263,0.49,us,us6000m2b9,2025-12-22T20:54:41.519Z,"211 km SW of Merizo Village, Guam",earthquake,9.73,1.868,0.051,128,reviewed,us,us
2024-01-06T12:33:02.528Z,-24.4019,-116.0254,10,5.5,mwb,104,65,6.614,0.53,us,us6000m27f,2024-03-09T21:39:45.040Z,"southern East Pacific Rise",earthquake,11.85,1.802,0.103,9,reviewed,us,us
2024-01-06T11:46:31.666Z,3.1484,65.4881,10,5.6,mww,144,28,8.468,0.56,us,us6000m26y,2024-03-09T21:39:44.040Z,"Carlsberg Ridge",earthquake,8.75,1.811,0.089,12,reviewed,us,us
2024-01-05T20:26:51.093Z,37.2225,136.8266,10,5.1,mww,213,26,1.295,0.64,us,us6000m22x,2024-03-09T21:39:38.040Z,"6 km W of Anamizu, Japan",earthquake,4.89,1.663,0.063,24,reviewed,us,us
2024-01-05T03:16:52.349Z,-49.8157,115.1839,10,5.1,mww,62,64,16.683,0.67,us,us6000m1wi,2024-03-09T21:39:28.040Z,"western Indian-Antarctic Ridge",earthquake,10.41,1.535,0.098,10,reviewed,us,us
2024-01-04T04:56:37.532Z,-21.1187,-176.5067,197,5.7,mww,243,20,1.217,0.62,us,us6000m1ld,2024-03-09T21:39:13.040Z,"125 km W of Houma, Tonga",earthquake,11.39,1.893,0.048,42,reviewed,us,us
2024-01-04T00:43:16.914Z,-6.9962,129.7689,137.491,5,mww,142,64,2.461,0.45,us,us6000m1kk,2024-03-09T21:39:10.040Z,"Banda Sea",earthquake,8.79,4.684,0.069,20,reviewed,us,us
2024-01-03T21:12:54.145Z,19.9265,145.3765,10,5,mww,160,36,4.676,0.52,us,us6000m1j9,2024-03-09T21:39:09.040Z,"Maug Islands region, Northern Mariana Islands",earthquake,9.12,1.82,0.075,17,reviewed,us,us
2024-01-03T18:07:13.613Z,-52.3954,27.9066,10,5.1,mww,84,22,20.657,0.71,us,us6000m1hf,2024-03-09T21:39:05.040Z,"south of Africa",earthquake,10.35,1.747,0.098,10,reviewed,us,us
2024-01-03T08:04:04.468Z,-28.4508,-68.8167,117,5.5,mww,124,29,1.743,1.19,us,us6000m1cg,2024-03-09T21:38:58.040Z,"68 km WNW of Vinchina, Argentina",earthquake,5.97,1.854,0.043,52,reviewed,us,us
2024-01-03T01:54:34.243Z,37.3466,136.9204,10,5.3,mww,128,29,1.266,0.56,us,us6000m1bj,2024-03-09T21:38:53.040Z,"12 km N of Anamizu, Japan",earthquake,5.32,1.695,0.06,27,reviewed,us,us
2024-01-03T01:43:15.915Z,-5.5053,145.9632,61.922,5.2,mww,103,26,4.052,0.7,us,us6000m1bg,2024-03-09T21:38:53.040Z,"36 km SSE of Madang, Papua New Guinea",earthquake,8.01,2.556,0.086,13,reviewed,us,us
2024-01-03T01:11:31.461Z,8.3515,126.5376,76.597,5,mww,110,67,1.589,0.53,us,us6000m1b7,2024-03-09T21:38:52.040Z,"22 km E of Hinatuan, Philippines",earthquake,8.5,4.478,0.089,12,reviewed,us,us
2024-01-02T22:57:00.970Z,-23.3669,-66.6178,188.635,5,mww,142,43,1.495,0.94,us,us6000m1ae,2024-03-09T21:38:51.040Z,"97 km W of El Aguilar, Argentina",earthquake,7.71,4.372,0.063,24,reviewed,us,us
2024-01-02T19:59:31.888Z,17.1111,120.1731,47.706,5,mb,161,35,5.741,0.71,us,us6000m18z,2024-03-09T21:38:49.040Z,"27 km WSW of Calongbuyan, Philippines",earthquake,9.43,5.207,0.051,124,reviewed,us,us
2024-01-02T01:17:31.568Z,37.247,136.7689,6,5.4,mww,619,26,1.347,0.48,us,us6000m12f,2024-03-09T21:38:36.040Z,"11 km W of Anamizu, Japan",earthquake,4.11,1.701,0.053,34,reviewed,us,us
2024-01-01T09:45:26.217Z,37.8107,137.5664,10,5.1,mb,65,90,0.592,1.19,us,us6000m0yg,2024-03-09T21:38:23.040Z,"73 km WSW of Sado, Japan",earthquake,5.23,1.835,0.085,45,reviewed,us,us
2024-01-01T09:39:59.811Z,37.1479,136.6562,10,5,mb,100,60,1.379,0.71,us,us6000m0yf,2024-03-09T21:38:23.040Z,"23 km WSW of Anamizu, Japan",earthquake,2.99,1.788,0.029,394,reviewed,us,us
2024-01-01T09:30:21.401Z,37.4998,137.3585,10,5.2,mb,123,86,0.893,0.69,us,us6000m0ye,2024-03-09T21:38:23.040Z,"50 km NE of Anamizu, Japan",earthquake,4.38,1.811,0.025,539,reviewed,us,us
2024-01-01T09:08:17.603Z,37.5146,137.4029,10,5.6,mb,146,50,0.856,0.71,us,us6000m0ya,2024-03-09T21:38:22.040Z,"54 km NE of Anamizu, Japan",earthquake,4.11,1.793,0.021,781,reviewed,us,us
2024-01-01T09:03:48.859Z,37.5339,137.4185,10,5.5,mb,130,43,0.835,0.73,us,us6000m0y9,2024-03-09T21:38:22.040Z,"56 km NE of Anamizu, Japan",earthquake,5.08,1.722,0.023,662,reviewed,us,us
2024-01-01T08:07:10.627Z,37.1718,136.6149,10,5.1,mb,133,59,1.419,0.51,us,us6000m0xw,2024-03-09T21:38:19.040Z,"26 km WSW of Anamizu, Japan",earthquake,5.42,1.793,0.035,261,reviewed,us,us
2024-01-01T08:02:44.840Z,37.5444,137.401,10,5,mb,104,92,0.84,0.49,us,us6000m0xu,2024-03-09T21:38:18.040Z,"56 km NE of Anamizu, Japan",earthquake,5.42,1.817,0.046,151,reviewed,us,us
2024-01-01T07:56:47.661Z,37.2997,136.8875,10,5.6,mww,148,67,1.296,0.52,us,us6000m0xt,2024-03-09T21:38:18.040Z,"7 km N of Anamizu, Japan",earthquake,6.64,1.795,0.098,10,reviewed,us,us
2024-01-01T07:52:43.251Z,-0.1092,123.6177,81.212,5.3,mb,52,42,1.254,0.78,us,us6000m0xq,2024-03-09T21:38:18.040Z,"94 km SE of Gorontalo, Indonesia",earthquake,6.07,6.013,0.07,69,reviewed,us,us
2024-01-01T07:39:49.268Z,37.4861,137.4519,10,5.2,mb,151,92,0.844,0.48,us,us6000m0xn,2024-03-09T21:38:17.040Z,"56 km ENE of Anamizu, Japan",earthquake,5.87,1.821,0.038,230,reviewed,us,us
2024-01-01T07:18:41.584Z,37.1895,136.8272,10,6.2,mb,185,32,1.278,0.4,us,us6000m0xm,2025-01-04T22:53:01.431Z,"8 km SW of Anamizu, Japan",earthquake,1.95,1.794,0.024,672,reviewed,us,us
2024-01-01T07:10:09.476Z,37.4874,137.271,10,7.5,mww,282,36,0.957,0.55,us,us6000m0xl,2026-07-29T08:13:38.562Z,"2024 Noto Peninsula, Japan Earthquake",earthquake,4.03,1.807,0.034,82,reviewed,us,us
2024-01-01T07:06:05.477Z,37.4933,137.2491,10,5.8,mb,279,53,0.968,0.47,us,us6000m0xj,2024-03-09T21:38:16.040Z,"42 km NE of Anamizu, Japan",earthquake,2.05,1.792,0.021,784,reviewed,us,us
